a/az,the,Az öreg bányában bújtunk el.,We hid in the old mine.
lenni; van,be,"Úgy van, ahogy lennie kell.",This is as it should be.
és,and,Kék és arany színű a zászlójuk.,Their flag is blue and gold.
-nak/-nek; valaminek a…,of,Nem vagyok valami nagy szakács.,I'm not much of a cook.
-hoz/-hez/-höz; -ni,to,Nincs hova mennem.,I have no place to go.
egy; egy bizonyos,a,Várnál egy pillanatot?,Can you wait up a sec?
-ban/-ben; bent,in,Mit látsz benne?,What do you see in him?
van neki; birtokol,have,Sok vizünk van.,We have a lot of water.
ez/az; ő,it,Ez hosszú idő is lehet.,It may be a long time.
te; ön; ti,you,Önök vettek új autót?,Did you buy a new car?
ő (férfi),he,Ő a fiútestvérem.,He is my brother.
-ért; számára,for,Itt van egy levél az ön számára.,Here is a letter for you.
ők,they,Talán ők nem is tudnak róla.,They may not know about it.
nem,not,Nem vagyok egy korán kelő.,I am not a morning person.
az; hogy,that,Kölcsön tudom adni neked azt a könyvet.,I can lend you that book.
mi,we,Mi mind szeretnénk ha szeretnének.,We all want to be liked.
-on/-en/-ön; rajta,on,Hol vagyok én ezen a térképen?,Where am I on this map?
-val/-vel; vele,with,Nem jövök vele ki jól.,I can't get along with him.
ez,this,Találtam ezt a parkban.,I found this in the park.
én,I,Nem volt időm enni.,I had no time to eat.
csinál; tesz,do,"Taníts meg, hogyan kell csinálni!",Teach me how to do it.
mint; ahogy,as,Mint barátot kérdezlek.,I'm asking you as a friend.
-nál/-nél; -kor,at,A bolt reggel 9-kor nyit.,The store opens at 9 a.m.
ő (nő),she,Ő a lánytestvérem.,She is my sister.
de; azonban,but,"Mindenhol kutattunk, de nem találtunk semmit.",We searched everywhere but found nothing.
-ból/-ből; -tól/-től,from,Olyan sokat tanulok tőled.,I'm learning so much from you.
által; mellett,by,Ülj le az apád mellé.,Go and sit by your father.
fog (jövő idő),will,Meg fogja nyerni az első díjat.,He will win the first prize.
vagy,or,Együtt vagy külön fizettek?,Are you paying together or separately?
mond,say,"Félre ne értsd, amit mondok!",Do not misconstrue what I say.
megy,go,Megyek dolgozni.,I'm going to go to work.
így; annyira,so,Az orvos talán így mondta.,The doctor may have said so.
minden; összes,all,Mindenféle zenét szeretek.,I like all kinds of music.
ha,if,"Ha elmész, megölöm magam!","If you leave, I'll kill myself."
egy,one,Ki fogok választani egyet közülük.,I will choose one of them.
-na/-ne; volna,would,Mit csinálnánk nélküled?,What would we do without you?
-ról/-ről; körülbelül,about,Mit tudsz róluk?,What do you know about them?
tud; -hat/-het,can,"Azt hiszem, be tudom bizonyítani.",I think I can prove it.
melyik; amelyik,which,Mely fémek vezetik legjobban az áramot?,Which metals conduct electricity the best?
ott; van,there,Nem voltam ott akkor.,I wasn't there at that time.
tud; ismer,know,"Tudni akarom, ki vesztett.",I want to know who lost.
több; jobban,more,"Többet tudsz, mint gondolod.",You know more than you think.
kap; szerez; válik,get,Kitől kaptad?,Who did you get it from?
ki; aki,who,"Tudod, hogy ki mondta azt?",Do you know who said that?
szeret,like,Nem szeretek egyedül lenni.,I don't like to be alone.
mikor; amikor,when,"Szólj, amikor kész vagy!",Let me know when you're ready.
gondol,think,"Úgy gondolom, hogy ez a legjobb módja.",I think it's the best way.
készít,make,A ruhák készítéséhez szövetet használunk.,We use cloth to make clothes.
idő; alkalom,time,Az iskola csak időpocsékolás.,School is a waste of time.
lát,see,"Örülök, hogy látom, hogy jól vagy.",I'm glad to see you're OK.
mi; mit; milyen,what,Mit akarsz venni?,What do you want to buy?
fel; fent,up,Nem szabad feladnod a reményt.,You must not give up hope.
néhány; valamennyi,some,Szeretnél ingyen néhány tanácsot?,Do you want some free advice?
más; másik,other,Szed bármilyen más gyógyszert?,Are you taking any other medications?
ki; kint,out,A hátsó ajtón menjünk ki.,Let's go out the back door.
jó,good,Ez nem lesz jó.,This isn't going to be good.
emberek,people,"Sok olyan ember van, aki csak egy nyelven tud.",Many people only speak one language.
év,year,Az alkoholfogyasztás évről évre növekszik.,Alcohol consumption is increasing every year.
vesz; visz; fog,take,Vidd magaddal ezt a könyvet!,Take this book with you.
nem; nincs,no,Nincs véleményem erről.,I have no opinion on that.
jól; egészséges,well,Eddig minden jól ment.,"So far, everything's been going well."
mert,because,"Vizet iszom, mert szomjas vagyok.",I drink water because I am thirsty.
nagyon,very,Nagyon jól játszik zongorán.,He plays the piano very well.
csak,just,"Mondd csak meg nekem, hogy hol is jártál!",Just tell me where you were.
jön,come,Vissza tudsz jönni a jövő héten?,Can you come back next week?
tudna; -hatna/-hetne,could,"Meg tudná mondani, hogy miért?",Could you please tell me why?
dolgozik,work,Nem dolgozom délelőtt.,I don't work in the morning.
használ; használat,use,A katonákat kiképzik a fegyverek használatára.,Soldiers are trained to use weapons.
mint,than,"Inkább éhezem, mint lopok.",I would rather starve than steal.
most,now,"Nos, most mit tegyünk?","Well, what should we do now?"
akkor; azután,then,"Senki sem tudja, mi történt akkor.",No one knows what happened then.
is; szintén,also,Angolul is beszél.,She also speaks English.
-ba/-be,into,A hackerek engedély nélkül törnek be a számítógépekbe.,Hackers break into computers without permission.
csak; egyetlen,only,Csak online lehet jegyet venni.,You can only buy tickets online.
kettő,two,Kettőt vegyen be ebből a piros tablettából!,Take two of these red pills.
néz,look,Az ikerfiúk pontosan egyformán néznek ki.,The twin brothers look exactly alike.
akar,want,"Azt akarom, hogy boldog légy.",I want you to be happy.
ad,give,Adsz majd egy kis időt?,Will you give me some time?
első; először,first,Én voltam édesanyád első barátja.,I was your mother's first boyfriend.
új,new,Megmutatta nekem az új autóját.,He showed me his new car.
mód; út,way,A mentők úton vannak.,The paramedics are on the way.
talál,find,Az idegen nyelveket nagyon érdekesnek találom.,I find foreign languages very interesting.
fölött; át,over,A hullámok átcsapnak a sétányon.,Waves are crashing over the promenade.
bármely; valamennyi,any,Bármelyiket választhatod.,You may choose any of them.
után; miután,after,A villámlás után jött a mennydörgés.,"After the lightning, came the thunder."
nap,day,Napról napra hűvösebb.,It's getting cooler day by day.
hol; ahol,where,Hol vehetem át a poggyászomat?,Where can I get my baggage?
dolog,thing,Sajnos az egész dolog kútba esett.,"Unfortunately, the whole thing fell apart."
legtöbb; leginkább,most,A legtöbb csápos állat gerinctelen.,Most animals with tentacles are invertebrates.
kellene,should,Tényleg tudnom kellene a választ.,I really should know the answer.
szükség; szüksége van,need,Levegőváltozásra van szükséged.,You need a change of air.
sok; nagyon,much,Nagyon élveztük a főzést.,We had so much fun cooking.
jobb; helyes; jog,right,Helyesen ejtettem ki az ön nevét?,Did I pronounce your name right?
hogyan; mennyire,how,Mennyi időnk van?,How much time do we have?
vissza; hát,back,"Várj itt, amíg visszajövök!",Wait here until I come back.
jelent; gondol,mean,"Most már értem, mire gondolsz.",I understand what you mean now.
még; páros; egyenletes,even,A vihar még hevesebbé vált.,The storm became even more violent.
lehet; -hat/-het,may,"Lehet, hogy délután havazni fog.",It may snow in the afternoon.
itt,here,"Azt mondták, hogy itt várjunk.",They told us to wait here.
sok,many,Túl sokan vannak itt.,There are too many people here.
ilyen,such,Ne tegyél fel nekem ilyen nehéz kérdéseket.,Don't ask me such difficult questions.
utolsó; tart,last,Adok neked egy utolsó esélyt.,I'm giving you one last chance.
gyerek,child,Minden gyereknek ad két almát.,She's giving each child two apples.
elmond,tell,Nem szabad elmondanom neked.,I'm not supposed to tell you.
három,three,"Három évvel fiatalabb vagyok, mint te.",I'm three years younger than you.
igazán; nagyon,really,Ma nagyon érdes a bőröm.,My skin feels really rough today.
hív,call,"Azonnal hívj, ha valami történik!",Call me immediately if anything happens.
előtt; mielőtt,before,"Gondolkoznod kellene mindig, mielőtt megszólalsz.",You should always think before speaking.
cég; vállalat; társaság,company,Tárgyalásokat folytattunk a társasággal.,We continued negotiations with the company.
keresztül; át,through,A tolvaj az ablakon át menekült el.,The thief escaped through the window.
le; lent,down,A társaság legyalogolt a hegyről.,The party walked down the mountain.
mutat,show,Gyere ide! Mutatok neked valamit.,Come here. I'll show you something.
élet,life,Az igazi tanítómester az élet.,The greatest teacher is life itself.
férfi,man,A férfi megijesztette a kisgyerekeket.,The man terrified the little children.
változás; változik; cserél,change,A panaszkodástól még nem változik meg semmi.,Complaining isn't going to change anything.
hely,place,Ez a hely mindenki számára nyitva áll.,This place is open to everybody.
hosszú; sokáig,long,Ezt nem kell sokáig főzni.,This won't take long to cook.
között,between,Mi a különbség e kettő között?,What's the difference between these two?
érez,feel,Már kezdem jobban érezni magamat.,I'm starting to feel better already.
túl; is,too,Ne engem kövess. Én is eltévedtem.,"Don't follow me. I'm lost, too."
továbbra is,still,A gyerekeink még iskolába járnak.,Our children still go to school.
probléma,problem,Koncentráld a figyelmed erre a problémára!,Concentrate your attention on this problem.
ír,write,"Kérlek, írd ide a címedet!",Please write your address here.
ugyanaz,same,Tegnap is ugyanabban az ingben voltál.,You wore that same shirt yesterday.
sok; telek,lot,Sok ember él itt.,A lot of people live here.
nagyszerű,great,A nagyszerű vezetők nagyságra inspirálnak másokat.,Great leaders inspire greatness in others.
próbál,try,Próbáljuk meg egymást megérteni.,Let's try to understand one another.
indul,leave,Holnap hánykor indulsz?,What time do you leave tomorrow?
szám,number,Mi a telefonszámod?,What is your phone number?
mindkettő,both,"Úgy vélem, mindketten egész jól néztek ki.",I think you're both pretty good-looking.
saját,own,"Kérem, hozzanak saját evőeszközt.",Please bring your own eating utensils.
rész,part,A felső rész az óramutató járásával megegyező irányban forog.,The top part is turning clockwise.
pont; mutat,point,Az iránytűk észak felé mutatnak.,Compass needles point to the north.
kicsi,little,Beszélj egy kicsit halkabban!,Speak a little bit more quietly.
segítség,help,Segítséget hívok.,I'm going to call for help.
kérdez,ask,Ne feledd el föltenni a kapcsolódó kérdéseket.,Don't forget to ask follow-up questions.
találkozik,meet,Mindenképpen találkoznunk kellene a közeljövőben.,We should definitely meet again soon.
kezd; kezdet,start,Most kellene kezdenünk.,We should start now.
beszél,talk,Beszélgessünk komolyan a jövődről.,Let's talk seriously about your future.
valami,something,"Csinálj nekem enni valamit, kérlek.",Please make me something to eat.
tesz,put,Én tejszínt teszek a kávémba.,I put cream in my coffee.
egy másik; még egy,another,Szeretnénk még egy palack bort.,We'd like another bottle of wine.
lesz,become,"Eltökélt szándékom, hogy ügyvéd leszek.",I intend to become a lawyer.
érdeklődés,interest,Elvesztettem az érdeklődésemet a munkám iránt.,I lost interest in my work.
ország,country,Mesélj valamit az országodról.,Tell me something about your country.
régi,old,A rengés számtalan régi épületet megrongált.,The quake damaged many old buildings.
mindegyik; minden egyes,each,Minden résztvevő pólót kap.,Each participant will receive a T-shirt.
iskola,school,Ez a kerékpár az iskolánk tulajdona.,That bicycle belongs to our school.
késő,late,"Senki nem volt, aki későn érkezett volna.",Not a single person arrived late.
magas,high,Tegnap magas lázam volt.,Yesterday I had a high fever.
különböző,different,Az ő életstílusuk különbözik a miénkétől.,Their lifestyle is different from ours.
el-,off,Belépés előtt vedd le a cipődet!,Take off your shoes before entering.
a következő,next,A következő kereszteződésnél fordulj jobbra!,Turn right at the next intersection.
vég; véget ér,end,Mikor ért véget a buli?,What time did the party end?
él,live,A szüleim vidéken élnek.,My parents live in the country.
miért,why,Ezt miért is csinálod?,So why are you doing this?
miközben; amíg,while,"Igyad a kávéd, amíg ki nem hűl!",Drink your coffee while it's hot.
világ,world,Nem körülöttetek forog a világ.,The world doesn't revolve around you.
hét,week,Találkozzunk valamikor a jövő héten!,Let's get together sometime next week.
játszik; színdarab,play,A gyerekek kint játszanak.,The children play outside.
talán; lehet,might,"Lehet, hogy nem kapsz egy újabb lehetőséget.",You might not get another chance.
kell,must,Fejlesztenünk kell a megújuló energiaforrásokat.,We must develop renewable energy sources.
otthon,home,Unalmas otthon maradni.,It's boring to stay at home.
soha,never,Sohasem gondoltam volna.,I would never have guessed that.
tartalmaz,include,Az ár tartalmazza a reggelit?,Does the price include breakfast?
tanfolyam; irány,course,Nem rossz irányba megyünk?,"We're a bit off course, aren't we?"
ház,house,A rendőrség alaposan átkutatta a házat.,The police thoroughly searched the house.
jelentés,report,Benyújtottad a jelentésedet?,Have you turned in your report?
csoport; zenekar,group,Melyik a kedvenc zenekarod?,What's your favorite music group?
eset; ügy; láda,case,"Menjél, és vegyél egy láda sört.",Go buy a case of beer.
nő,woman,"Ki az a nő, aki ott áll?",Who's that woman standing over there?
körül; körülbelül,around,Az asztal körül ültünk.,We sat around the table.
könyv,book,Olvasták már ezt a könyvet?,Have you read this book already?
család,family,A család a szabadban reggelizik.,The family is eating breakfast outdoors.
látszik,seem,"Úgy látszik, téged ez nem zavar.",You don't seem bothered by that.
hagy,let,"Ne hagyd, hogy zaklassanak!",Don't let them push you around.
újra,again,Ezt a könyvet érdemes újra elolvasni.,This book is worth reading again.
fajta,kind,Milyen fajta szendvics ez?,What kind of sandwich is it?
tart,keep,Tarts egy szótárt elérhető közelségben!,Keep a dictionary within easy reach.
hall,hear,Hallottál a tegnapi tűzesetről?,Did you hear about yesterday's fire?
rendszer,system,Átalakul az oktatási rendszer.,The educational system is in transition.
minden,every,Ezt a konferenciát megtartják minden évben.,This conference takes place every year.
kérdés,question,Nehéz ezt a kérdést megválaszolni.,It's difficult to answer this question.
alatt,during,Sok paraszt meghalt az aszály alatt.,Many peasants died during the drought.
mindig,always,Miért mondasz te nekem mindig ellent?,Why do you always contradict me?
nagy,big,A koncert nagy csalódás volt.,The concert was a big disappointment.
tesz,set,Az igazság szabaddá tesz.,The truth will set you free.
kicsi,small,Csak egy kicsi kertünk van.,We have only a small garden.
tanul; tanulmány,study,Miért tanulnak az emberek idegen nyelveket?,Why do people study foreign languages?
követ,follow,A tanárod tanácsát kellene követned.,You should follow your teacher's advice.
kezd,begin,A mondatok nagybetűvel kezdődnek.,Sentences begin with a capital letter.
fontos,important,"Nincs fontosabb, mint a barátság.",There's nothing more important than friendship.
azóta,since,Azóta elmúlt három év.,Three years have passed since then.
fut,run,Nem minden ló tud gyorsan futni.,Not every horse can run fast.
alatt,under,Folyó fut a híd alatt.,The river flows under the bridge.
fordít,turn,Fordítsd el a kulcsot jobbra.,Turn the key to the right.
kevés; néhány,few,Néhány tűzoltó kisebb sérüléseket szenvedett.,A few firefighters suffered minor injuries.
hoz,bring,"Hozz nekem egy pohár vizet, kérlek!","Bring me a glass of water, please."
korán,early,"Korán kelő vagy, nem?","You're an early riser, aren't you?"
kéz,hand,Azt kézzel kötötte a nagymamám.,My grandmother knit that by hand.
állam,state,Az Egyesült Államokban minden tagállamnak más és más törvényei vannak.,Laws differ from state to state in the United States.
mozgat,move,Tudod mozgatni a lábadat?,Can you move your legs?
pénz,money,A pénz a rendelkezésedre áll.,The money is at your disposal.
tény,fact,"Ez feltételezés, nem tény.","That's a supposition, not a fact."
azonban; viszont,however,"Én is tévedhettem, akárhogy is van.","However, I could be mistaken."
terület,area,A víz ritkaság ezen a területen.,Water is scarce in this area.
biztosít; nyújt,provide,Tudsz nekünk referenciákat adni?,Can you provide us with references?
név,name,"Elnézést, de már nem emlékszem a nevedre.","Sorry, I've already forgotten your name."
olvas; kiigazodik,read,Nehéz rajtad kiigazodni.,You're a hard man to read.
barát; ismerős,friend,Egy közös barátunkon keresztül ismertük meg egymást.,We met through a mutual friend.
hónap,month,Általában január a leghidegebb hónap.,January is usually the coldest month.
nagy,large,Afrika egy nagyon nagy kontinens.,Africa is a very large continent.
üzlet,business,Évek óta üzletelünk.,We've been doing business for years.
nélkül,without,Nem látok a szemüvegem nélkül.,I can't see without my glasses.
információ,information,Az egy érdekes információ.,That's an interesting piece of information.
nyitott,open,Ne aludj nyitott ablak mellett.,Don't sleep with the windows open.
rend,order,Rendeljünk még egy korsó sört.,Let's order another pitcher of beer.
kormány,government,A kormány az oktatás megreformálásába kezdett.,The government has been reforming education.
szó,word,Ezt a szót nehéz kiejteni.,This word is difficult to pronounce.
kérdés; ügy; szám,issue,Az e havi szám valószínűleg egy héttel később fog megjelenni.,Publication of this month's issue will probably be delayed one week.
piac,market,"A bárányokat levágták, hogy vigyék a piacra.",The lambs were slaughtered for market.
fizet,pay,Ez a munka nem fizet elég jól.,This job doesn't pay very much.
épít,build,"Eldöntötték, hogy hidat építenek.",They decided to build a bridge.
négy,four,Az anyja négy évvel később meghalt.,His mother died four years later.
tart,hold,"Kérem, tartsa a vonalat egy másodpercig!",Please hold the line a moment.
szolgálat,service,Miben lehetek a szolgálatára?,How may I be of service?
ellen,against,Minden bizonyíték ellenem szólt.,All the evidence was against me.
hisz,believe,"Még mindig nem hiszem el, hogy házas vagy.",I still can't believe you're married.
második,second,A második lecke nagyon könnyű.,The second lesson is very easy.
bár; azonban,though,"Bár bocsánatot kért, én még mindig dühös vagyok.","Even though he apologized, I'm still furious."
igen,yes,"Úgy tűnik, a válasz igen.",The answer seems to be yes.
szeretet; szeret,love,"Szeretem a régi, háború előtti gengszterfilmeket.",I love old prewar gangster movies.
növekedés; nő,increase,Az import gyors növekedése meglepett minket.,The rapid increase of imports surprised us.
munka; állás; feladat,job,El kell végeznünk a feladatunkat.,We've got a job to do.
terv,plan,A hülye terved valójában működik.,Your stupid plan is actually working.
eredmény,result,Te vagy a felelős az eredményért.,You are responsible for the result.
el; távol,away,"Amint észrevett egy rendőrt, elszaladt.","Seeing a policeman, he ran away."
példa,example,Ez majd jó példát mutat.,This will set a good example.
történik,happen,"Fennáll a lehetősége, hogy ez fog történni.",There's a possibility that that'll happen.
ajánlat,offer,Gondolkoztál az ajánlatomon?,Did you think about my offer?
fiatal,young,Fiatal szülők gyakran túlságosan is a gyerekeik kedvében járnak.,Young parents often indulge their children.
becsuk,close,Lennél szíves becsukni az ablakokat?,Would you please close the windows?
program; programoz,program,Ez a program könnyen használható.,This program is easy to use.
vezet,lead,Megkérdőjelezik a vezetői képességeidet.,They question your ability to lead.
vesz,buy,"Azt tervezem, hogy veszek itt földet.",I plan to buy land here.
ért,understand,"Ne kritizáld, amit nem értesz.",Don't criticize what you can't understand.
köszön,thank,"Köszönöm, hogy részletesen elmagyaráztad.",Thank you for your thorough explanation.
messze,far,A kiejtése messze van a tökéletestől.,His pronunciation is far from perfect.
ma,today,Ma kaptam meg a jogosítványomat.,I got my driver's license today.
óra,hour,Egy órán belül megérkezünk.,We'll arrive there within an hour.
tanuló,student,Bármelyik tanuló választ tud adni erre a kérdésre.,Any student can answer that question.
arc,face,Ezt az arcot régebben már láttam valahol.,I've seen that face somewhere before.
remény,hope,Reményeink szerint ez fog történni.,That's what we hope will happen.
gondolat,idea,"Úgy gondolom, hogy ez egy csodás ötlet.",I think it's a wonderful idea.
kerül,cost,Kevesebb mint tizenöt dollárba került.,It cost less than fifteen dollars.
kevesebb,less,Tényleg kevesebb kávét kellene innod.,You should really drink less coffee.
szoba,room,Minden szobához saját fürdőszoba tartozik.,Each room has its own bathroom.
amíg…nem,until,"Addig kéne folytatnod, míg elégedett nem leszel.",You should continue until you're satisfied.
indok,reason,Ez nem elég jó indok rá.,That isn't a good enough reason.
forma,form,Az úszás a testmozgás egyik formája.,Swimming is a form of exercise.
költ,spend,Mennyi pénzt költöttél?,How much money did you spend?
fej,head,"Azt hittem, felrobban a fejem.",I thought my head would explode.
autó,car,Hol bérelhetek egy autót?,Where can I rent a car?
megtanul,learn,A franciát nagyon nehéz megtanulni.,French is very difficult to learn.
szint,level,Emelkedik a tenger szintje.,The sea level is rising.
ember,person,Csak egy ember élte túl a balesetet.,Only one person survived the accident.
tapasztalat,experience,Személyes tapasztalatból beszélsz?,Are you speaking from personal experience?
egyszer,once,"Ez olyan dolog, amit egyszer mondott nekem valaki.",It's something someone told me once.
tag,member,Tagja vagyok az úszóklubnak.,I'm a member of the swimming club.
elég,enough,Nem okoztál már elég gondot?,Haven't you caused enough trouble already?
rossz,bad,A rossz idő visszatartotta őket a vitorlázástól.,Bad weather prevented them from sailing.
város,city,A városi tisztviselők gyakran enyves kezűek.,City officials often have sticky fingers.
éjszaka,night,"Mondja el, mi történt azon az éjszakán!",Tell me what happened that night.
képes; tud,able,Tudsz majd jönni?,Will you be able to come?
támogat; alátámaszt,support,Az állítást nem támasztja alá a bizonyíték.,The evidence doesn't support the claim.
akár,whether,"Menniük kell, akár férfiak, akár nők.","They should go, regardless of whether they're men or women."
sor,line,Nem szeretek sorban állni.,I don't like waiting in line.
ajándék; jelen,present,Papírba csomagolta az ajándékot.,She wrapped the present in paper.
oldal,side,Ne rágjon a jobb oldalon!,Don't bite on the right side.
teljesen,quite,"Biztosíthatlak, hogy ez teljesen szükségtelen.",I assure you it's quite unnecessary.
öt,five,Öt éve meghalt a nagyapám.,My grandfather died five years ago.
bár; habár,although,"Habár esett, kimentem.","Although it was raining, I went out."
biztos,sure,"Biztos vagy benne, hogy nem követett senki?",Are you sure you weren't followed?
időszak; félév; kifejezés,term,Ezen időszak alatt két vizsgánk van.,We have two examinations during this term.
legkisebb,least,Ez most a legkisebb baj.,That's the least of it.
kor,age,Hasonló korúak nagyjából.,They are about the same age.
alacsony,low,Az alacsonyan szálló darvak meleg időjárást jeleznek.,Cranes flying low indicate warm weather.
beszél,speak,Ő három idegen nyelven beszél.,She can speak three foreign languages.
belül; valamin belül,within,"Kérlek, válaszolj három napon belül!",Please reply within three days.
folyamat,process,Ez egy éppen zajló folyamat.,It's an ongoing process.
nyilvánosság,public,"A legtöbb ember számára nagyon zavaró, ha nyilvánosság előtt kell megszólalnia.",Most people find public speaking stressful.
gyakran,often,A serdülők gyakran veszekednek a szüleikkel.,Adolescents often quarrel with their parents.
vonat,train,A vonat az 5-ös vágányra érkezik.,The train arrives at platform number 5.
lehetséges,possible,A szakértők három lehetséges magyarázatot soroltak fel.,Experts have offered three possible explanations.
igazából,actually,Igazából még nem csináltam semmi illegálisat.,I haven't actually done anything illegal.
elég,rather,Elég lapos volt a film.,The movie was rather boring.
kilátás; nézet,view,Egy fehér hajó úszott be a látómezőnkbe.,A white ship came into view.
együtt,together,Ezeket a napirendi pontokat együtt vitatták meg.,Those agenda items were discussed together.
megfontol; tekint,consider,Fontolja meg egy idősebb háziállat örökbefogadását!,Consider adopting an older pet.
ár,price,Az arany ára naponta ingadozik.,The price of gold fluctuates daily.
szülő,parent,"Szülőnek lenni nehezebb, mint amire számítottam.",Being a parent is harder than I expected.
millió,million,Tizenkét millió ember van munka nélkül.,Twelve million people are unemployed.
kemény,hard,"Habár keményen próbálkozott, semmi sem változott.","Though he tried hard, nothing changed."
buli,party,Nem igazán élveztem a bulit.,I didn't really enjoy the party.
helyi,local,Beadok önnek egy helyi érzéstelenítőt.,I'll give you a local anesthetic.
irányít,control,Átvettem a helyzet irányítását.,I took control of the situation.
már,already,Már kétszer átütemeztem a találkozót.,I've already rescheduled my appointment twice.
aggodalom; érint,concern,Megértem aggodalmadat.,I understand your concern.
termék,product,Ez a termék már nem kapható.,They no longer sell the product.
elveszít,lose,Kezdem elveszíteni a türelmemet.,I'm starting to lose my patience.
történet,story,"Ez egy olyan történet, amit mindenki ismer.",It's a story everybody's familiar with.
majdnem,almost,Ez a gyár majdnem teljesen automatizált.,This factory is almost fully automated.
folytat,continue,Folytassuk holnap az órát!,Let's continue the lesson tomorrow.
áll; feláll,stand,"Felállna, kérem?","Can you stand up, please?"
egész,whole,Megettem az egész pizzát.,I ate the whole pizza.
még,yet,A gyerekek még nem tanulták az osztást.,The children haven't studied division yet.
arány; díjszabás; ütem,rate,Mennyi az órabéred?,What's your hourly rate?
törődik,care,"Tudod, hogy törődünk veled.",You know we care about you.
számít,expect,Nem számítok semmilyen különleges bánásmódra.,I don't expect any special treatment.
hatás,effect,A gyógyszernek azonnali hatása volt.,The medicine had an immediate effect.
fajta,sort,Milyen fajta könyv ez?,What sort of book is it?
valaha,ever,Búvárkodtál már valaha?,Have you ever tried scuba diving?
akármi,anything,Az ember akármihez hozzá tud szokni.,One can get used to anything.
ok,cause,Milyen gyógyszerek okoznak csalánkiütéseket?,What kind of medications cause hives?
esik,fall,Az alma nem esik messze a fájától.,The apple doesn't fall far from the tree.
foglalkozik,deal,Foglalkoznunk kell ezzel a problémával.,We must deal with this problem.
víz,water,Minden nap vizet iszom.,I drink water every day.
küld,send,Erre a címre küldje el a csomagot!,Send the package to this address.
enged,allow,"Nem fogom engedni, hogy ez történjen.",I won't allow that to happen.
hamar,soon,Hamarosan jön a házassági évfordulónk.,Our wedding anniversary is coming soon.
néz,watch,Melyik adást nézted tegnap?,Which program did you watch yesterday?
alap,base,Az alaptábor képe.,This is a view of base camp.
valószínűleg,probably,Valószínűleg egy közlekedési baleset történt.,There's probably been a traffic accident.
javasol,suggest,Tudnál egy másik időpontot javasolni?,Could you suggest an alternative date?
múlt,past,Hagyjuk már a múltat.,Let's put the past behind us.
hatalom,power,Hiszek a tudás hatalmában.,It's my belief that knowledge is power.
vizsga,test,Éppen vizsgára készül.,He is preparing for the test.
meglátogat,visit,A héten meglátogatjuk nagyapámat.,We'll visit my grandfather this week.
középpont,center,Magát tekinti a világegyetem középpontjának.,He considers himself the center of the universe.
nő; növekszik; termeszt,grow,Különféle növényeket termelünk.,We grow a variety of crops.
semmi,nothing,A legtöbb ember nem tud rólunk semmit.,Most people know nothing about us.
visszatér,return,"Vissza kellene fizetned, amit kölcsönkértél.",You should return what you borrow.
anya,mother,Az anyacica védte a kiscicákat.,The mother cat protected her kittens.
jár,walk,A baba tud járni.,The baby is able to walk.
ügy; dolog; számít,matter,Mi a bajod?,What is the matter with you?
elme,mind,Elment az eszed?,Are you out of your mind?
érték,value,Értékelem a segítségedet és a barátságodat.,I value your help and friendship.
iroda,office,Meg kell jelenned az igazgatói irodában.,You're wanted in the principal's office.
feljegyzés; rekord,record,Ez rekord.,That's a record.
marad,stay,"Nem számít, mi történik, maradjatok együtt!","Stay together, no matter what happens."
erő,force,"Az egy hatalmas haderő, 5000 katonával.","That is a large force with 5,000 soldiers."
megáll,stop,Megállította őt egy rendőr.,The policeman signaled him to stop.
több,several,Ezt már többször elmondtad.,You've already said that several times.
fény; könnyű; világos,light,Kiszámította a fénynek a sebességét.,He calculated the speed of light.
fejleszt; fejlődik,develop,A gyerekek nagyon gyorsan fejlődnek.,Children develop very quickly.
emlékszik,remember,"Csodálkoztam, hogy nem emlékszel rá.",I'm surprised you couldn't remember that.
kevés; kis darab; bit,bit,Egy kicsit fáradt vagyok.,I am a bit tired.
megoszt,share,Megosztozol velem az ernyődön?,May I share your umbrella?
valódi; igazi,real,Nem ők az igazi szüleim.,They are not my real parents.
válasz,answer,Nem tudom a választ.,I don't know the answer.
ül,sit,Mellette akar ülni mindenki.,Everybody wants to sit beside her.
kitalál,figure,Megpróbálok kitalálni valamit.,I'm trying to figure out something.
levél,letter,Ne halogasd a levél megválaszolását!,Don't put off answering the letter.
dönt,decide,"Van harminc perced, hogy dönts.",You have thirty minutes to decide.
nyelv,language,A nyelvet nem lehet a kultúrától elválasztani.,You can't separate language from culture.
tantárgy,subject,Az angol lett a kedvenc tantárgyam.,English has become my favorite subject.
osztály; óra,class,Ma az egész osztály jelen van.,The whole class is present today.
fejlesztés,development,Ez egy mostani fejlesztés.,This is a recent development.
város,town,A városunkban kiváló sportlétesítmények vannak.,Our town has excellent sports facilities.
fél,half,Ezeknek az almáknak a fele rohadt.,Half of these apples are rotten.
perc,minute,Ez száz másolatot készít percenként.,This machine makes 100 copies a minute.
étel,food,A tápanyagokban gazdag ételek elősegítik a szervek egészséges működését.,Nutritious food helps support healthy organs.
eltör; törik,break,"Vigyázz, eltöröd a poharat!","Be careful, you'll break the glass."
tiszta,clear,Hadd tisztázzak valamit!,Let me make something very clear.
jövő,future,A jövőben tanár szeretnék lenni.,I want to be a teacher in the future.
bármelyik; egyik,either,Egyik sem foglalkoztat.,I don't care about either one.
ezelőtt,ago,A gyűlés harminc perccel ezelőtt véget ért.,The meeting finished thirty minutes ago.
per; minden egyes,per,2800 dollár per faj az átlag.,"2,800 dollars per species is the average."
marad,remain,"Jobban tennénk, ha nem maradnánk itt tovább.",We'd better not remain here any longer.
teteje; felső,top,A könyv a felső polcon van.,The book is on the top shelf.
között,among,Ezt a levelet a könyvek között találtam.,I found this letter among those books.
nyer,win,"Biztos vagyok benne, hogy nyerni fogunk.",I'm sure we're going to win.
szín,color,"A kedvenc színed a piros, igaz?","Your favorite color is red, right?"
magába foglal; érint; bevon,involve,Nem bonyolódom bele.,I am not getting involved.
elér,reach,Eléred azt a dobozt?,Can you reach that box?
szociális,social,"A csoport azon fáradozott, hogy megoldja a szociális problémákat.",The group tried to solve social problems.
időszak; pont; menstruáció,period,Rövid ideig dolgozott ott.,She worked there for a short period.
keresztül; át,across,A kutya átment az utcán.,The dog walked across the street.
jegyzet,note,Átadott nekem egy jegyzetet.,He handed a note to me.
történelem,history,Minden országnak megvan a saját történelme.,Every country has its own history.
teremt,create,Tudunk teremteni valamit a semmiből?,Can we create something out of nothing?
vezet,drive,"Nem tudtam, hogy nem tudsz vezetni.",I didn't know you couldn't drive.
mentén,along,Sétáltunk a folyó mentén.,We walked along the river.
típus,type,A férjem féltékeny típus.,My husband is the jealous type.
hang,sound,A hang abból az irányból jött.,The sound came from that direction.
szem,eye,Nincs rajtad elég szemfesték.,You're not wearing enough eye shadow.
zene,music,Alábecsülik a zene jelentőségét.,The importance of music is underrated.
játék,game,Veszélyes játékot játszol.,It's a dangerous game you're playing.
politikai,political,Ez az újság politikailag nem befolyásolt.,This newspaper has no political slant.
szabad,free,Szabadítsátok ki az állatokat a ketreceikből!,Free the animals from their cages.
kap,receive,A félénk tanulók gyakran alacsonyabb osztályzatot kapnak.,Shy students often receive lower grades.
pillanat,moment,Tudnál várni egy pillanatig?,Would you mind waiting a moment?
eladás,sale,Valamilyen ismeretlen okból kifolyólag az eladások nőttek.,"For some unknown reason, sales have increased."
irányelv,policy,Elfogadtak egy új irányelvet.,They adopted a new policy.
hat,six,Vedd be ezt a gyógyszert hat óránként!,Take this medicine every six hours.
további,further,További kérdések?,Do you have any further questions?
test,body,A test a felismerhetetlenségig megégett.,The body was burned beyond recognition.
igényel; megkövetel,require,Ehhez a munkához tapasztalat kell.,This job requires experience.
vár,wait,"Várj, amíg meg nem kapod a levelet!",Wait until you receive the letter.
általános,general,A fogyasztók általában fontosabbnak tartják a mennyiséget a minőségnél.,"In general, consumers prefer quantity to quality."
feltűnik,appear,Kezdenek feltűnni a kicsi körforgalmak.,Small roundabouts are starting to appear.
felé,toward,Vigye ezt az asztalt a sarok felé!,Move this table toward the corner.
csapat,team,Piros polóban volt a csapatunk.,Our team were wearing red shirts.
könnyű,easy,Nem könnyű idegen nyelven beszélni.,Speaking foreign languages is not easy.
egyéni,individual,Tiszteletben kell tartanunk az egyén szabadságát.,We must respect individual liberty.
tele,full,A jövőd tele van lehetőségekkel.,Your future is full of possibilities.
fekete,black,Gyakran hozzuk összefüggésbe a fekete színt a halállal.,We often associate black with death.
értelem,sense,"Úgy gondoljuk, hogy ennek nincs értelme.",We think this doesn't make sense.
talán,perhaps,Holnap talán nagyobb szerencsénk lesz.,Perhaps we'll have better luck tomorrow.
hozzátesz,add,Nem tudok semmit sem hozzátenni.,I can't add anything to that.
szabály,rule,A szabály csak a külföldiekre vonatkozik.,The rule only applies to foreigners.
átmegy,pass,"Ha keményen tanul, átmegy a teszten.","If he studied hard, he would pass the test."
termel,produce,És ez nem szül termékeny politikát.,And that doesn't produce a productive politics.
ad,sell,"Kérem, adja el nekem azt a pulóvert.",Please sell that sweater to me.
rövid,short,Ez a hosszabbító túl rövid.,This extension cord is too short.
egyetért,agree,"Úgy vélem, a legtöbb ember egyetértene.",I think most people would agree.
jog,law,Nem jártam jogi karra.,I didn't go to law school.
minden,everything,"Mindenre gondoltál, nem igaz?","You've thought of everything, haven't you?"
kutatás,research,Végeznünk kell egy kis kutatást.,We need to do some research.
fedez; borít; fedél,cover,Ki fedezi a költségeket?,Who's going to cover the costs?
papír,paper,Írd a nevedet a papírra!,Write your name on the paper.
helyzet,position,"Nem vagy olyan helyzetben, hogy alkudozzál.",You're in no position to bargain.
közel,near,Valahol az állomás közelében fussunk össze.,Let's meet somewhere near the station.
emberi,human,A szabadság alapvető emberi jog.,Freedom is a fundamental human right.
számítógép,computer,Megpróbáltad a számítógépedet újraindítani?,Have you tried restarting your computer?
helyzet,situation,Nem tűnik túl kecsegtetőnek a helyzet.,The situation doesn't seem very promising.
személyzet,staff,A személyzet nagy része elment.,Most of the staff has left.
tevékenység,activity,Mi a kedvenc szabadidős tevékenységed?,What's your favorite leisure activity?
film,film,Ebben a fényképezőgépben nincs film.,There's no film in this camera.
reggel,morning,A hőmérséklet csökken reggel óta.,The temperature has fallen since morning.
háború,war,Szerinted háború lesz?,Do you believe war will start?
számla,account,Szeretnék számlát nyitni.,I'd like to open an account.
bolt,shop,"Várjuk, hogy a bolt kinyisson.",We're waiting for the shop to open.
fő; jelentős; őrnagy,major,Látta valaki az őrnagyot?,Has anyone seen the major?
valaki,someone,Odakint vár rád valaki.,There's someone waiting for you outside.
fölött,above,A mai hőmérséklet fagypont fölött van.,The temperature is above freezing today.
tervezés; terv; tervez,design,Webdizájnt tanul.,She studies web design.
esemény,event,Ez az esemény 15 évvel ezelőtt történt.,That event happened 15 years ago.
különleges,special,Meséljen valami különleges dolgot magáról!,Tell me something special about yourself.
néha,sometimes,Az emberek néha ellenállnak a változásnak.,People are sometimes resistant to change.
állapot,condition,A műtét után javul az állapota.,Her condition is improving after the operation.
hord,carry,Mindig hordok magamnál egy kisbicskát.,I always carry a small pocketknife.
választ,choose,"Azt választod, amelyiket akarod.",You may choose whichever you want.
apa,father,Apám pénzügyileg támogat engem.,My father will support me financially.
döntés,decision,Ez a döntés senkit nem fog boldoggá tenni.,This decision won't make anybody happy.
asztal,table,Ez az asztal egy felbecsülhetetlen értékű régiség.,This table is a priceless antique.
biztos,certain,"Biztos, hogy sikert ér el.",That he will succeed is certain.
előre,forward,Egy lépést tett előre.,He took a step forward.
fő,main,Végigmentem a főutcán.,I walked along the main street.
meghal,die,"Ha nem eszel, meghalsz.","If you don't eat, you'll die."
medve,bear,Jön felénk a medve!,The bear is coming towards us.
elvág,cut,"Adj kölcsön valamit, amivel ezt elvághatom.",Lend me something to cut this with.
leír,describe,"Nem lehet szavakkal leírni azt a borzalmat, amit átéltem.",Words cannot describe the horror I experienced.
magát,himself,"Megütötte magát, amikor leesett.",He hurt himself when he fell.
elérhető,available,A polgármester jelenleg nem elérhető.,The mayor is not available now.
különösen,especially,Ne bízz meg senkiben - különösen ne a nőkben!,"Don't trust anyone, especially not women."
erős,strong,"Erős fickó vagy, igaz-e?","You're a strong guy, aren't you?"
felkel,rise,Nemsokára felkel a nap.,The sun is about to rise.
lány,girl,"Ki az a lány, aki ott ül?",Who's that girl sitting over there?
talán,maybe,"Talán tudnak valamit, amit mi nem.",Maybe they know something we don't.
közösség,community,Az újak gyorsan beilleszkedtek a közösségbe.,The newcomers were quickly absorbed into the community.
más,else,"Kit érdekel, hogy mindenki más mit gondol?",Who cares what everyone else thinks?
bizonyos,particular,Tökéletesen illik ahhoz a bizonyos kontextushoz.,It's perfect for that particular context.
szerep,role,El kell fogadnod a szerepedet.,You need to accept your role.
belép,join,Miért akarsz belépni a haditengerészethez?,Why do you want to join the navy?
nehéz,difficult,A fizika nehezebb a matematikánál.,Physics is more difficult than mathematics.
kérem,please,"Kérem, töltse ki először ezt az űrlapot.",Please fill out this form first.
részlet,detail,Részletesen elmagyaráztam az okot.,I explained the reason in detail.
különbség,difference,Nagy különbség van köztük.,There is a big difference between them.
cselekvés; tett; akció,action,Mi a kedvenc akciófilmed?,What is your favorite action movie?
egészség,health,"Nincs nagyobb érték, mint az egészség.",Nothing is more valuable than health.
eszik,eat,Milyen gyakran eszel sajtot?,How often do you eat cheese?
lépés,step,Az első lépés a legnehezebb.,The first step is the hardest.
igaz,true,"Hihetetlenül hangzik, de igaz.","It sounds impossible, but it's true."
telefonál,phone,"Kérlek, telefonálj nekem, mielőtt eljössz!",Please phone me before you come.
maguk,themselves,Szerintem tényleg jól érezték magukat.,I think they really enjoyed themselves.
rajzol,draw,Rajzoljon egy vonalat a vonalzóval!,Draw a line with a ruler.
fehér,white,Az a fehér épület egy kórház.,That white building is a hospital.
dátum,date,Írd a dátumot az aláírás alá.,Write the date under the signature.
gyakorlás,practice,Csak egy kicsit több gyakorlásra van szükséged.,You just need some more practice.
modell,model,A legújabb modellből van a motorja.,His motorcycle is the latest model.
fizetésemelés,raise,Fizetésemelést kért.,He asked for a pay raise.
ügyfél,customer,Miért nem hívod fel az ügyfélszolgálatot?,Why don't you call customer service?
eleje; elülső,front,Elöl kellett ülnöm.,I had to sit in the front.
magyaráz,explain,"Az az, amit meg akarok magyarázni.",That's what I'm trying to explain.
ajtó,door,Valószínűleg valaki nyitva hagyta az ajtót.,Someone probably left the door open.
kívül,outside,A szüleim a városon kívül laknak.,My parents live outside the city.
mögött,behind,A nap a hegyek mögött szállt alá.,The sun descended behind the mountains.
gazdasági,economic,"Ha több pénzt pumpálunk az oktatásügybe, az kedvező hatással lesz a gazdaságra.",More money for education will spur economic growth.
oldal,site,Ez nem randi oldal.,This isn't a dating site.
szia; helló,hello,"Szia, hogy vagy ma?","Hello, how are you today?"
viszlát,goodbye,"Viszlát, holnap találkozunk!","Goodbye, see you tomorrow!"
köszönöm,thanks,Köszönöm a segítségedet.,Thanks for your help.
fáradt,tired,Ma nagyon fáradt vagyok.,I'm very tired today.
éhes,hungry,A gyerekek éhesek.,The children are hungry.
szomjas,thirsty,"Szomjas vagyok, kaphatok vizet?","I'm thirsty, may I have some water?"
hétfő,Monday,A bolt hétfőn zárva van.,The shop is closed on Monday.
kedd,Tuesday,Kedden megbeszélésünk van.,We have a meeting on Tuesday.
szerda,Wednesday,Minden szerdán edzeni járok.,I go to the gym every Wednesday.
csütörtök,Thursday,A csütörtök a legmozgalmasabb napom.,Thursday is my busiest day.
péntek,Friday,Találkozzunk péntek este!,Let's meet on Friday evening.
szombat,Saturday,Szombaton sokáig alszunk.,On Saturday we sleep late.
vasárnap,Sunday,Vasárnap meglátogatjuk a szüleimet.,We visit my parents on Sunday.
január,January,A január hideg hónap.,January is a cold month.
február,February,Februárban van a születésnapom.,My birthday is in February.
április,April,Áprilisban gyakran esik.,It often rains in April.
június,June,Júniusban vége az iskolának.,School ends in June.
július,July,Itt a július a legmelegebb hónap.,July is the hottest month here.
augusztus,August,Augusztusban nyaraltunk.,We were on holiday in August.
szeptember,September,Szeptemberben kezdődik az új félév.,The new term starts in September.
október,October,Októberben lehullanak a levelek.,The leaves fall in October.
november,November,A november általában esős.,November is usually rainy.
december,December,Decemberben ünnepeljük a karácsonyt.,We celebrate Christmas in December.
ősz,autumn,Az ősz a kedvenc évszakom.,Autumn is my favorite season.
alma,apple,Minden reggel megeszek egy almát.,I eat an apple every morning.
vaj,butter,Tegyél egy kis vajat a kenyérre!,Put some butter on the bread.
leves,soup,Túl forró a leves.,The soup is too hot.
saláta,salad,Egy zöldsalátát kérnék.,I'd like a green salad.
paradicsom,tomato,Ez a paradicsom nagyon érett.,This tomato is very ripe.
hagyma,onion,Vágd a hagymát apró darabokra!,Cut the onion into small pieces.
kanapé,sofa,A macska a kanapén alszik.,The cat is sleeping on the sofa.
lámpa,lamp,"Kérlek, kapcsold fel a lámpát!",Please turn on the lamp.
törölköző,towel,Kaphatok egy tiszta törölközőt?,Can I have a clean towel?
szappan,soap,Mosd meg a kezed szappannal!,Wash your hands with soap.
fogkefe,toothbrush,Otthon felejtettem a fogkefémet.,I forgot my toothbrush at home.
takaró,blanket,Takarót tett az ágyra.,She put a blanket on the bed.
párna,pillow,Ez a párna túl puha.,This pillow is too soft.
függöny,curtain,"Húzd el a függönyt, kérlek!","Open the curtains, please."
zokni,sock,Nem találom a másik zoknimat.,I can't find my other sock.
kesztyű,glove,"Hideg van, vedd fel a kesztyűdet!","It's cold, wear your gloves."
sál,scarf,Piros sálat viselt.,She wore a red scarf.
esernyő,umbrella,A buszon hagytam az esernyőmet.,I left my umbrella on the bus.
kanál,spoon,Kérek egy kiskanalat a kávéhoz.,I'd like a small spoon for the coffee.
villa,fork,A villa a tányér bal oldalán van.,The fork is on the left of the plate.
nagynéni,aunt,A nagynéném Bécsben él.,My aunt lives in Vienna.
nagyapa,grandfather,A nagyapám kilencvenéves.,My grandfather is ninety years old.
pincér,waiter,A pincér hozta az étlapot.,The waiter brought the menu.
lila,purple,Vett egy lila táskát.,She bought a purple bag.
internet,internet,Az interneten találtam a receptet.,I found the recipe on the internet.
házi feladat,homework,Befejezted a házi feladatodat?,Have you finished your homework?
angol,English,Minden nap angolul tanulok.,I study English every day.
megközelít,approach,Javasolhatok egy másik megközelítést?,May I suggest another approach?
tanár,teacher,A diákok meghajoltak a tanáruk előtt.,The students bowed to their teacher.
föld,land,Én vagyok ennek a földnek a tulajdonosa.,I'm the owner of this land.
díj,charge,Itt van aztán a 30 százalékos lemondási díj.,Apparently there's a cancellation charge of 30 percent.
végül,finally,Végül átkeltem a folyón.,I finally got across the river.
jel,sign,"Kíváncsi vagyok, mit jelent ez a jel.",I wonder what this sign means.
állítás,claim,Hamis állítást tett.,He made a false claim.
kapcsolat,relationship,Az őszinteség fontos egy kapcsolatban.,Honesty is important in a relationship.
utazik,travel,Hol van a legközelebbi utazási iroda?,Where is the closest travel agency?
élvez,enjoy,"Élvezed ezt tenni, ugye?","You enjoy doing that, don't you?"
halál,death,El kellene törölni a halálbüntetést.,The death penalty should be abolished.
kellemes,nice,Kellemesen telik a nyaratok?,Are you having a nice summer?
mennyiség,amount,Mennyi a végösszeg?,What is the total amount?
javul,improve,"Gondolja, hogy javulhat a helyzet?",Do you think the situation can improve?
fénykép,picture,"Légy szíves, küldj magadról egy fényképet.",Please send me a picture of yourself.
fiú,boy,Minden fiúnak három-három kérdést tettem fel.,I asked each boy three questions.
tekintet,regard,Nemzeti hősként tekintettek rá.,They regarded him as a national hero.
szervezet,organization,Hallottak valamit a szervezetről?,Have you heard anything about the organization?
boldog,happy,"Boldog vagyok, hogy látlak.",I'm happy to see you.
pár,couple,Az pár órát igénybe fog venni.,That'll take a couple of hours.
viselkedik,act,A gyerekek felnőttként akarnak viselkedni.,Children want to act like grown-ups.
tartomány,range,A nyelvi szövegek a középső tartományba esnek.,Linguistic scripts occupy the middle range.
minőség,quality,"A minőség sokkal fontosabb, mint a mennyiség.",Quality is more important than quantity.
terv,project,A terv tiszta csőd volt.,The project was a complete failure.
kerek; kör; forduló,round,Szögletesek vagy kerekek?,Are they square or round?
alkalom,opportunity,Kihasználom ezt az alkalmat.,I'll make use of this opportunity.
út,road,Egy keskeny út vezet a faluba.,There's narrow road to the village.
megállapodás; összhang,accord,Megállapodásra jutottak.,They reached an accord.
lista,list,A te neved lejjebb van a listán.,Your name's further down the list.
kívánság,wish,A kívánságom végre teljesült.,My wish has finally come true.
ezért; tehát,therefore,Emiatt szükséges a költségek csökkentése.,"Therefore, it is necessary to reduce the cost."
hord,wear,Csak olvasáshoz hordok szemüveget.,I only wear glasses for reading.
finanszíroz,fund,"A következő, pénzt találni, hogy finanszírozzuk a procedúrát.","Next, raising the money to fund the procedure."
pihenés,rest,Talán hagynom kéne téged pihenni.,Perhaps I should let you rest.
gyerek,kid,"Ne bánj velem úgy, mint egy gyerekkel!",Stop treating me like a kid.
ipar,industry,Az ipar saját magát akarja ellenőrizni.,The industry wants to self-police themselves.
oktatás,education,Az oktatás nagyon fontos.,Education is very important.
mér,measure,Mérje meg a háromszög minden egyes szögét!,Measure each angle of the triangle.
öl,kill,Mindünket meg fognak ölni.,They're going to kill us all.
szolgál,serve,A hazámat akarom szolgálni.,I want to serve my country.
valószínű,likely,Ma este valószínűleg havazni fog.,It's likely to snow this evening.
biztosan,certainly,Ez biztos nem lesz könnyű.,That certainly won't be easy.
nemzeti,national,Az incidensre felkapta a fejét az országos média.,The incident received national media attention.
maga,itself,Az ajtó magától kinyílt.,The door has opened by itself.
tanít,teach,Nem tanítottak meg a szüleid viselkedni?,Didn't your parents teach you manners?
föld,field,Ezt a földet még soha sem törték fel.,This field has never been plowed.
biztonság,security,Vannak biztonsági frissítések?,Are there any security updates?
levegő,air,Levegő nélkül élni lehetetlen.,To live without air is impossible.
haszon; előny; javára válik,benefit,Az új út hasznára fog válni a hegyekben lakóknak.,The new road will benefit the people living in the hills.
kereskedelem; kereskedik; cserél,trade,Helyet cserélnél velem?,Do you want to trade places with me?
kockázat,risk,A szárazság növeli a tűzesetek kockázatát.,Drought increases the risk of fires.
hír,news,Nagy szenzációt keltettek a hírek.,The news caused a great sensation.
norma,standard,"Ez a kórházi gyerekágy 10 000 dollárba kerül. 10-szer annyiba, mint a normál.","This hospital crib cost 10,000 dollars, 10 times the standard."
szavazás,vote,Bocsássuk ezt szavazásra!,Let's put it to a vote.
százalék,percent,A kommunikáció nyolcvan százaléka nem verbális úton zajlik.,Eighty percent of communication is non-verbal.
fókusz,focus,"A megoldásokra fókuszálunk, nem a problémákra.","We focus on solutions, not problems."
színpad,stage,Énekeltetett engem a színpadon.,He made me sing on the stage.
űr,space,A rakétát kilőtték az űrbe.,The rocket was launched into space.
helyette,instead,Tévéztem tanulás helyett.,I watched television instead of studying.
rájön,realize,"Később talán rájön, mit értettem ezzel.",She may realize later what I meant.
általában,usually,Általában hatkor kelek.,I usually get up at six.
adat,data,Szükségem lesz néhány adatra.,I'm going to need some data.
egyetlen; egyedülálló,single,Még mindig egyedülálló.,He is still single.
cím,address,"Légy szíves, add meg az állandó címedet.",Please give me your permanent address.
teljesítmény; előadás,performance,Nem vagyok elégedett a teljesítményeddel.,I'm not satisfied with your performance.
esély; lehetőség,chance,Nem volt alkalmam elmenekülni.,I had no chance to escape.
elfogad,accept,Nem volt hajlandó elfogadni a pénzt.,She refused to accept the money.
társadalom,society,Ez társadalmunk tükre.,It's a reflection of our society.
technológia,technology,Mik az előnyei ennek a technológiának?,What are the advantages of this technology?
megemlít,mention,Elfelejtettem volna ezt megemlíteni?,Did I forget to mention that?
választás,choice,Nincs más választásunk.,We don't have any other choice.
megment,save,Próbállak megmenteni.,I'm trying to save you.
közös,common,Sosem volt bennünk semmi közös.,We never had anything in common.
kultúra,culture,Szeretnék tanulni a japán kultúráról.,I'd like to learn about Japanese culture.
végösszeg,total,A végösszeg húsz euró.,The total is twenty euros.
követel,demand,"A dolgozók összefogtak, hogy magasabb béreket követeljenek.",The workers united to demand higher wages.
száz,hundred,A cégnek száz alkalmazottja van.,This firm has a hundred employees.
anyag; anyagi,material,Nem vagyok érdekelt anyagi nyereségben.,I'm not interested in material gains.
határ,limit,Határ a csillagos ég.,The sky is the limit.
hallgat,listen,Gyakran hallgatsz hangoskönyvet?,Do you often listen to audiobooks?
esedékes,due,A bérleti díj holnap esedékes.,The rent is due tomorrow.
téves,wrong,A legtöbb válaszod téves volt.,Most of your answers were wrong.
láb,foot,Csak ráléptél a lábamra.,You just stepped on my foot.
erőfeszítés,effort,Erőfeszítésed biztosan meghozza gyümölcsét.,Your effort will surely bear fruit.
figyelem,attention,"Kérlek, figyelj rám!",Please pay attention to me.
-ra,upon,Rábízhatod magadat.,You can rely upon him.
ellenőrzés,check,Ezt ellenőriznéd még egyszer?,"Could you check that again, please?"
teljesít,complete,A művelet teljes siker lett.,The operation was a complete success.
hazudik,lie,Valaki biztos hazudik.,Someone is definitely telling a lie.
választ; csákány,pick,Válassz egy számot!,Pick a number.
csökkent,reduce,Ez a gyógyszer csökkenti a fájdalmat.,This medicine will reduce the pain.
személyes,personal,Ez egy személyes kérdés.,That's a personal question.
föld,ground,Tegye le a földre a fegyverét!,Put your weapons on the ground!
állat,animal,Az elefánt hatalmas állat.,An elephant is an enormous animal.
érkezik,arrive,Mikor érkezel holnap?,What time do you arrive tomorrow?
türelmes,patient,Megtanult türelmesnek lenni.,He has learned to be patient.
tíz,ten,A választmányunk tíz tagú.,Our committee consists of ten members.
áram,current,Elektromos áram mágnesességet kelthet.,An electric current can generate magnetism.
évszázad,century,Ez az évszázad kérdése.,That's the question of the century.
bizonyíték,evidence,A rendőrség új bizonyítékot talált.,The police found new evidence.
létezik,exist,Szerinted léteznek földönkívüliek?,Do you think that aliens exist?
hasonló,similar,Az a két gitár nagyon hasonlónak tűnik.,Those two guitars look very similar.
verekszik,fight,A vita verekedéssel végződött.,The argument ended in a fight.
vezető,leader,Mindig is vezető voltam.,I've always been a leader.
jó; rendben; bírság,fine,Holnap jó idő lesz.,The weather will be fine tomorrow.
utca,street,Van egy templom az utca túloldalán.,There's a church across the street.
korábbi,former,Tom korábban triatlon világbajnok volt.,Tom is a former world triathlon champion.
kapcsolat,contact,A kém kapcsolatba lépett az ellenséggel.,The spy made contact with the enemy.
különösen,particularly,A szellemi torna különösen fontos a fiatal gyermekek számára.,Mental exercise is particularly important for young children.
feleség,wife,Jó asszonynak tartom magam.,I consider myself a good wife.
sport,sport,Milyen sportot szeretsz a legjobban nézni?,What's your favorite spectator sport?
felkészül,prepare,"Több időre van szükségem, hogy felkészüljek.",I need more time to prepare.
megbeszél,discuss,Később megbeszéljük a problémát.,We will discuss this problem later.
válasz,response,Nem erre a válaszra számítottunk.,That wasn't the response we expected.
hang,voice,"Kérem, beszéljen hangosabban.",Please speak in a louder voice.
darab,piece,Ez egy szép darab hús.,That's a beautiful piece of meat.
befejez,finish,Valahogy befejezem ezt a munkát.,I will finish this work somehow.
feltételez,suppose,"Feltételezem, hogy késni fog.",I suppose he will be late.
jelentkezik,apply,Ma fogok jelentkezni a munkára.,I'll apply for the job today.
elnök,president,Merényletet akartak az elnök ellen elkövetni.,They attempted to assassinate the president.
tűz,fire,A tűz szétterjedt a házban.,The fire spread throughout the house.
összehasonlít,compare,Nagyon nehéz összehasonlítani.,It's really tough to compare.
bíróság; pálya,court,Van egy ivókút a teniszpálya mellett.,There's a drinking fountain by the tennis court.
rendőrség,police,A rendőrség nem talált semmi gyanúsat.,The police didn't find anything suspicious.
üzlet; tárol,store,Az üzlet újságokat és folyóiratokat árul.,That store sells newspapers and magazines.
szegény,poor,A gazdagok néha lenézik a szegényeket.,The rich sometimes despise the poor.
tudás,knowledge,Szomjazom a tudást.,I have a thirst for knowledge.
nevet,laugh,A vicceimen nem nevet senki.,My jokes didn't make anyone laugh.
kar,arm,Lendítsd a karodat előre és hátra.,Swing your arm back and forth.
szív,heart,A fia halála összetörte a szívét.,Her son's death broke her heart.
forrás,source,Egy megbízható forrástól hallottam.,I heard it from a reliable source.
alkalmazott,employee,Minden új alkalmazottnak ezt a kérdést teszed föl?,Do you ask every new employee that question?
sikerül,manage,Sikerült aludnod?,Did you manage to get any sleep?
egyszerűen,simply,El tudnád egyszerűbben is magyarázni?,Could you explain it more simply?
bank,bank,Mikor zár a bank?,What time does the bank close?
cég; szilárd,firm,Egy kis cégnél dolgozik.,She works for a small firm.
cella,cell,Tom megszökött a cellájából.,Tom escaped from his cell.
újságcikk,article,Ennek az újságcikknek az írója egy híres kritikus.,The author of this article is a famous critic.
gyors,fast,"Hihetetlen, milyen gyorsan repül az idő.",It's unbelievable how fast time flies.
támadás,attack,A támadás részletei még mindig ismeretlenek.,Details of the attack are still unknown.
külföldi,foreign,Hol tudok külföldi valutát váltani?,Where can I exchange foreign currency?
meglepetés,surprise,A vihar meglepetésszerűen kapott el mindenkit.,The storm took everyone by surprise.
vonás,feature,Ez egy sajátos emberi vonás.,It's a unique human feature.
tényező,factor,Az egészség a boldogság egyik fontos tényezője.,Health is an important factor of happiness.
csinos,pretty,Nagyon csinos az új ruhád.,Your new dress is very pretty.
nemrég,recently,Nemrég találkoztam egy régi barátommal.,I recently met an old friend.
hat,affect,Ez hatással lehet az egész életedre.,That may affect your whole life.
csepp,drop,A csajkában egy csepp víz sem maradt.,The canteen had not a drop of water left.
friss; közelmúltbeli,recent,Nemrég katolikussá vált.,He is a recent convert to Catholicism.
kapcsolódik; elmesél,relate,Kapcsolódik az Ön munkája ehhez?,Does your work relate to his?
hivatalos; tisztviselő,official,Svájcnak több hivatalos nyelve van.,Switzerland has several official languages.
pénzügyi,financial,Szükségem van egy jó pénzügyi tanácsadóra.,I need a good financial adviser.
lekésik,miss,"Siess, vagy lekésed az ebédet.","Hurry up, or you'll miss lunch."
művészet,art,Mikor zár a művészeti múzeum?,When does the art museum close?
kampány,campaign,Egy országos energiatakarékossági kampány van készülőben.,A national campaign for energy saving is underway.
privát,private,Ez az én privát gépem.,That's my private plane.
ezer,thousand,Mindenki ezer dollárt fizetett.,Each person paid one thousand dollars.
szünet,pause,És aztán hosszú szünet.,And there is a long pause.
mindenki,everyone,"Mindenkit felbéreltek már, aki kell nekik.",They've already hired everyone they need.
megfeledkezik,forget,Arról megfeledkezhetsz.,You can forget about that.
lap,page,Az utolsó lapot üresen hagyta.,She left the last page blank.
aggódik,worry,"Ne aggódj, senkinek nem mondom el.",Don't worry. I won't tell anyone.
nyár,summer,Nagyon vágyom a nyári vakációra.,I'm really longing for summer vacation.
iszik; ital,drink,Apám nem iszik tömény italt.,My father doesn't drink hard liquor.
vélemény,opinion,Percenként változtatod a véleményed.,You change your opinion every minute.
park,park,Talán a park körül kocog.,Maybe he's jogging around the park.
képvisel,represent,Az egész csapatot képviselem.,I represent the whole team.
kulcs,key,Az alkalmazkodás a túlélés kulcsa.,Adaptation is the key to survival.
bent,inside,A sebész bent felejtett valamit a páciensében.,The surgeon forgot something inside the patient.
menedzser,manager,A feleségem jó menedzser.,My wife is a good manager.
nemzetközi,international,Az angol nemzetközi nyelv.,English is an international language.
hét,seven,A bizottság hét tudósból áll.,The committee consists of seven scholars.
tartalmaz,contain,A narancs sok C-vitamint tartalmaz.,Oranges contain a lot of vitamin C.
nyolc,eight,Mind a nyolc foglyot bűnösnek találták.,All eight prisoners were found guilty.
észrevesz; értesítés,notice,"Nem vettem észre, mennyi az idő.",I didn't notice what time it was.
csoda,wonder,"Nem csoda, hogy olyan mérges.",No wonder he is so angry.
természet,nature,A keresztények az emberi természetet eredendően bűnösnek tartják.,Christians view human nature as inherently sinful.
szerkezet,structure,Ennek a molekulának kristályos szerkezete van.,This molecule has a crystalline structure.
rész; szakasz,section,Van nemdohányzó részlegetek?,Do you have a non-smoking section?
magam,myself,Magam sem értem teljesen.,I don't completely understand it myself.
pontosan,exactly,Pontosan merre jártál te tegnap délután?,Where exactly were you yesterday afternoon?
ültet,plant,Az idén ültettél tököt?,Did you plant pumpkins this year?
fest; festék,paint,Szeretek akvarellel festeni.,I like to paint with watercolors.
munkás,worker,Ő tényleg egy jó munkás.,He is a really good worker.
nyom; sajtó,press,Nem akarok nyomást gyakorolni rád.,I don't want to press you.
bármi; akármi,whatever,"Hívd, aminek csak akarod.",You can call it whatever you want.
szükséges,necessary,"Hajlandó vagyok mindent kifizetni, ami csak szükséges.",I'm willing to pay whatever's necessary.
vidék,region,"Egy este barátommal, Malte-tal az Amazon vidékén táboroztunk.","One night, my friend Malte and I were camping in the Amazon region."
növekedés,growth,A cég növekedése lassú volt.,The company's growth was slow.
este,evening,Estefelé végre abbamaradt az eső.,It finally stopped raining towards evening.
befolyás,influence,Ne vezess alkoholos befolyásoltság alatt!,Don't drive under the influence of alcohol.
tisztelet,respect,Tiszteld a nálad idősebbeket.,Respect people who are older than you.
különböző,various,A cég különböző termékekkel foglalkozik.,The company deals in various goods.
elkap; megfog; bökkenő,catch,Mindig van valami bökkenő.,There's always a catch.
így; ezért,thus,"Az út le volt zárva, ezért visszafordultunk.","The road was closed; thus, we turned back."
ügyesség,skill,Mindenki felismerte az ügyességét.,Everyone recognized his skill.
kísérlet; megpróbál,attempt,A kísérlet kudarcba fulladt.,The attempt ended in failure.
fiú,son,Csalódtak a fiukban.,They are disappointed in their son.
egyszerű,simple,"A válasz minden, csak nem egyszerű.",The answer is anything but simple.
médium; közeg; közepes,medium,A rádió népszerű médium.,Radio is a popular medium.
átlag,average,Az átlagos nő magasabb nálam.,The average woman is taller than me.
készlet; részvény,stock,Ez a termék raktáron van.,This item is in stock.
vezetés; kezelés,management,A jó vezetéshez idő kell.,Good management takes time.
karakter,character,Három fej hoz létre egy karaktert.,It's three heads making one character.
tekintély,authority,Ő egy nagy gazdaságpolitikai tekintély.,He is a great authority on economics.
ágy,bed,Egy szörny van az ágyam alatt.,There's a monster under my bed.
üt; találat; sláger,hit,Ez a dal sláger lehet.,This song could become a hit.
létrehoz; megállapít,establish,Új vállalatot alapítottak.,They established a new company.
valóban,indeed,Tom valóban nagyon jóképű.,Tom is indeed quite handsome.
döntő,final,Nyolc csapat jutott a döntőbe.,Eight teams in the final.
gazdaság,economy,Japánnak újjá kell építenie a gazdaságát.,Japan has to reconstruct its economy.
illik; belefér; fitt,fit,Ez a cipő jó rám.,These shoes fit me.
fickó; pasi,guy,Kedves fickó.,He is a nice guy.
működik,function,A motor nem működik megfelelően.,The motor does not function properly.
tegnap,yesterday,Tegnap találkoztam vele.,I met her yesterday.
kép; képmás,image,Ez a kép jól látható.,This image is clear.
méret,size,A narancsokat méret és minőség szerint osztályozzák.,Oranges are graded by size and quality.
magatartás,behavior,Magatartása a legfőbb gondom.,His behavior is my primary concern.
összeadás,addition,"Azt mondta, hogy ehhez összeadásra és kivonásra van szükség.",He said you needed addition and subtraction.
meghatároz; eldönt,determine,Nem számok fogják meghatározni az eredményt.,The numbers won't determine the outcome.
állomás,station,Az állomás öt percre van innen.,The station is five minutes from here.
lakosság,population,A sziget lakossága halászatból él.,That island's population lives on fishing.
kudarcot vall; nem sikerül,fail,Terved kudarcot vall.,Your plan is bound to fail.
környezet,environment,Ezek a gyárak szennyezik a környezetet.,These factories are polluting the environment.
termelés,production,A gyár kénytelen volt csökkenteni a termelését.,The factory had to cut back its production.
szerződés,contract,Aláírtad már a szerződést?,Have you already signed the contract?
játékos; lejátszó,player,Megvettem az MP3-lejátszót.,I bought the MP3 player.
megjegyzés,comment,Kevesen értették a megjegyzését.,Few people understood his comment.
belép,enter,Kívülállók nem léphetnek be.,No outsiders are allowed to enter.
eszébe jut,occur,Nem jutott eszedbe becsukni az ablakokat?,Did it not occur to you to close the windows?
egymagában,alone,"Az embereknek néha szüksége van rá, hogy egymagukban legyenek.",People need to be alone sometimes.
jelentős,significant,Semmi jelentős különbséget nem látok.,I don't see any significant difference.
kábítószer,drug,Lebukott egy kábítószer razzia alkalmával.,He was busted in a drug sweep.
fal,wall,A fal tele van graffitivel.,The wall is covered with graffiti.
sorozat,series,Az élet döntések sorozata.,Life is a series of decisions.
közvetlen,direct,Ez egy közvetlen parancs.,That's a direct order.
siker,success,Sikered a kemény munkád eredménye.,Your success is the result of your hard work.
holnap,tomorrow,Holnap felhívlak.,I'll call you tomorrow.
igazgató,director,Igazgató lettem.,I became a director.
világosan,clearly,"Világos, hogy ez a legfontosabb pont.","Clearly, this is the most important point."
hiány,lack,Alapvető problémánk a hozzáértés hiánya.,Our basic problem is the lack of know-how.
kritika,review,A film vegyes kritikákat kapott.,The movie received mixed reviews.
függ,depend,Az itteni emberek a tömegközlekedéstől függnek.,People here depend on public transportation.
verseny,race,Részt vett a versenyen.,He took part in the race.
felismer,recognize,"Tudja, hogyan lehet felismerni a földönkívülieket.",He knows how to recognize aliens.
ablak,window,Sárgára festették az ablakkereteket.,They painted the window frames yellow.
szándék,purpose,Szándékosan törte be az ablakot.,He broke the window on purpose.
osztály,department,Ő az én osztályom főnöke.,He is the chief of my department.
haszon,gain,A legcsekélyebb kilátás sincs semmilyen haszonra.,There is not the slightest prospect of any gain whatsoever.
fa,tree,Egy kidőlt fa zárta el az utat.,A fallen tree obstructed the road.
főiskola,college,Nem láttalak a főiskola óta.,I haven't seen you since college.
vitatkozik,argue,Nem szeretnék arról vitatkozni.,I don't want to argue about that.
felszáll,board,"Intett nekem, mielőtt felszállt a gépre.",She waved at me before she got on board the plane.
ünnep; szabadság,holiday,Mi a kedvenc szabadnapos tevékenységed?,What's your favorite holiday activity?
jel; megjelöl; jegy,mark,"Kérlek, jelöld meg a helyes választ!",Please mark the correct answer.
templom,church,Hagyományos templomi esküvőnk volt.,We had a traditional church wedding.
gép,machine,A gép éjjel-nappal jár.,The machine operates around the clock.
elér,achieve,Kemény munkával mindent elérhetünk.,By hard work we can achieve anything.
tárgy,item,És mindegyik jutalom gondosan be van állítva a tárgyhoz.,And each of these rewards is carefully calibrated to the item.
bizonyít,prove,Mit akarsz ezzel bizonyítani?,What are you trying to prove?
cent,cent,Egy centbe kerül.,It costs one cent.
évszak,season,Melyik évszakot szereted a legjobban?,Which season do you like best?
padló,floor,A szemüveged a padlóra esett.,Your glasses fell on the floor.
anyag,stuff,Ez az anyag dinamit.,This stuff is dynamite.
széles,wide,Húsz mérföld széles volt a völgy.,The valley was twenty miles wide.
bárki,anyone,"Gondoljon bárki bármit, nem érdekel.",I don't care what anyone thinks.
módszer,method,Egy alternatív módszert alkalmaztunk.,We adopted an alternative method.
elemzés,analysis,Az elemzés két napig tartott.,The analysis took two days.
választás,election,A választásokon legyőzte ellenfelét.,He defeated his opponent in the election.
katonaság,military,Van a közelben egy katonai bázis.,There is a military base near here.
szálloda,hotel,Tudsz ajánlani egy olcsó szállodát?,Can you recommend an inexpensive hotel?
klub,club,Hány órakor nyit ki a klub?,What time does the club open?
lent,below,Lásd lent.,See below.
film,movie,Tegnap délután megnéztem egy filmet.,I watched a movie yesterday afternoon.
doktor,doctor,Doktor akarok lenni.,I want to become a doctor.
vita,discussion,A vita a tetőfokán volt.,It was a very heated discussion.
sajnál,sorry,Sajnálom. Van egy másik találkozóm.,I'm sorry. I have another appointment.
kihívás,challenge,Ez kihívás lesz.,That's going to be a challenge.
nemzet,nation,A nemzet a király halálát gyászolta.,The nation mourned the death of the king.
majdnem,nearly,A botrány majdnem teljesen kettétörte a karrierjét.,The scandal nearly wrecked her career.
kijelentés,statement,A kijelentést igaznak fogadom el.,I accept the statement as true.
összekapcsol,link,"Ha összekapcsoljuk őket, akkor elkezdődik valami, nem igaz?","Now let's link them, and it's beginning to happen, isn't it?"
ellenére,despite,A hibái ellenére szeretem őt.,I love him despite his faults.
bemutat,introduce,"Megengedi, hogy bemutatkozzak?",May I introduce myself to you?
előny,advantage,Ne akarj már folyton előnyt kovácsolni a gyengeségéből.,Stop taking advantage of his weakness.
kész; készen áll,ready,Fel kell készülnöd.,You need to get ready.
megházasodik; feleségül vesz; férjhez megy,marry,Jövőre terveznek összeházasodni.,They plan to marry next year.
sztrájk,strike,A buszsofőrök talán sztrájkolni fognak.,Bus drivers might go on strike.
mérföld,mile,Háromnegyed mérföldet gyalogoltam.,I walked three-fourths of a mile.
keres,seek,Szóval keressék a reggeli világosságot!,So seek out morning light.
képesség,ability,Elvesztetted a koncentrációs képességedet.,You've lost the ability to concentrate.
egység,unit,Ki kell cserélnünk az egész egységet.,We need to replace the whole unit.
kiad,publish,De te kiadhatod a dolgaidat online.,But you can publish your stuff online.
kártya,card,"Kérem, töltse ki a regisztrációs kártyát!","Fill out the registration card, please."
kórház,hospital,Tegnap kórházba ment.,She went to the hospital yesterday.
gyorsan,quickly,"A hagyma gyorsabban megfő, mint a krumpli.",Onions cook more quickly than potatoes.
interjú,interview,Etikus odaadni neki előre az interjú kérdéseit?,Is it ethical to give him the interview questions in advance?
megállapodás,agreement,Alá kellett írnom egy megállapodást.,I had to sign an agreement.
elenged,release,Elengedtek egy túszt.,A hostage was released.
adó,tax,A viszkire súlyos adót vetettek ki.,A heavy tax was imposed on whiskey.
megoldás,solution,Erre a problémára nincs megoldás.,There's no solution to this problem.
főváros; tőke; nagybetű,capital,Budapest Magyarország fővárosa.,Budapest is the capital of Hungary.
népszerű,popular,"A labdarúgás népszerűbb, mint a tenisz.",Soccer is more popular than tennis.
meghatározott,specific,Valami meghatározott dolgot keres?,Are you looking for something specific?
gyönyörű,beautiful,"A nővére olyan gyönyörű, mint mindig.",Your sister's as beautiful as ever.
félelem,fear,Végül a kíváncsiságom felülkerekedett a félelmemen.,"Eventually, my curiosity overcame my fear."
cél,aim,"Az a célom, hogy orvos legyek.",My aim is to be a doctor.
televízió,television,"Ez a televízió-készülék nagy is, meg drága is.",That television is both big and expensive.
komoly,serious,A fényszennyezés komoly probléma.,Light pollution is a serious problem.
cél,target,Én is célponttá váltam.,"I have become a target, too."
fok,degree,Szeretnék bizonyos fokú átláthatóságot.,I want some degree of transparency.
húz,pull,Húzódj le. Hánynom kell.,Pull over. I'm going to be sick.
piros,red,Vett egy piros ruhát.,She bought a red dress.
férj,husband,Sok ellensége volt a férjének?,Did your husband have many enemies?
hozzáférés,access,Van hozzáférésem a könyvtárához.,I have access to his library.
mozgás,movement,Az ellenállás földalatti mozgalommá vált.,The resistance movement has gone underground.
bánik,treat,Gyerekként bánnak velem.,They treat me like a child.
azonosít,identify,"Kérlek, azonosítsd magad!",Please identify yourself.
veszteség,loss,Nagy veszteség a halála.,His death is a great loss.
fog; kell,shall,Fogjunk egy taxit?,Shall we take a taxi?
modern,modern,Nekem aztán a modern szobrászat nem mond semmit.,I really can't understand modern sculpture.
nyomás,pressure,A nép nyomása késztette tettre a hadsereget.,Public pressure forced the army to act.
autóbusz,bus,Apám autóbusz-vezető.,My father is a bus driver.
bánásmód,treatment,Nem szoktam hozzá az ilyen bánásmódhoz.,I'm not accustomed to such treatment.
konferencia,conference,A konferencia három napig tart.,The conference lasts three days.
magad,yourself,Tegnap este jól érezted magad?,Did you enjoy yourself yesterday evening?
ellát,supply,Ellátták a falusiakat étellel.,They supplied the villagers with food.
falu,village,A vulkánkitörés veszélyeztette a falut.,The volcanic eruption threatened the village.
érték; érdemes,worth,"Mindenesetre, a témát érdemes megvitatni.","Nevertheless, the topic is worth discussing."
természetes,natural,A természeti erőforrások nem korlátlanok.,Natural resources are not limitless.
expressz,express,Az expressz 18:30-kor érkezik.,The express arrives at 6:30 p.m.
jelez,indicate,"Ez a lámpa jelzi, hogy a gép be van kapcsolva.",This light indicates that the machine is on.
jár,attend,Melyik gimnáziumba jársz?,Where do you attend high school?
fivér,brother,A fivérem minden hétvégén pecázni megy.,My brother goes fishing every weekend.
befektetés,investment,Szerintem ez jó befektetés.,I think it's a good investment.
nézőpont,aspect,Ez egy lehetséges nézőpont.,So that's one aspect.
eredmény,score,Ezen a teszten elért eredménye szó szerint meghatározza a jövőjét.,Her score on this one test literally determines her future.
szervez,organize,Rendeznünk kell a fájlokat.,We need to organize the files.
kirándulás,trip,Van kedvem kirándulni.,I feel like taking a trip.
túl; túloldalán,beyond,"Semmit nem tudok róla azon túl, amit nekem mondtál.",I know nothing about him beyond what you told me.
alszik,sleep,Általában ebben a szobában alszunk.,Normally we sleep in this room.
hal,fish,"Mit szólnál, ha halat vacsoráznánk?",What about having fish for dinner?
ígéret,promise,"Nem fogod megbánni, ígérem.",You won't regret this. I promise.
potenciál,potential,Akkora a potenciálod!,You have so much potential.
energia,energy,Ma nincs energiám.,I have no energy today.
baj,trouble,Meg tudod menteni magad a bajoktól.,You can save yourself the trouble.
kapcsolat; viszony; rokon,relation,Nincs rokonságban velem.,He is no relation to me.
érintés,touch,"Nem érintettél meg semmit, ugye?","You didn't touch anything, did you?"
fájl,file,Még nem töltöttem le a fájlt.,I haven't downloaded the file yet.
középső,middle,A tárgyalások közepén vagyunk.,We're in the middle of negotiations.
bár,bar,Menjünk most a bárba!,Let's go to the bar now.
szenved,suffer,Nyugtalan láb szindrómában szenvedek.,I suffer from restless leg syndrome.
stratégia,strategy,Az nyilvánvalóan nyerő stratégia volt.,That was obviously a winning strategy.
mély,deep,Mély álomba szenderült.,He fell into a deep slumber.
kivéve,except,"Mindennek ellen tudok állni, kivéve a kísértést.",I can resist everything except temptation.
tiszta; tisztít,clean,Mindig tisztán tartja a haját.,She always keeps her hair clean.
hajlamos; szokott,tend,A hasonlatok gondolkodásra ösztönöznek.,Similes tend to make you think.
előleg,advance,Szerintem a könyvre kapott előlegem felét naptejre költöttem.,So I think half of my book advance went into sunscreen.
megtelik,fill,"Korán foglalja le repülőjegyét, mert a járatok Karácsony körül gyorsan megtelnek.",Make your airplane reservations early since flights fill up quickly around Christmas.
sztár,star,Sztárrá tett.,She made me a star.
hálózat,network,Most már erősebb támogató hálózatom van.,I have a stronger support network now.
általában,generally,"Általában a nők tovább élnek, mint a férfiak.","Generally speaking, women live longer than men."
működés,operation,Ez a normális működésük mellékhatása.,That is a side effect of their ordinary operation.
meccs,match,Fogadsz a meccsre?,Are you betting on the match?
elkerül,avoid,Elkerülhetjük a polgárháborút?,Can we avoid a civil war?
ülőhely,seat,Jó ülőhelyet talált nekem.,He found me a good seat.
dob,throw,Dobd be a mosógépbe!,Throw it into the washing machine.
feladat,task,Fókuszálj az aktuális feladatra!,Focus on the task at hand.
normális,normal,Most minden visszatért a normális kerékvágásba.,Everything is now back to normal.
cél,goal,Hogy érthetnénk el ezt a célt?,How can we achieve that goal?
ügyfél,client,Az ügyfelem bűnösnek akarja vallani magát.,My client wants to plead guilty.
társít,associate,"És valóban, a legtöbben a csendet társítják a világűrhöz.","And indeed, most people associate space with silence."
kék,blue,A kén kék lánggal ég.,Sulfur burns with a blue flame.
biztos,positive,Ez teljesen biztos volt.,That was positive.
lehetőség,option,Nincs harmadik választási lehetőség.,There isn't a third option.
doboz,box,Valószínűleg van valami a dobozban.,There's probably something in the box.
hatalmas,huge,Egy hatalmas házban lakik.,She lives in a huge house.
üzenet,message,Nem kellett volna elküldenem azt az üzenetet.,I shouldn't have sent that message.
példa,instance,Te például mit tettél volna a helyemben?,"For instance, what would you have done if you were in my place?"
stílus,style,A szerzőnek jó stílusa van.,The author has a good style.
hivatkozik; utal,refer,"Kérlek, nézd meg a diagramot!",Please refer to the chart.
hideg,cold,Tegnap kutya hideg volt reggel.,It was very cold yesterday morning.
tol,push,Told át az asztalt az ablak mellé!,Push the table over by the window.
negyed,quarter,Megettem a torta negyedrészét.,I ate a quarter of the cake.
feltételez,assume,"Feltételezem, hogy van autód.",I assume you have a car.
csecsemő,baby,A baleset egyetlen túlélője egy csecsemő volt.,The accident's only survivor was a baby.
sikeres,successful,"Egyszerűen nem hiszem, hogy elég sikeres vagyok.",I just don't think I'm successful enough.
énekel,sing,Énekelhetnénk együtt újra valamikor.,We should sing together again sometime.
kétségbe von,doubt,Ez kétségtelenül igaz.,This is without a doubt true.
verseny,competition,A verseny eldurvult.,The competition has become fierce.
elmélet,theory,Nehéz megérteni az elméletét.,His theory is difficult to understand.
javasol,propose,Mit javasolsz?,What is it you propose?
hivatkozás; referencia,reference,Adott nekem egy referenciát az álláshoz.,He gave me a reference for the job.
vita,argument,Volt egy rövid vitánk.,We had a short argument.
felnőtt,adult,Miért olyan nagy dolog felnőttnek lenni?,What's so great about being an adult?
repül,fly,"Nem hiszem, hogy ez bejön.",I don't think that that'll fly.
hatás; becsapódás,impact,Próbáljuk megelőzni az ütközést.,We're trying to prevent an impact.
dokumentum,document,Honnan szerezted azt a dokumentumot?,Where did you get that document?
minta,pattern,Kezdem már látni a mintát.,I'm beginning to see a pattern.
kérvény,application,Tom kitöltötte a kérvény-űrlapot.,Tom filled out the application form.
forró,hot,Elviselhetetlenül forró ez a nyár.,It is unbearably hot this summer.
nyilvánvalóan,obviously,Nyilvánvalóan fáradt volt.,He was obviously tired.
tisztázatlan,unclear,"Nem tiszta, mi okozta a károkat.",It's unclear what caused the damage.
számla; bankjegy; törvényjavaslat,bill,Ez egy igazi bankjegy.,This is an actual bill.
keres,search,Felkerekedtek kincset keresni.,They went in search of treasure.
elválaszt,separate,"Kérlek, válaszd külön a műanyagot a papírtól!",Please separate the plastic from the paper.
központi,central,Központi metaforájuk a szövőszék.,Their central metaphor is a loom.
karrier,career,Új karriert kezd.,She is starting a new career.
egyébként,anyway,"Egyébként is, ki kérdezte a véleményedet?",Who asked for your opinion anyway?
beszéd,speech,Beszéde mélyen érintette a hallgatóságot.,His speech deeply affected the audience.
kutya,dog,A szomszéd kutyája egész éjszaka ugatott.,The neighbor's dog barked all night.
rendőr,officer,Egy rendőr könnyebb sérüléseket szenvedett.,One police officer suffered minor injuries.
mindenhol,throughout,Ez minden sportnál érezteti hatását.,And this happened throughout the sports world.
olaj,oil,"Megnézné az olajat, kérem?","Would you check the oil, please?"
ruha; öltözik,dress,Színesen öltöznek az emberek abban a kultúrában.,People dress colorfully in that culture.
haszon,profit,Ennek a cégnek nagyon nagy a haszonkulcsa.,This company's profit margin is very big.
kitalál,guess,Kitaláltad a történet végét?,Did you guess the end of the story?
szórakoztató,fun,A garázs kitakarítása nem volt nagy szórakozás.,Cleaning the garage wasn't much fun.
véd,protect,Örökké nem védelmezheted a gyerekeidet.,You can't protect your children forever.
erőforrás,resource,Az egyik legértékesebb erőforrásunk.,It is our most valuable resource.
tudomány,science,Mindig érdekelt a tudomány.,I've always been interested in science.
betegség,disease,Ezt a betegséget baktériumok okozzák.,That disease is caused by bacteria.
egyensúly; mérleg,balance,De átbillenthetjük a mérleget.,But we can shift that balance.
kár,damage,Nem érkezett hír anyagi károkról és sebesültekről.,No damage or injuries were reported.
alap,basis,Az elméletednek nincs tudományos alapja.,Your theory has no scientific basis.
szerző,author,Ki ennek a könyvnek a szerzője?,Who is the author of this book?
alap-,basic,A matematika minden tudomány alapja.,Mathematics is basic to all sciences.
bátorít,encourage,"Bátorítalak, hogy csináld.",I encourage you to do so.
haj,hair,Hosszú haja teljesen nedves volt.,Her long hair was completely wet.
férfi,male,Férfi vagy nő volt az áldozat?,Was the victim male or female?
működik,operate,"Nem jövök rá, hogyan működik ez a gép.",I can't figure out how to operate this machine.
tükröz,reflect,"A szappanoperák tükrözik az életet, csak épp felnagyítva.","Soap operas reflect life, just bigger."
gyakorlat,exercise,Ismételje meg a gyakorlatot ötször.,Repeat this exercise five times.
hasznos,useful,Ez egy használható információ.,That's a useful piece of information.
étterem,restaurant,Tudna ajánlani egy olcsó éttermet?,Could you recommend an inexpensive restaurant?
jövedelem,income,Tíz százalékkal csökkent a jövedelmem.,My income has decreased ten percent.
tulajdon,property,A rabszolgákat tulajdonnak tekintették.,Slaves were considered property.
előző,previous,Nekem jobban tetszett az előző.,I liked the previous one better.
sötét,dark,Sötétedés előtt elértem a falut.,I reached the village before dark.
képzel,imagine,"Képzelheted, hogy ment.",You can imagine how it went.
rendben,okay,Mi majd segítünk neked. Rendben?,"We'll help you, okay?"
keres,earn,Mennyit keres egy tanár?,How much does a teacher earn?
lány,daughter,A polgármester lányát elrabolták.,The mayor's daughter has been kidnapped.
felad,post,"Elment a postára, hogy feladja a levelet.",He went to the post office to mail the letter.
újság,newspaper,Apám minden reggel újságot olvas.,My father reads the newspaper every morning.
definiál,define,Bizonyos szavak nehezen definiálhatóak.,Some words are hard to define.
következtetés,conclusion,Mi vezetett erre a következtetésre?,What led you to this conclusion?
óra,clock,Az óra a kandalló fölött van.,The clock is above the fireplace.
mindenki,everybody,"Ez olyan dolog, amit mindenki ismer.",This is something that everybody knows.
hétvége,weekend,Mit csinálsz a hétvégén?,What are you doing this weekend?
végez,perform,Ön végezte a műtétet?,Were you the one who performed the surgery?
hivatásos,professional,"Hivatásos zenész vagy, nem igaz?","You're a professional musician, aren't you?"
enyém,mine,"A bőröndöd pontosan úgy néz ki, mint az enyém.",Your suitcase looks exactly like mine.
vita,debate,Nézted az elnöki vitát?,Did you watch the presidential debate?
emlékezet,memory,Mi a kedvenc gyermekkori emléked?,What's your favorite memory from childhood?
zöld,green,A zöld szemeteszsák szivárog.,The green trash bag is leaking.
dal; ének,song,Inkább nem énekelném el azt a dalt.,I'd rather not sing that song.
ellenez,object,Nem ellenzem a tervedet.,I don't object to your plan.
tart,maintain,De neked kell karbantartanod.,But you have to maintain it.
hitel,credit,"Sajnálom, hitelkártyát nem fogadunk el.","Sorry, we don't accept credit cards."
csenget,ring,"Nem hallottam, hogy csengettetek.",I didn't hear the doorbell ring.
felfedez,discover,"Minden egyes alkalommal, amikor olvasom ezt a könyvet, felfedezek valami újat.","Every time I read this book, I discover something new."
halott,dead,Még egy lépés és halott vagy!,One more step and you're dead.
délután,afternoon,Délután találkozunk.,See you in the afternoon.
jobban szeret,prefer,A gofrit vagy a palacsintát szereted jobban?,Do you prefer waffles or pancakes?
kinyújt,extend,A kar kinyújtva a fej alatt.,The arm is extended below the head.
lehetőség,possibility,"Megvan a lehetősége, hogy esni fog.",There is a possibility of rain.
irány,direction,Rossz irányba mentek.,You're heading in the wrong direction.
létesítmény,facility,Ez egy atombiztos létesítmény.,This is a nuclear-proof facility.
változatosság; fajta,variety,Az üzlet sokféle könyvet kínál.,The store offers a wide variety of books.
napi; mindennapi,daily,A legtöbben a mindennapi életükről írnak.,Most people write about their daily life.
ruha,clothes,Miért nem cseréled át a ruhádat?,Why don't you change your clothes?
képernyő,screen,Melyik a kedvenc képernyővédőd?,What's your favorite screen saver?
nyom; pálya,track,Rossz nyomon jártam.,I was on the wrong track.
táncol,dance,Miért nem táncoltál vele?,Why didn't you dance with him?
teljesen,completely,"Teljesen elfelejtettem, hogy miről van szó.",I've completely forgotten what it's about.
kilenc,nine,Ez a vonat kilenckor indul.,This train leaves at nine o'clock.
nőstény,female,Az ünő nőstény szarvas.,A doe is a female deer.
felelősség,responsibility,"Tudod, ez a te felelősséged.",You know this is your responsibility.
eredeti,original,Hasonlítsuk össze a fordítást az eredetivel.,Let's compare the translation with the original.
nővér,sister,A nővérem mindig méregeti a súlyát.,My sister is always weighing herself.
szikla,rock,A szikla legördült a domboldalon.,The rock rolled down the hillside.
álom,dream,Csak egy rossz álom volt.,It was only a bad dream.
sem,nor,"Sohasem öltem, sem sebesítettem meg senkit.",I've never killed nor injured anybody.
egyetem,university,Melyik egyetemen tanulsz?,Which university are you studying at?
könnyen,easily,A gyerekeket könnyen lehet hirdetésekkel befolyásolni.,Children are easily influenced by advertising.
ügynökség,agency,A Wayne Megyei Gyermekvédelmi Ügynökség nemet mondott.,The Wayne County Child Welfare Protection Agency said no.
dollár,dollar,Valószínűleg még egy dollárba sem kerül.,That probably cost less than a dollar.
kert,garden,Ezek a virágok a kertünkből valók.,These are flowers from our garden.
javít,fix,Valaki meg tudja javítani a defektes gumit?,Can anyone fix a flat tire?
előre; előtte,ahead,Miért nem mégy előre?,Why don't you go on ahead?
átkel,cross,Biztonságos átkelni ezen a hídon?,Is it safe to cross this bridge?
igen,yeah,"Hát igen, én ezt tenném.","Yeah, that's what I'd do."
jelölt,candidate,Melyik jelöltet részesíted előnyben?,Which candidate do you prefer?
súly,weight,Nagyon aggódom a súlyom miatt.,I'm very worried about my weight.
jogi,legal,Nincs szükségem a jogi tanácsaidra.,I don't want your legal advice.
javaslat,proposal,A többség nem fogadta el a javaslatot.,The majority didn't accept the proposal.
verzió,version,"Kérlek, mondd el a verziódat, hogy mi történt.",Please tell me your version of what happened.
beszélgetés,conversation,Véletlen hallgatta ki a beszélgetést.,He overheard the conversation by accident.
valaki,somebody,Valaki itt hagyott egy esernyőt.,Somebody left an umbrella here.
font,pound,Ennek a marhahúsnak egy fontja négy dollárba kerül.,This beef is four dollars per pound.
folyóirat,magazine,Édesanyám folyóiratot olvas.,My mother is reading a magazine.
alak,shape,Még mindig elég jó formában vagyok.,I'm still in pretty good shape.
tenger,sea,A tenger mind jobban megmutatta nyers erejét.,The sea grew wilder and wilder.
azonnal,immediately,Gyere ide azonnal!,Come here immediately!
fogadtatás,welcome,Nem számítottam meleg fogadtatásra.,I didn't expect a warm welcome.
mosoly,smile,"Köszönöm, hogy mindig mosolyt csalsz az arcomra.",Thanks for always making me smile.
közlés,communication,A transzparencia az információ közléséről szól.,Transparency is about the communication of information.
ügynök,agent,Hol van a legközelebbi utazási ügynök?,Where is the closest travel agent?
hagyományos,traditional,Ez egy hagyományos magyar étel.,This is a traditional Hungarian dish.
kicserél,replace,Kicserélték az ablakokat a házunkban.,The windows were replaced in our house.
megítél,judge,Nem foglak megítélni.,I'm not going to judge you.
maga,herself,Ő maga készítette a tortát.,She made the cake herself.
hirtelen,suddenly,Hirtelen kialudtak a fények.,"Suddenly, all the lights went out."
generáció,generation,Nem értem a ti generációtokat.,I don't understand your generation.
becslés,estimate,Ez csak egy becslés.,It's only an estimate.
kedvenc,favorite,Ki a te kedvenc balkezes baseball-játékosod?,Who's your favorite left-handed baseball player?
nehézség,difficulty,A nyelvi nehézségek ellenére hamar összebarátkoztunk.,"In spite of the language difficulty, we soon became friends."
vásárol,purchase,Készpénzben fizettem a vásárlásért.,I paid for the purchase in cash.
lő,shoot,"Dobd el a fegyveredet, vagy lövök!",Drop your weapon or I'll shoot.
kihirdet,announce,A győztes még nem lett kihirdetve.,The winner hasn't yet been announced.
hacsak nem,unless,"Ne mondj semmit, hacsak nem fontos!",Don't say anything unless it's important.
független,independent,Én anyagilag független vagyok a szüleimtől.,I'm economically independent of my parents.
ajánl,recommend,Tudsz ajánlani egy jó könyvet?,Can you recommend a good book?
felmérés,survey,Ki végezte a felmérést?,Who did the survey?
többség,majority,A tanulók többsége átment.,The majority of students passed.
ragaszt,stick,Ragassz még egy bélyeget a borítékra!,Stick another stamp on the envelope.
kérés,request,Volna egy kérésem.,I would like to make a request.
milliárd,billion,Hét milliárd ember él a nagyvilágban.,There are about seven billion people in the world.
gazdag,rich,Nagyon gyorsan meggazdagodott.,He became rich very quickly.
szél,wind,A szél kidöntötte a kerítést.,The wind blew the fence over.
senki,none,Senki sem volt a szobában.,There were none in the room.
csere; kicserél,exchange,Szeretném kicserélni ezt az inget.,I'd like to exchange this shirt.
költségvetés,budget,A költségvetést figyelembe véve tudok dolgozni.,I can work within the budget.
híres,famous,Kalifornia a gyümölcseiről híres.,California is famous for its fruit.
vér,blood,Minden harmadik hónapban adok vért.,I donate blood every three months.
illő,appropriate,"Azt gondoltuk, a Gapminder illő név lesz.",So we thought Gapminder was appropriate.
tömb; akadályoz,block,Földcsuszamlás akadályozta a továbbhaladást.,Traffic was blocked by a landslide.
meleg,warm,A víz szépen meleg.,The water is nice and warm.
számol,count,Az a gyerek húszig tud számolni.,That child can count to twenty.
jelenet,scene,Nem akartam jelenetet rendezni.,I didn't want to cause a scene.
író,writer,Nagyszerű írónak tartom.,I consider him a great writer.
elégedett,content,Elégedett volt az életével.,She was content with her life.
megakadályoz,prevent,"Nem tehettél volna semmit, hogy megakadályozd, ami történt.",There's nothing you could've done to prevent that from happening.
biztonságos,safe,A repülő egy biztonságos leszállást hajtott végre.,The airplane made a safe landing.
meghív,invite,"Bárkit meghívhatsz, akit szeretnél.",You may invite anyone you like.
kever,mix,Nem keverem az üzletet a szórakozással.,I don't mix business with pleasure.
elem,element,Az ötödik a bizonytalanság eleme.,"And fifth, the element of uncertainty."
hatásos,effective,"Durva volt az eljárás, de hatásos.","The method was crude, but very effective."
kijavít,correct,Megpróbáljuk kijavítani a problémát.,We're attempting to correct the problem.
orvosi,medical,Az orvosok orvosi berendezéseket használnak.,Doctors use medical equipment.
bevall,admit,"Bevallom, nem figyeltem.",I admit I wasn't paying attention.
legyőz,beat,Legyőztem sakkban.,I beat him at chess.
telefon,telephone,Pár perc múlva csengett a telefon.,"Several minutes later, the telephone rang."
másolat,copy,"Meghagyta a titkárnőjének, hogy készítsen még egy másolatot.",He had his secretary make another copy.
bizottság,committee,A bizottság hétfőn ülésezik.,The committee meets on Monday.
tudatában van,aware,Tudatában vagyok a kockázatoknak.,I'm aware of the risks.
tanács,advice,Adhatok neked egy tanácsot?,Can I give you some advice?
fogantyú; nyél; kezel,handle,A csésze füle eltört.,The handle of the cup is broken.
kap,obtain,"Itt vannak az eredmények, amiket mostanában kaptunk.",Here are the results we just obtained.
pohár,glass,Valaki összetörte a poharat.,The glass was broken by someone.
próba,trial,Próbálkozások és hibák által tanulunk.,We learn by trial and error.
stressz; feszültség; megterhelés,stress,A munka sok stresszt okoz.,Work causes a lot of stress.
rádió,radio,Éppen rádiót hallgattak.,They were listening to the radio.
igazgatás,administration,A sárga dobozt hívták igazgatási épületnek.,The yellow box was called the administration complex.
komplex,complex,Felsőbbrendűségi komplexusa van.,He has a superiority complex.
szöveg,text,Milyen szövegszerkesztőt használsz?,What text editor do you use?
szövegkörnyezet,context,A szövegkörnyezettől függ.,It depends on the context.
lovagol,ride,"Tudja, hogyan kell tevén lovagolni.",He knows how to ride a camel.
közvetlenül,directly,Ez közvetlenül érint téged.,This directly concerns you.
nehéz,heavy,Az iskolatáskám nagyon nehéz.,My book bag is very heavy.
eltávolít,remove,A kávéfoltot nehéz volt eltávolítani.,It was difficult to remove the coffee stain.
vezet; levezényel; viselkedés,conduct,Ő fogja vezetni az interjút.,She will conduct the interview.
felszerelés,equipment,Ez egy szükséges felszerelés.,It's a necessary piece of equipment.
különben; egyébként,otherwise,"Menj azonnal, különben el fogsz késni.","Go at once, otherwise you will be late."
cím,title,Mi a film címe?,What's the title of the movie?
plusz; külön,extra,Tegyük meg azt a plusz erőfeszítést!,Let's go the extra mile.
ügyvezető,executive,A nyugdíjba vonuló ügyvezetőnek búcsúestet tartottak.,A farewell party was held for the executive who was retiring.
szék,chair,Ne forgolódj a székedben!,Stop spinning around in your chair!
drága,expensive,Keresek valami kevésbé drágát.,I'm looking for something less expensive.
minta,sample,Kérésemre válaszként egy mintát küldtek.,They sent me a sample in answer to my request.
nem; szex,sex,Nem ismert a baba neme.,The baby's sex is unknown.
szállít,deliver,Le tudjátok szállítani?,Can you deliver that?
videó,video,Háromszor megnéztem azt a videót.,I've watched that video three times.
kapcsolat,connection,Nincs kapcsolat.,There is no connection.
elsődleges; fő,primary,Sikerességének elsődleges oka az őszinteség.,Honesty is the primary reason for his success.
időjárás,weather,Gyönyörű ma az idő.,The weather is beautiful today.
gyűjt,collect,"Gyűjtsd össze a gondolataidat, mielőtt nekiállsz dolgozni.",Collect your thoughts before you begin your work.
informál,inform,Informálnunk kell őket.,We must inform them.
elv,principle,"Nem számít, az elv ugyanaz.","Regardless, the principle is the same."
egyenes,straight,Egyenesen idejöttem a próbáról.,I came straight here from rehearsal.
fellebbezés,appeal,A fellebbezést elutasították.,The appeal was rejected.
igen,highly,Az antianyag igencsak instabil.,Antimatter is highly unstable.
bizalom,trust,A kapcsolatunk bizalomra épül.,Our relationship is based on trust.
húsz,twenty,Húsz euró van a zsebemben.,I have twenty euros in my pocket.
csodálatos,wonderful,Az automobil egy csodálatos találmány.,The automobile is a wonderful invention.
lapos,flat,Defektes a biciklim hátsó kereke.,My bicycle's back tire is flat.
teljesen; feltétlenül,absolutely,Teljesen biztosnak kell benne lennünk.,We must be absolutely sure.
áramlás,flow,Visszafordították a folyó áramlását.,They reversed the flow of water.
korrekt,fair,Ez nem egy korrekt teszt.,This isn't a fair test.
további,additional,A hajóra további utasok szálltak.,The ship took on additional passengers.
felelős,responsible,Felelősnek érzem magamat a történtek miatt.,I feel responsible for what happened.
gazdaság; farm,farm,Egy gazdaságban dolgoznak.,They work on a farm.
gyűjtemény,collection,Szép kis gyűjteményed van.,You have quite a nice collection.
akaszt,hang,Akaszd be a kabátodat a szekrénybe!,Hang your jacket in the closet.
negatív,negative,A vércsoportom 0 negatív.,My blood type is O negative.
zenekar,band,A zenekar számos indulót játszott el.,The band played several marches.
relatív,relative,Minden relatív.,Everything is relative.
körút; túra,tour,Tavaly részt vettem az első könyvem promóciós körútján.,"Last year, I went on my first book tour."
másik; alternatíva,alternative,Van másik megoldás?,Is there an alternative solution?
szoftver,software,Hogyan tudom frissíteni ezt a szoftvert?,How can I update this software?
pár,pair,Ez a kettő jó párost alkot.,Those two make a fine pair.
hajó,ship,A hajó nyolckor indul.,The ship leaves at eight.
hozzáállás,attitude,Tetszik a hozzáállásod.,I like your attitude.
olcsó,cheap,Nem visel olcsó holmit.,She doesn't wear the cheap stuff.
dupla,double,Duplázd meg!,Make it a double.
láb,leg,A sebész rossz lábat vágott le.,The surgeon amputated the wrong leg.
megfigyel; észlel,observe,Csendben figyeltük a madarakat.,We observed the birds quietly.
mondat,sentence,Ez a mondat még nincs lefordítva.,This sentence hasn't yet been translated.
nyomtat,print,Ki tudnád ezt nyomtatni?,Can you please print this?
haladás,progress,Egy keveset sikerült haladni.,A little progress has been made.
igazság,truth,El kellett volna mondanod az igazságot.,You could've told me the truth.
senki,nobody,"Senki sem emlékszik rá, hogy kezdődött az egész.",Nobody remembers how it all started.
vizsgál,examine,"Meg kell, hogy vizsgáljalak.",I'll have to examine you.
fektet,lay,"Le kell fektetnünk néhány alapszabályt, mielőtt elkezdjük.",We should lay down a few ground rules before we begin.
sebesség,speed,Mennyi itt a sebességkorlátozás?,What is the speed limit here?
politika,politics,Semmit nem tud a politikáról.,He doesn't know anything about politics.
válaszol,reply,Elnézést kérek a késői válaszért!,I apologize for the late reply.
kijelző; megjelenít,display,"Köszönöm, hogy beállították a bemutatómat.",Thank you for setting up my display.
áthelyez,transfer,Szeretnék áthelyezést kérni.,I'd like to request a transfer.
tökéletes,perfect,Tökéletes idő volt a piknikhez.,The weather was perfect for a picnic.
egy kicsit,slightly,"A tevék egy kicsivel lassabbak, mint a lovak.",Camels are slightly slower than horses.
általános; összességében,overall,Az összesített eredmény jó volt.,The overall result was good.
szándékozik,intend,Szándékomban áll az utasításokat betartani.,I intend to obey those orders.
felhasználó,user,Kényelmes felhasználói kezelőfelületként szolgál.,It creates an easy user interface.
válaszol,respond,Nem válaszolt a kérdésemre.,He didn't respond to my question.
vacsora,dinner,Vacsoráztál már?,Have you eaten your dinner already?
lassú,slow,Miért ilyen lassú ez a weboldal?,Why is this website so slow?
szabályos,regular,Rendszeres foglalkoztatást garantáltak a munkásaiknak.,They guaranteed regular employment to their workers.
fizikai,physical,Tom kiváló fizikai állapotban van.,Tom is in excellent physical condition.
külön; darabokra,apart,Az egész terv darabokra hullik.,The whole plan is falling apart.
öltöny,suit,Készítek neked egy új öltönyt.,I'll make you a new suit.
szövetségi,federal,Ez egy szövetségi törvény.,This is a federal law.
felfed,reveal,Tud szép lenni. Felfedhet lélegzetelállító dolgokat.,It can be beautiful. It can reveal quite astonishing things.
százalék,percentage,A házasságok hány százaléka végződik válással?,What percentage of marriages end in divorce?
béke,peace,A világon mindenki békére vágyik.,Everybody in the world desires peace.
státusz; állapot,status,A drága autó státuszszimbólum.,An expensive car is a status symbol.
bűntény,crime,A büntetés legyen egyenértékű a bűncselekménnyel!,Let the punishment fit the crime.
hanyatlás,decline,"A gazdaságban nincsenek gyors folyamatok, kivéve a hanyatlást.",There are no quick processes in economics except decline.
évtized,decade,Az utóbbi évtized folyamán sok változást megértünk.,We have experienced many changes over the last decade.
elindít; fellő,launch,Holnap vezetik be a terméket.,They will launch the product tomorrow.
figyelmeztet,warn,"Ne mondd, hogy nem figyelmeztettelek.",Don't say I didn't warn you.
fogyasztó,consumer,Próbálj racionálisabb fogyasztó lenni.,Try to be a more rational consumer.
szívesség,favor,Viszonozni akarom a szívességet.,I want to return the favor.
száraz,dry,Kicsit száraz a torkom.,My throat is a bit dry.
társ,partner,Nem keresek társat.,I'm not looking for a partner.
intézmény,institution,Mit jelent ez az intézménynek?,What's in it for the institution?
folt,spot,"Oké, tehát itt láthatják a foltot.","Okay, so you can see here the spot."
ló,horse,A ló lefelé ügetett az úton.,The horse trotted down the road.
végül,eventually,Végül megtalálta a kulcsait.,He eventually found his keys.
hőség,heat,Előbb-utóbb meg fogod szokni a hőséget.,You'll eventually get used to the heat.
izgat; felizgat,excite,"Izgatottan várom az indulást, és készen állok.",I'm excited and ready to go.
olvasó,reader,Egyfajta papíralapú olvasó.,It's a sort of paper-based reader.
fontosság,importance,Kihangsúlyozta az oktatás fontosságát.,She emphasized the importance of education.
táv,distance,"Javaslom, tartsuk magunkat távol.",I recommend we keep our distance.
vezető,guide,A lelkiismereted legyen a vezetőd!,Let your conscience be your guide.
támogatás; megad,grant,A válasza egy támogatói program volt.,His response was a grant program.
taxi,taxi,A taxi két utast vett fel.,The taxi picked up two passengers.
etet,feed,A látogatók nem etethetik az állatokat.,Visitors may not feed the animals.
fájdalom,pain,Ez a gyógyszer csillapítja a fájdalmadat.,This medicine will decrease your pain.
ágazat; szektor,sector,A korrupció ebben az ágazatban egyáltalán nem meglepő.,"Corruption in that sector, no surprise."
hiba,mistake,Ne kövesd el másodszor is ugyanazt a hibát.,Don't make the same mistake twice.
biztosít,ensure,"Hogy biztosítjuk, hogy a technológia elér a felhasználókhoz?",How do you ensure technology reaches users?
kielégít,satisfy,Nehéz mindenkit kielégíteni.,It is difficult to satisfy everyone.
főnök,chief,Kérj engedélyt a főnöktől!,Ask the chief for permission.
menő,cool,"Azt hittem, hogy menő vagyok.",I thought that I was cool.
szakértő,expert,Ellenőriztessük egy szakértővel!,Let's check with an expert.
integet,wave,"Ki az a lány, aki integet nekem?",Who's that girl waving at me?
dél,south,A madarak délre repültek.,The birds flew to the south.
munka; vajúdás,labor,A vállalatnak szüksége van kétkezi munkásokra.,Manual labor is necessary in this company.
felszín,surface,A hold felszíne egyenetlen.,The surface of the moon is irregular.
könyvtár,library,Több tanuló jött a könyvtárba.,Several students came to the library.
kitűnő,excellent,Az apja kitűnő zongorista.,Her father is an excellent pianist.
szél,edge,"Kérem, lépjen hátrébb a peron szélétől!",Please step back from the edge of the platform.
tábor,camp,Visszatért a katonai táborba.,He returned to the army camp.
közönség,audience,Vedd fel a szemkontaktust a közönséggel!,Make eye contact with the audience.
emel,lift,"Ne emeljen súlyokat, ha még mindig fáj.",Don't lift weights if you're still sore.
eljárás,procedure,Ez a szokásos eljárás.,It's standard procedure.
e-mail,email,"Neked megvan az e-mail címem, ugye?","You have my email address, right?"
globális,global,A táncos közösség most globális.,The dance community is now global.
küzd; harcol,struggle,Tom nem harcolt.,Tom didn't struggle.
hirdet,advertise,Hogy lehet az interneten hirdetni?,How should you advertise on the Internet?
kiválaszt,select,Mi is egyike vagyunk a kevés kiválasztottnak.,We're one of the select few.
körbevesz,surround,A rendőrség körbevette az épületet.,The police have surrounded the building.
mérték; kiterjedés,extent,Bizonyos mértékig igazad van.,You're right to a certain extent.
folyó,river,Megmosakodtak a folyóban.,They washed themselves in the river.
éves; évenkénti,annual,Az éves találkozó májusban lesz.,The annual meeting is in May.
teljesen,fully,Teljesen megértelek.,I fully understand you.
ellentét; szembeállít,contrast,"Az Ushahidi, ezzel ellentétben, egy polgári érték.","Ushahidi, by contrast, is civic value."
gurít,roll,Gurítsd nekem a labdát!,Roll the ball to me.
valóság,reality,Elegendő képzelőerővel le lehet győzni a valóságot.,Reality can be beaten with enough imagination.
eloszlás,distribution,Csak az eloszlást figyeltük.,We only observed the distribution.
fotó,photograph,Fekete-fehér a fotó.,The photograph is black and white.
művész,artist,Ő a legnagyobb élő művész.,He is the greatest living artist.
konfliktus,conflict,Lehetetlen megoldani a konfliktust.,It is impossible to resolve the conflict.
teljes,entire,A teljes elképzelés 1996-ban született meg.,The entire concept came about in 1996.
jelenlét,presence,Szégyenlős volt a jelenlétében.,She felt shy in his presence.
tömeg,crowd,A zsebtolvaj eltűnt a tömegben.,The pickpocket disappeared into the crowd.
sarok,corner,Van egy bolt a sarkon.,There is a shop on the corner.
gáz,gas,Miért ennyire magas a gáz ára?,Why are gas prices so high?
műszak,shift,Megszokom hogy éjszakai műszakban dolgozom.,I'm getting used to working the night shift.
háló,net,Pontyot fogtam hálóval.,I caught a carp in a net.
kategória,category,Ez nem fér bele egyetlen kategóriába sem.,This doesn't fit into any category.
titkár,secretary,"Ön az új titkár, igaz?","You're the new secretary, aren't you?"
védelem,defense,E háromrészes védelmi mechanizmust már alkalmazzák.,This three-part defense mechanism is already in play.
gyors,quick,Lehet egy gyors kérdésem?,May I ask a quick question?
főz; szakács,cook,Meg kell tanulnod főzni.,You'll have to learn to cook.
terjed,spread,Mennyire terjedt szét a vírus?,How far has the virus spread?
nukleáris,nuclear,A nukleáris fegyverek az egész emberiségre nézve veszélyt jelentenek.,Nuclear weapons are a threat to all humanity.
mérleg; skála,scale,"Kérem, tegye a mérlegre.",Please put it on the scale.
sofőr; járművezető,driver,A sofőr megállította a buszt.,The driver stopped the bus.
labda,ball,A labda átgurult az úttesten.,The ball rolled across the road.
sírás,cry,Próbáltam elfojtani a feltörő sírást.,I'm trying very hard not to cry.
bemutatás,introduction,"A felszólaló olyan híres volt, hogy nem volt szükség bemutatásra.",The speaker was so famous as to need no introduction.
követelmény,requirement,A követelmény egyirányú.,The requirement only goes in one direction.
észak,north,Svédország Európa északi részén van.,Sweden is in the north of Europe.
megerősít,confirm,"Sem megerősíteni, sem cáfolni nem tudom a híreszteléseket.",I can neither confirm nor deny the rumors.
idősebb; vezető,senior,"Megközelítőleg 300 megtakarítás és hitel, mintegy 600 felső vezető tartozott bele.","Roughly 300 savings and loans involved, roughly 600 senior officials."
fotó,photo,Ez az utolsó közös fotónk.,This is our last photo together.
visszautasít,refuse,"Olyan ajánlat volt, amit nem utasíthattam vissza.",That was an offer I couldn't refuse.
szállít,transport,Az árut vízi úton szállították le.,The goods were transported by ship.
felbukkan,emerge,Mert valószínűleg felbukkannak az egyszerű válaszok.,Because simple answers may emerge.
térkép,map,Ez a hely nincs a térképen.,This place isn't on the map.
fogalom,concept,Tomnak fogalma sincs a valóságról.,Tom has no concept of reality.
sziget,island,Az a sziget trópusi éghajlatú.,That island has a tropical climate.
reform,reform,Mi a véleménye az egészségügyi reformról?,How do you feel about healthcare reform?
egyik sem,neither,A két könyv közül egyik sem érdekes.,Neither of those books is interesting.
foci,football,Semmit nem tudsz a fociról.,You don't know anything about football.
életben marad,survive,Szerinted életben maradok?,Do you think I'll survive?
repülés,flight,A madarak repülését tanulmányozta.,He studied the flight of birds.
bal,left,A bal lábadat amputálták.,Your left leg has been amputated.
megold,solve,Megpróbálom megoldani ezt a problémát.,I'm trying to solve this problem.
szomszéd,neighbor,Meghívtam a szomszédomat reggelire.,I invited my neighbor to breakfast.
háttér,background,Mindig a háttérben van.,He is always in the background.
technika,technique,Az ő technikája volt a legjobb.,His technique was the best.
forgalom,traffic,Nagy volt a forgalom?,Was there a lot of traffic?
javulás,improvement,Az javulás.,That's an improvement.
szerszám; eszköz,tool,Tedd a fogót a szerszámos ládába!,Put the pliers in the tool box.
következmény,consequence,A következmény nem igazán érint engem.,It is of little consequence to me.
körülmény,circumstance,Az új körülményeknek nem tudott megfelelni.,He couldn't adapt to new circumstances.
dohányzik,smoke,Ebben a helyiségben tilos a dohányzás.,You can't smoke in this room.
reakció,reaction,A te reakciód egyáltalán nem volt meglepő.,Your reaction wasn't surprising at all.
eső,rain,"Ahelyett, hogy elállt volna az eső, zuhogni kezdett.","Instead of stopping, the rain increased."
foglalt,busy,Nagyon el van foglalva a történetek írásával.,He is very busy writing stories.
lecke,lesson,Mára itt állunk meg a leckével.,We will end today's lesson here.
agy,brain,Ő egy kiváló agysebész.,He's an excellent brain surgeon.
tömeg,mass,Most áttértünk a kritikus tömegre.,Now we've switched to critical mass.
vicces,funny,Te ezt valóban viccesnek találod?,Do you really think that's funny?
hozzájárul,contribute,Mindenki szabadon hozzájárulhat.,Everyone is free to contribute.
kudarc,failure,Te vagy a hibás a kudarcért.,You're to blame for the failure.
beosztás,schedule,Nincs a nevem a beosztáson.,My name isn't on the schedule.
szónok,speaker,Ő egy jó szónok.,He is a good speaker.
alja; fenék,bottom,"Írd alá az alján, kérlek!","Sign at the bottom, please."
örökbe fogad,adopt,A feleségem örökbe akart fogadni egy gyermeket.,My wife wanted to adopt a child.
egyesít; kombinál,combine,Talán kombinálhatók.,Maybe you can combine them.
hegy,mountain,Együtt másztuk meg a hegyet.,We climbed the mountain together.
pocsékolás,waste,Itt tilos pocsékolni a vizet.,It's illegal to waste water here.
rejt,hide,"Menj, szaladj és rejtőzz el a hegyek között.",Run and hide in the mountains.
házasság,marriage,Apám ellenezte a házasságunkat.,My father objected to our marriage.
jegy,ticket,Meddig érvényes ez a jegy?,How long is this ticket valid?
étkezés,meal,Minden étkezés után vegye be ezt a gyógyszert.,Take this medicine after each meal.
kolléga,colleague,Gratuláltak kollégájuknak az előléptetéshez.,They congratulated their colleague on his promotion.
táska,bag,A táskáját teletömte almával.,She filled her bag with apples.
megismétel,repeat,Megismételnéd?,Can you please repeat that?
egyenlő,equal,Minden ember egyenlőnek lett teremtve.,All men are created equal.
kifejezés,expression,Sosem hallottam azt a kifejezést korábban.,I've never heard that expression before.
plusz; továbbá,plus,Négy plusz tizennyolc az huszonkettő.,Four plus eighteen is twenty-two.
rendkívül,extremely,Ez rendkívül veszélyes lesz.,Doing that will be extremely dangerous.
tulajdonos,owner,Én vagyok ennek az étteremnek a tulajdonosa.,I'm the owner of this restaurant.
repülőgép,plane,A repülő pontosan kilenckor érkezett.,The plane arrived exactly at nine.
reklám,commercial,Mi a kedvenc reklámod?,What's your favorite commercial?
hölgy,lady,Bemutatta nekem a hölgyet.,She introduced the lady to me.
szolgálat,duty,Szolgálatban van a rendőr.,The policeman is now on duty.
erő,strength,Ne becsüld alá a saját erődet!,Don't underestimate your own strength.
kapcsol,connect,"Ezen keresztül, emberekkel lépek kapcsolatba.","Through that, I connect to people."
kulturális,cultural,Ez valami kulturális dolog.,It's a cultural thing.
elrendez,arrange,Elrendezem.,I'll arrange that.
terv,scheme,Mindent tudok a kis tervedről.,I know all about your little scheme.
fizetés,payment,Milyen fizetési lehetőségek állnak rendelkezésre?,What payment options are available?
sajnos,unfortunately,Sajnos nem tudok jönni.,"Unfortunately, I can't come."
rövid,brief,Megpróbálom rövidre fogni.,I'll try to keep this brief.
madár,bird,Minnesota nemzeti madara a szúnyog.,Minnesota's state bird is the mosquito.
tüntet,demonstrate,A gyülekezési jog és a tüntetéshez való jog is korlátozott itt.,The right of assembly and the right to demonstrate are restricted there.
hozzájárulás,contribution,Engedjen meg egy szerény hozzájárulást.,Let me make a modest contribution.
értékel,appreciate,Értékelem a nézőpontodat.,I appreciate your point of view.
fejezet,chapter,Tanuld meg a következő fejezetet!,Study the next chapter.
titok; titkos,secret,Nem árulná el a titkot.,She would not disclose the secret.
állítólag,apparently,És állítólag ez nagyon népszerű volt.,And apparently it was quite popular.
regény,novel,Kiolvasták a regényt?,Have you finished reading the novel?
unió,union,Néhány európai ország nem tagja az Európai Uniónak.,Some countries in Europe are not part of the European Union.
ég,burn,A műanyag nem ég könnyen.,Plastic does not burn easily.
irányzat,trend,Ez a jelenlegi irányzat.,This is the current trend.
kezdeti; kezdőbetű,initial,A monogramom az aktatáskámon van.,My initials are on my briefcase.
gyönyörűség,pleasure,A gyönyörű matematikai magyarázatok nem csupán örömünkre szolgálnak.,And beautiful mathematical explanations are not only for our pleasure.
javaslat,suggestion,Ez egy nagyon jó javaslat.,That's a very good suggestion.
kritikus,critical,A helyzet kritikus.,The situation is critical.
összegyűjt,gather,Az ő feladata a tojások összegyűjtése volt.,It was his job to gather eggs.
nagyrészt,mostly,A fájdalom nagyrészt elmúlt.,The pain has mostly gone away.
föld,earth,A Hold kering a Föld körül.,The moon moves around the earth.
pukkan; popzene,pop,Szeretem a popzenét.,I like pop music.
alapvető; nélkülözhetetlen,essential,A félelem nélkülözhetetlen a túléléshez.,Fear is essential for survival.
kíván,desire,Nem kívánok tovább itt maradni.,I have no desire to stay here.
előléptet,promote,Három hónapja előléptettek.,I was promoted three months ago.
jelenleg,currently,Jelenleg mínusz tíz fok a hőmérséklet.,The temperature is currently ten degrees below zero.
alkalmaz,employ,A tanyán alkalmazzák.,He's employed on the farm.
ösvény,path,Eltüntette a havat az ösvényről.,He cleared the path of snow.
téma,topic,Váltsunk témát!,Let's change the topic.
strand; tengerpart,beach,A parton napoztak.,They were sunbathing on the beach.
vonz,attract,A negatív elektronok vonzzák a pozitív elektronokat.,Negative electrons attract positive electrons.
részt vesz; leköt; eljegyez,engage,Részt vesznek a beszélgetésben.,They engage in conversation.
erőteljes,powerful,Ez elég erőteljes.,That's quite powerful.
virág,flower,Nagyon erős illata van annak a virágnak.,That flower has a strong smell.
válság,crisis,Hogyan jutunk túl ezen a válságon?,How can we get past this crisis?
rendez,settle,Rendezzük el ezt egyszer s mindenkorra!,Let's settle this once and for all.
csónak,boat,Csónakkal keltünk át a folyón.,We crossed the river by boat.
segítség; segít,aid,A fejlett országoknak segíteniük kell a fejlődő országokon.,Advanced countries must give aid to developing countries.
ventilátor; rajongó,fan,Az íróasztalon van egy ventilátor.,There's a fan on the desk.
konyha,kitchen,Még nem takarítottam ki a konyhát.,I haven't yet cleaned the kitchen.
kétszer,twice,Naponta kétszer mosok fogat.,I brush my teeth twice a day.
friss,fresh,Ezek közül egyik tojás sem friss.,None of these eggs are fresh.
késés,delay,Volt egy kis késésünk.,We had a slight delay.
biztonság,safety,Aggódik a biztonsága miatt.,She is anxious about her safety.
mérnök,engineer,A fiatal mérnöknek nem volt tapasztalata.,The young engineer lacked experience.
csendes,quiet,Néha jobb csendben maradni.,Sometimes it's better to keep quiet.
biztosítás,insurance,"Remélem, van biztosítása önnek.",I hope you have insurance.
ápoló; ápolónő,nurse,Az ápoló megmérte a hőmérsékletemet.,The nurse checked my temperature.
oszt,divide,Így osztják fel a termeket.,This is how they divide classrooms.
hossz,length,A folyó 500 mérföld hosszú.,This river is 500 miles in length.
nyomozás,investigation,A rendőrség folytatta a nyomozását.,The police continued their investigation.
csomag,package,Érkezett neked egy csomag.,A package arrived for you.
valahol,somewhere,Valahol otthagytam a kulcsaimat.,I left my keys somewhere.
kiterjeszt,expand,"Álmodni sem mertem volna, hogy az USA-ra is kiterjesztjük majd a vállalkozásunkat.",Little did I dream that we would expand our business to the U.S.
elkövet,commit,Megpróbált öngyilkosságot elkövetni.,She tried to commit suicide.
nyilvánvaló,obvious,Ennek oka nyilvánvaló.,The reason for this is obvious.
ugrik,jump,Milyen magasra tudsz ugrani?,How high can you jump?
fegyver,weapon,Soha nem találták meg a gyilkos fegyvert.,The murder weapon was never found.
viszonylag,relatively,A pénz- és a kötvénypiac viszonylag nyugodt.,Currency and bond markets are relatively calm.
házigazda; műsort vezet,host,Ő lesz a rendezvény házigazdája.,She will host the event.
tél,winter,Családom minden télen síelni jár.,My family goes skiing every winter.
kerület,district,Ez a kerület már nem biztonságos lakóhely.,That district is no longer a safe place to live in.
széles; tág,broad,"Ezúttal a teszt hatóköre elég tág, nem?",Isn't the scope of the test pretty broad this time?
elfárad,tire,Szellemileg és fizikailag elfáradtam.,I was mentally and physically tired.
tavasz,spring,Ezek a virágok tavasszal nyílnak.,These flowers bloom in the spring.
lélek,spirit,Lélekben önnel leszek.,I'll be with you in spirit.
ebéd,lunch,Néha még ott is ebédel.,"He sometimes eats lunch there, too."
tényleges,actual,"A tényleges ár alacsonyabb volt, mint gondoltam.",The actual price was lower than I'd thought.
medence,pool,Halászd ki a törölközőt a medencéből!,Fish the towel out of the swimming pool.
csata,battle,Tizennyolc perccel később a csatának vége lett.,"Eighteen minutes later, the battle was over."
hagyomány,tradition,Ez családi hagyomány.,This is a family tradition.
készpénz,cash,Szeretnék felvenni egy kis készpénzt.,I'd like to withdraw some cash.
alig,hardly,Szinte alig szoktam panaszkodni akármire is.,I hardly ever complain about anything.
díj,award,Én is nyertem egy díjat.,I won an award as well.
edző,coach,"Az edző nem engedte, hogy játsszak.",The coach didn't let me play.
kísérlet,experiment,Megmagyarázta miért volt sikertelen a kísérlet.,He explained why the experiment failed.
megfontolás,consideration,Ez alapos megfontolást igényel.,That requires careful consideration.
különös,strange,Számomra valami különösnek tűnt.,I thought that something was strange.
kód,code,Miért nem működik a kódom?,Why is my code not working?
esetleg; lehetségesen,possibly,"Esetleg, a baleset késleltetni fogja az érkezését.","Possibly, the accident will delay his arrival."
fenyegetés,threat,A meteorit becsapódások komoly fenyegetést jelentenek.,Meteor strikes are a serious threat.
baleset,accident,A baleset annál a kereszteződésnél történt.,The accident happened at that intersection.
lehetetlen,impossible,Lehetetlen megjósolni a jövőt.,It's impossible to predict the future.
bevétel,revenue,"A 2006-2007-es költségvetésben a várt állami bevétel 2,5 billió shilling volt.","In the 2006-2007 budget, expected revenue: 2.5 trillion shillings."
lehetővé tesz,enable,"A repülőgépek lehetővé teszik az emberek számára, hogy nagy távolságokat gyorsan leküzdjenek.",Airplanes enable people to travel great distances rapidly.
fél,afraid,Ne félj a hibák elkövetésétől!,Don't be afraid of making mistakes.
aktív,active,Aktív vulkáni hegy az.,That mountain is an active volcano.
befejez,conclude,Szóval két dologgal szeretném befejezni.,So I want to conclude with two things.
vallási,religious,A szüleim nagyon vallásos emberek.,My parents are very religious people.
rák,cancer,A rák átterjedt a gyomrára.,The cancer has spread to her stomach.
meggyőz,convince,Kit kell meggyőznünk?,Who do we have to convince?
változik; eltér,vary,A vélemények személyenként eltérőek.,Opinions vary from person to person.
környezeti,environmental,A környezetszennyezés rendellenes időjárási viszonyokhoz vezet.,Environmental pollution is causing abnormal weather conditions.
nap,sun,Süt a nap.,The sun is shining.
egészséges,healthy,Próbálj egészséges ételt enni!,Try to eat healthy food.
fúj,blow,Fújd fel a léggömböket!,Blow up the balloons.
hangerő; kötet,volume,Tudnád csökkenteni a hangerőt?,Could you turn the volume down?
helyszín; hely,location,Mi a pontos tartózkodási helyed?,What's your precise location?
befektet,invest,Harmadik: befektetés az innovációba.,Number three: invest in innovation.
halad,proceed,Haladjunk!,Let's proceed.
mos,wash,Miért nem mostál kezet?,Why didn't you wash your hands?
színész,actor,"Úgy nézek ki, mint egy színész?",Do I look like an actor?
örül; boldog,glad,"Örülök, hogy látlak.",I am glad to see you.
szalag,tape,Tom elvágta a szalagot.,Tom cut the tape.
míg,whereas,"Míg a korrektúrázás gépies feladat, az egyeztető lektorálás szövegértelmező.","Whereas copyediting is mechanical, query proofreading is interpretive."
ellentétes,opposite,A játék a munka ellentéte.,Play is the opposite of work.
kő,stone,Szép kavicsokat szedett fel.,She picked up beautiful stones.
összeg,sum,Ezer dollár nagy összeg.,A thousand dollars is a large sum.
gyilkosság,murder,Gyilkosságért tartóztatták le.,He was arrested for murder.
monitor; figyel,monitor,A monitor az íróasztalon van.,The monitor is on the desk.
katona,soldier,Katona akarok lenni.,I want to be a soldier.
pénzügyek,finance,A pénzügyi viselkedéstan előtt hosszú út áll még.,Behavioral finance has a long way to go.
gyűlöl,hate,"A szerelem vak, úgy ahogy a gyűlölet is.",Love is blind just like hate.
tojás,egg,Szedj ki egy tojást a hűtőből!,Get an egg from the fridge.
hangverseny,concert,Gyere el a hangversenyemre holnap este.,Come to my concert tomorrow evening.
megráz,shock,Ez igazán megrázó volt számomra.,It was a great shock to me.
kényelmes,comfortable,Hadd öltözzek át valami kényelmesebbe.,Let me change into something comfortable.
szokásos,usual,A szokásos helyen találkozzunk.,Let's meet at the usual place.
gondosan,carefully,Gondosan meg kellett válogatnia a szavait.,She had to choose her words carefully.
csomagol; csomag,pack,"Kérlek, csomagold be a ruháidat!",Please pack your clothes.
felidéz,recall,Gyakran felidézem a boldog gyerekkorom emlékeit.,I often recall my happy childhood memories.
bor,wine,A bor tökéletes kiegészítője volt az ételnek.,The wine complemented the meal perfectly.
kamera,camera,Harmincötezer jenért vettem ezt a kamerát.,"I bought this camera for 35,000 yen."
úszik,swim,Éjszaka úszni veszélyes.,It's dangerous to swim at night.
gyárt,manufacture,Olajokat számos termék gyártásához használnak.,Oils are used to manufacture many products.
színház,theater,Menjünk együtt színházba.,Let's go to the theater together.
ciklus; kerékpározik,cycle,Hogyan lehet megtörni a ciklust?,So how to break that cycle?
kávé,coffee,Egy légy van a kávéban.,There is a fly in the coffee.
teljesen,totally,Teljesen megfeledkeztem a gyűlésről.,I totally forgot about the meeting.
múzeum,museum,A múzeum bezár a felújítások idejére.,The museum is closing for restorations.
látogató,visitor,Látogatónk van.,We have a visitor.
szabadság,freedom,A szabadság mindenkinek fontos.,Freedom is important to everyone.
építés,construction,Iskolánk tornacsarnoka építés alatt áll.,Our school's gym is under construction now.
kedves,dear,Igazán kedves vagy hozzám.,You're very dear to me.
cél,objective,Az a célom.,That's my objective.
továbbá; ráadásul,moreover,"Sőt, működnie is kell.","And moreover, it has to work."
-ra/-re,onto,Tom ráállt a fürdőszobai mérlegre.,Tom stepped onto the bathroom scales.
történelmi,historical,A színészek történelmi jelmezben játszottak.,The actors appeared in historical costumes.
ellenez,oppose,A halálbüntetés ellen vagy mellett vagy?,Do you support or oppose the death penalty?
fiók,branch,Tom fiókvezető.,Tom is a branch manager.
jármű,vehicle,A járművet ellopták.,The vehicle is stolen.
tudós,scientist,Milyen tudósok önök?,What kind of scientist are you?
út,route,Bizonyára útközben elveszítettem a kulcsot.,I must've lost the key en route.
összeköt,bind,Összekötötték a lábait.,They bound his legs together.
tartozik,belong,Kihez tartozik ez a bőrönd?,Who does this suitcase belong to?
íz,taste,Az ételnek nem volt nagyon jó íze.,The food didn't taste very good.
ma éjjel,tonight,Ma este nagyon szépek a csillagok.,The stars look very beautiful tonight.
divat,fashion,A szoknyád divatjamúlt.,Your skirt is out of fashion.
veszély,danger,Ennek a betegnek az élete veszélyben van.,This patient's life is in danger.
bomba,bomb,A bomba 10 másodpercen belül robban.,The bomb will explode in 10 seconds.
hadsereg,army,Be kellett vetni a hadsereget is.,The army had to get involved.
veszélyes,dangerous,A bányászok veszélyes körülmények között dolgoznak.,The miners work in dangerous conditions.
csökkenés,decrease,Ez kétharmados csökkenés.,This is a decrease by two-thirds.
fáj,hurt,Ebben a cipőben fájnak kicsit a lábaim.,These shoes hurt me a little.
tanács,council,"Ez az egyik szereplő, a Biztonsági Tanács.","That's one actor, the Security Council."
szerkesztő,editor,"Tudom, hogy ön egy népszerű tudományos magazin szerkesztője.",I know that you're the editor of a popular scientific magazine.
normálisan,normally,Ilyenkor általában nincs ekkora hőség.,It isn't normally this hot this time of year.
látás,sight,Első látásra felismertem.,I recognized her at first sight.
teremt,generate,A turizmus számos új munkahelyet teremtett.,Tourism generated many new jobs.
ajándék,gift,Lepd meg a feleségedet ajándékkal.,Surprise your wife with a gift.
kézbesítés; szállítás,delivery,A szállítmány ma érkezett meg.,The delivery arrived today.
tagad,deny,Még mindig tagadja a bűnösségét?,Do you still deny your guilt?
vendég,guest,Nincs rajta ön a vendéglistán.,You're not on the guest list.
bárki,anybody,"Soha nem állt szándékomban, hogy bárkit megbántsak.",I never intended to hurt anybody.
hálószoba,bedroom,A hálószoba az emeleten van.,The bedroom is upstairs.
idéz,quote,Honnan vetted ezt az idézetet?,Where did you find this quote?
felmászik,climb,Felmásztunk a meredek hegyre.,We climbed up the steep mountain.
lényegében,basically,Lényegében ezt csináltuk.,So that's what we basically did.
erőszak,violence,Túl sok erőszak megy a tévében.,There's too much violence on television.
miniszter,minister,A miniszterelnök találkozott a sajtóval.,The Prime Minister met with the press.
főleg,mainly,"Főleg, hogy olajbefogó hálókat és diszperzánsokat használnak.",Mainly what they're doing is booms and dispersants.
száj,mouth,Ne beszélj teli szájjal!,Don't speak with your mouth full.
zaj,noise,A zaj zavarta a tanulásban.,The noise distracted him from studying.
mód,manner,Tom nyers modora sok embert elriaszt.,Tom's abrupt manner puts a lot of people off.
fegyver; pisztoly,gun,Megyek a puskámért.,I'm going to get my gun.
négyzet; tér,square,"Egy négyzet mindig derékszögű négyszög, de egy derékszögű négyszög nem mindig négyzet.","A square is always a rectangle, but a rectangle is not always a square."
alkalom,occasion,Tartsuk meg egy következő alkalomra.,Let's reserve that for another occasion.
ismerős,familiar,Ismerősnek tűnik az arcod.,Your face looks familiar.
figyelmen kívül hagy,ignore,"Azok az emberek, akik figyelmen kívül hagyják a történelmet, meg szokták ismételni azt.",People who ignore history tend to repeat it.
pusztít,destroy,El kell pusztítanunk.,We must destroy it.
ügy,affair,Ez az egész ügy az egekig bűzlik.,This whole affair stinks to high heaven.
polgári,civil,Mindenkinek vannak polgári jogai.,Everyone has civil rights.
helyez,locate,Az állomás e két város között helyezkedik el.,The station is located between these two towns.
polgár,citizen,Egy jó polgár betartja a törvényeket.,A good citizen obeys the laws.
hőmérséklet,temperature,Mennyi a hőmérséklet odakint?,What is the temperature outside?
arany,gold,Aranygyűrűt visel.,She wears a gold ring.
belföldi; háztartási,domestic,Ez egy belföldi járat.,This is a domestic flight.
teher,load,A teherautó egy rakomány bútort szállított.,The truck carried a load of furniture.
meggyőződés,belief,Ez egy elterjedt meggyőződés.,That is a common belief.
csapat; katona,troop,A csapat észak felé indult.,The troop moved north.
műszaki,technical,Nem volt hagyományos műszaki képzettségük.,They had no conventional technical background.
emlékeztet,remind,Emlékeztet valakire?,Does this remind you of anybody?
elrendezés,arrangement,Megváltoztattam a bútorok elrendezését a szobámban.,I changed the arrangement of the furniture in my room.
bőr; héj,skin,Száraz a bőröm.,My skin is dry.
börtön,prison,Az iskola egy börtönnek tűnik.,The school looks like a prison.
kapcsoló,switch,Ne kapcsold le a villanyt.,Don't switch the light off.
szerez,acquire,A kutatóknak kötelező beleegyezési nyilatkozatot szerezniük.,Researchers are mandated to acquire document-informed consent.
vállalati,corporate,Ez vállalati döntés.,This is a corporate decision.
meglehetősen; méltányosan,fairly,Méltányosan bánnak velünk.,We're being treated fairly.
fa,wood,Ez az asztal fából készült.,This table is made from wood.
részt vesz,participate,"Meggyőztem a bátyámat, hogy részt vegyen.",I persuaded my brother to participate.
nehéz; kemény,tough,Ez a munka nehéz.,This job is tough.
könny,tear,Egy könnycsepp gördült le az arcán.,A tear ran down her cheek.
képviselő,representative,Ő a kanadai kormány egy hivatalos képviselője.,He's an accredited representative of the Canadian government.
kapacitás,capacity,Gyáraink teljes kapacitással dolgoznak.,Our factories are working at full capacity.
határ,border,Át kell mennünk a határon.,We need to cross the border.
ráz,shake,Rázza fel az üveget használat előtt!,Shake the bottle before using.
értékelés,assessment,"Azt hiszem, ez egy pontos értékelés.",I think that's an accurate assessment.
cipő,shoe,Ez a cipő egy számmal nagyobb.,This shoe is a size bigger.
kell,ought,Ide kellett volna érkeznie.,He ought to have arrived here.
hirdetés,ad,Láttam a hirdetést az interneten.,I saw the ad online.
díj,fee,Mennyi a belépti díj?,How much is the entrance fee?
terem; csarnok,hall,A teremben kétezer ember fér el.,The hall holds two thousand people.
előírás,regulation,Meg lehet kerülni ezt az előírást?,Can you get around that regulation?
elmenekül; megszökik,escape,A madár megszökött a kalitkájából.,The bird escaped from its cage.
stúdió,studio,A stúdió a közelben van.,The studio is nearby.
megfelelő,proper,"Azután, megfelelő tudományra, megfelelő bizonyítékokra is szükségünk van.","Next, we need proper science, proper evidence."
kikapcsolódni,relax,A zenehallgatás egy nagyszerű lehetőség a kikapcsolódásra.,Listening to music is a great way to relax.
turista,tourist,Ez egy fő turisztikai látványosság.,It's a major tourist attraction.
komponens,component,A fegyelem a siker legfontosabb komponense.,Discipline is the most important component of success.
megengedhet magának,afford,Nem engedhetek meg magamnak egy új autót.,I cannot afford a new car.
jogász,lawyer,Miért lettél jogász?,Why did you become a lawyer?
gyanakszik,suspect,Gyanakszol valakire?,Do you suspect anyone?
csésze,cup,Mit szólnál még egy csésze kávéhoz?,How about another cup of coffee?
leírás,description,Nem túl világos a leírás.,The description isn't very clear.
magabiztosság,confidence,"Amikor megdicsérnek bennünket, magabiztosabbak leszünk.","When we're praised, we gain confidence."
ipari,industrial,Az ipari forradalom első ízben Angliában ment végbe.,The Industrial Revolution took place first in England.
panaszkodik,complain,Panaszkodott a zaj miatt.,She complained about the noise.
nézőpont,perspective,"Nos, tényleg csak annyi, hogy változtassanak nézőpontot.","Well, really, just change your perspective."
hiba,error,Hibát vétettem a számításban.,I made an error in the calculation.
letartóztatás,arrest,Ezért letartóztathatna a rendőrség.,The police could arrest you for that.
értékel,assess,Hogyan értékeli ezeket a fejleményeket?,How do you assess these developments?
bejegyez,register,"Nagyon alacsony újdonság-küszöb, akárki bejegyeztethet akármit.","Very low novelty standard, anybody can register anything."
érték,asset,"Ma úgy beszélünk róluk, mint értékről.",Today we talk of people as an asset.
jel,signal,A jelzés zöldre váltott.,The signal turned green.
ujj,finger,Késsel megvágtam az ujjam.,I cut my finger with a knife.
releváns,relevant,Ez releváns a munkádban?,Is that relevant to your work?
kutat,explore,Kutatható-e a sztratoszféra?,Is it possible to explore the stratosphere?
vezetés,leadership,Erős vezetésre volt szükség.,Strong leadership was needed.
születésnap,birthday,"Köszönöm, hogy emlékszel a születésnapomra.",Thank you for remembering my birthday.
elkötelezettség; kötelezettség,commitment,Sajnos már elköteleztem magam.,"Unfortunately, I had another commitment."
felébreszt,wake,Próbáltam nem felébreszteni téged.,I tried not to wake you up.
szükségszerűen,necessarily,"Ez nem jelenti azt szükségszerűen, hogy igazad van.",It doesn't necessarily mean that you're right.
világos,bright,A városok fényesen ragyognak.,The cities are shown shining bright.
keret; bekeretez,frame,Ez a keret fából készült.,This frame is made of wood.
lassan,slowly,"Tudna kérem, még egy kicsivel lassabban beszélni?","Would you speak more slowly, please?"
kötvény,bond,Államkötvényeket vásárolt.,He bought government bonds.
felvesz; alkalmaz,hire,"Már eldöntötted, kit bérelsz fel?",Have you decided who you'll hire?
lyuk,hole,Lyukas az inged.,There's a hole in your shirt.
köt,tie,Tudsz hurkot kötni?,Can you tie a bow?
belső,internal,"Attól tartok, belső vérzésem van.",I'm afraid I have internal bleeding.
lánc,chain,Láncdohányos vagyok.,I'm a chain smoker.
irodalom,literature,Leginkább a klasszikus irodalom érdekel.,I'm very interested in classical literature.
áldozat,victim,Én nem tartom magam egy áldozatnak.,I don't consider myself a victim.
fenyeget,threaten,Ne fenyegess! Nem fogok semmit mondani.,Don't threaten me. I won't say anything.
osztás,division,"Az osztás nehezebb, mint az összeadás.",Division is harder than addition.
biztonságos; megszerez,secure,Biztonságos?,Is it secure?
elképeszt,amaze,Elképesztő lenne.,That would be really amazing.
szerkezet,device,Sajnos azonban a szerkezetet szétszerelték.,"Sadly, this device has been dismantled."
születés; szülés,birth,Mi a születési dátumod?,What is your date of birth?
erdő,forest,Az erdőben vadállatok élnek.,Wild animals live in the forest.
címke,label,Oda van írva a címkére.,It's written on the label.
gyökér,root,A nyomor a gyökere minden rossznak.,Poverty is the root of all evil.
gyár,factory,Ez a gyár naponta 500 autót állít elő.,This factory produces 500 automobiles a day.
költség,expense,Saját költségen adta ki a könyvet.,She published the book at her own expense.
csatorna,channel,"Nem baj, ha átkapcsolok másik csatornára?",Is it OK if I change the channel?
nyomoz,investigate,Nyomozzunk!,Let's investigate.
ajánlás,recommendation,Mindent a főnököm ajánlásának köszönhetek.,The recommendation from my boss made all the difference.
rang,rank,A rang előjogokkal jár.,Rank has its privileges.
jellemző,typical,Ez egy jellemző blog.,This is a typical blog.
nyugat,west,A Nap mindig nyugaton nyugszik le.,The sun always sets in the west.
baráti,friendly,Minden osztálytársával barátságos.,He's friendly with all his classmates.
rezidens,resident,Talán nem akartam túl sok törődést igénylő rezidens lenni.,Maybe I didn't want to be a high-maintenance resident.
koncentrál; összpontosít,concentrate,Nem tudok koncentrálni ebben a zajban.,I can't concentrate in this noise.
bőség,plenty,És bőven van napenergiájuk.,And they have plenty of solar.
exportál,export,Ezek tulajdonképpen vízmolekulákat exportálnak ki.,They actually export water molecules through.
teljesen,entirely,Nem teljesen őrültség az elképzelésed.,Your idea is not entirely crazy.
erősen,strongly,Erősen ellenzem a kompromisszumot.,I'm strongly opposed to a compromise.
híd,bridge,A hidat még mindig építik.,The bridge is still under construction.
áll valamiből,consist,Miből kell állnia az egészséges reggelinek?,What should a healthy breakfast consist of?
diplomázik,graduate,"Azt tervezzük, hogy a diplomaosztás után egybekelünk.",We plan to get married after we graduate.
márka,brand,Milyen márkájú cigarettát szívsz?,What brand of cigarettes do you smoke?
erkölcsi,moral,Nincsenek erkölcsi értékei.,He has no moral values.
ragaszkodik,insist,Ragaszkodom a jelenlétedhez.,I insist on your being present.
kombináció; egyesítés,combination,Ez egy egyedülálló kombináció.,It's such a unique combination.
bántalmazás; visszaélés,abuse,Ez hatalommal való visszaélés.,That's an abuse of authority.
repülőtér,airport,Melyik a világ legforgalmasabb repülőtere?,What's the busiest airport in the world?
jég,ice,Vegyetek bátran a jégkrémből.,Help yourselves to some ice cream.
igazgató; fő,principal,Tiszteletlenül hátat fordított az igazgatónak.,He rudely turned his back to the principal.
mester,master,Mesterére akadt.,He found his master.
biztosan,definitely,Az ön temetésén biztosan ott leszek.,I will definitely attend your funeral.
ülés,session,Ez az ülés az idegtudomány határairól szól.,So this is a session on frontiers in neuroscience.
osztályzat; évfolyam,grade,Jó osztályzatot kapott matematikából.,He got a good grade in mathematics.
mindazonáltal,nevertheless,Mindazonáltal innentől kezdtek az eredményeink rohamosan javulni.,"Nevertheless, from this time on, our results continued to improve rapidly."
megjósol,predict,Senki sem tudja pontosan megjósolni az időjárást.,Nobody can predict the weather exactly.
korábban,previously,Korábban már találkoztam vele.,I had previously met him.
védelem,protection,Ezeknek a fáknak szükségük van a védelmünkre.,These trees need our protection.
javarészt,largely,Javarészt idősek otthonában dolgozom.,"I work in old-age homes, largely."
összeházasodik,wed,Júniusban terveznek összeházasodni.,They plan to wed in June.
bérleti díj; bérel,rent,Mennyi a bérleti díj?,How much is the rent?
lövés,shot,Micsoda nagyszerű lövés!,What a great shot!
megjelenés; kinézet,appearance,Meglepődött a kinézetén.,She was surprised at his appearance.
észszerű,reasonable,Számomra ez észszerűnek tűnik.,That seems reasonable to me.
garantál,guarantee,Ezt nem tudom neked garantálni.,That's something that I can't guarantee.
amíg,till,"Nincs vége mindaddig, amíg nem vagyunk túl rajta.",It ain't over till it's over.
téma,theme,"Válasszunk olyan témát, ami kapcsolódik a mögöttes konfliktushoz.",Choose a theme related to the underlying conflict.
megítélés,judgment,A megítélésedre hagyatkozom.,I trust your judgment.
furcsa,odd,Valami furcsát láttak.,They saw something odd.
helyesel,approve,Nem helyeslem a magatartását.,I don't approve of his conduct.
kölcsön,loan,Tudnál kölcsönadni harminc dollárt?,Could you loan me thirty dollars?
definíció,definition,"Keresd meg a szótáradban a ""srác"" definícióját.",Look up the definition of 'guy' in your dictionary.
választ,elect,Parlamenti képviselővé választották.,He was elected a member of parliament.
légkör,atmosphere,A holdnak nincs légköre.,The moon doesn't have an atmosphere.
gazda; földműves,farmer,Földműves leszek.,I'm going to be a farmer.
összehasonlítás,comparison,Nem tetszik ez az összehasonlítás.,I don't like this comparison.
jellemző,characteristic,Az udvarias magatartás a japán emberek jellemzője.,A polite manner is characteristic of Japanese people.
engedély,license,Megbírságoltak engedély nélküli horgászásért.,I was fined for fishing without a license.
bízik,rely,Túlságosan soha ne bízz másokban.,Never rely too much upon others.
szűk,narrow,Le kell szűkítenünk.,We've got to narrow it down.
sikerül,succeed,"Biztos vagyok benne, hogy sikerülni fog.",I'm sure you will succeed.
identitás,identity,Aztán fölvett egy új identitást.,"Afterwards, he assumed a new identity."
íróasztal,desk,Egy szótár van az íróasztalon.,There's a dictionary on the desk.
engedély; megenged,permit,Az itteni parkoláshoz engedély kell.,You need a permit to park here.
komolyan,seriously,Ezt komolyan kellene venned.,You should take this seriously.
vad,wild,"Semmi sem nőtt ott, a vad levendulát leszámítva.",Nothing grew there besides wild lavender.
üres,empty,Üres az államkassza.,The government's coffers are empty.
bizottság,commission,A fa a Norvég Erdészeti Bizottságtól származik.,This is Norwegian Forestry Commission wood.
egyedi,unique,Ezeknek a virágoknak egyedülálló illata van.,These flowers have a unique smell.
asszociáció,association,Az agy asszociációk alapján működik.,The brain works by association.
hangszer,instrument,Nem játszom hangszeren.,I don't play any instrument.
befektető,investor,A befektető további részvényeket vett.,The investor bought more shares.
praktikus,practical,Adott nekem néhány praktikus tanácsot.,She gave me some practical advice.
tea,tea,Tea után folytatjuk az összejövetelt.,We'll resume the meeting after tea.
kedves; gyönyörű,lovely,Milyen kedves meglepetés!,What a lovely surprise!
lágy,soft,Lágy és tiszta hangja van.,She has a soft and clear voice.
sor,row,Az én ülésem a harmadik sorban van. A tiéd hol?,My seat is in the third row. Where are you sitting?
ifjúság; fiatalság,youth,"Élvezd az ifjúságod, amíg tart!",Enjoy your youth while it lasts.
zár,lock,Ezt a zárat nem bírom kinyitni.,I can't get this lock opened.
üzemanyag,fuel,Nem volt elég üzemanyag.,There was not enough fuel.
várakozás; elvárás,expectation,Az eredmény felülmúlta a várakozásainkat.,The result exceeded our expectations.
foglalkoztatás; munka,employment,Tavaly nőtt a foglalkoztatás.,Employment rose last year.
ünnepel,celebrate,Már van mit ünnepelnünk.,We now have something to celebrate.
szexuális,sexual,"A nők tárgyak, különösen szexuális tárgyak.","Women are objects, especially sexual objects."
váll,shoulder,Hogyan törted el a válladat?,How did you fracture your shoulder?
lélegzet,breath,A futó lélegzet után kapkodott.,The runner was gasping for breath.
egyre,increasingly,Egyre több a klímamenekült is.,"Increasingly, I'm also meeting climate refugees."
importál,import,Brazíliából importáljuk a kávét.,We import coffee from Brazil.
üveg,bottle,"Kérlek, ne igyál bele az üvegbe!",Please don't drink from the bottle.
magunk,ourselves,Ezt nem tudjuk mi magunk megtenni.,We can't do that by ourselves.
lap,sheet,Adj egy lapot!,Give me a sheet of paper.
motor,engine,Az a motor gőzzel működik.,The engine is driven by steam.
szereposztás; önt; gipsz,cast,Ma veszik le a gipszem.,I'm getting my cast off today.
konzervatív,conservative,Liberális vagy konzervatív vagy?,Are you a liberal or conservative?
harminc,thirty,Harminc perce kántálnak.,They've been chanting for thirty minutes.
utazás,journey,Csak most kezdődik az utazásunk.,Our journey is just beginning.
szembenállás,opposition,A szembeállítás hamis.,This is a false opposition.
megkönnyebbülés; enyhülés,relief,Megkönnyebbülés volt hallani a hírt.,It was a relief to hear the news.
adósság,debt,Törlesztenem kell egy adósságot.,I have a debt to pay.
tisztelet; megtisztel,honor,Nagy megtiszteltetés önnel találkozni.,It's a great honor to meet you.
kimenetel,outcome,A közelgő választás kimenetelét a legeslegnehezebb lesz megjósolni.,The outcome of the upcoming election will be the hardest ever to predict.
hibáztat,blame,"Ne hibáztasd magad azért, ami történt!",Don't blame yourself for what happened.
magyarázat,explanation,A magyarázat meghaladta a felfogóképességemet.,The explanation was beyond my understanding.
származik,arise,Sok baleset a gondatlanságból származik.,Many accidents arise from carelessness.
zenei,musical,"Ő az, akit úgy hívunk, hogy zenei zseni.",He is what we call a musical genius.
felgyógyul,recover,"Reméltem, hogy felgyógyul.",I had hoped that he would recover.
apa,dad,Miért nem válaszolsz apádnak?,Why don't you answer your dad?
nyújt; szakasz,stretch,Lassan nyújtsd ki a karodat!,Stretch your arms slowly.
kijelent,declare,"Kijelentette, hogy nem bűnös.",She declared that she was not guilty.
nyugdíjba megy,retire,Hány évesen mennek nyugdíjba a legtöbben?,At what age do most people retire?
apró,tiny,Megtennél nekem egy apró szívességet?,Can you do me a tiny favor?
óvatos,careful,"Légy óvatos, mikor átmész az úton.",Be careful when crossing the street.
megfelelő,suitable,Nincs megfelelő klíma és környezet.,There are no suitable climates or habitats.
őshonos; anyanyelvi; bennszülött,native,Anyanyelvi szinten beszél franciául.,He speaks French like a native.
gyümölcs,fruit,"Semmi mást nem eszik, csak gyümölcsöt.",He doesn't eat anything except fruit.
elemez,analyze,Ki akartam elemezni.,I wanted to analyze it.
szemtanú,witness,Szemtanú voltam.,I was a witness.
posta,mail,"Légy szíves, add postára nekem ezt a levelet.",Please mail this letter for me.
rémes,terrible,Ki volt az a rémes alak?,Who was that terrible man?
kutató,researcher,A kutató közzétette az eredményeit.,The researcher published her findings.
hétköznapi; szokásos,ordinary,Hétköznapi nap volt.,It was an ordinary day.
kiválasztás,selection,A zsűri kiválasztása hétfőn kezdődik.,Jury selection begins Monday.
bárhol,anywhere,Ülj le nyugodtan bárhová!,Feel free to sit anywhere you want.
mentális; szellemi,mental,Abba kell hagynunk az elmebetegség kriminalizálását.,"Also, we must stop criminalizing mental illness."
résztvevő,participant,Minden résztvevő oklevelet kapott.,Every participant got a certificate.
látomás,vision,Látomásom volt.,I had a vision.
személyiség,personality,Erős személyisége van.,She has a strong personality.
külön,specifically,Külön szólok a csoportokról.,And specifically of groups.
kövér,fat,Az a ruha kövérít téged.,That dress makes you look fat.
bejárat,entry,A betörő a nyitva hagyott bejárati ajtón keresztül jutott be.,"The burglar gained entry through the front door, which had been left unlocked."
társ,fellow,"Köszönöm, kedves TED dizájnrajongó társak!","Thank you, fellow TED design buffs."
vegyi anyag,chemical,Ezek is vegyi üzemek.,And these are also chemical factories.
elkap,capture,Elkapjuk őket.,We'll capture them.
tipp,tip,Kösz a tippet!,Thanks for the tip.
kedvezmény,discount,Legalább 30% kedvezményt kérek.,I want at least a 30% discount.
csúcs,peak,Hó födi a hegycsúcsot.,The mountain peak is covered with snow.
elnök,chairman,Az elnök összehívta az ülést.,The chairman called the meeting to order.
hányad,proportion,Ez pedig a lakosság bebörtönzött hányada.,This is the proportion of the population in prison.
fül,ear,Gyengéd szavakat suttogott a fülébe.,He whispered sweet nothings into her ear.
eltűnik,disappear,A varázsló elővarázsolta és eltüntette a madarakat.,The magician made birds appear and disappear.
kiált,shout,"Kiáltsák, bármit is látnak.",Just shout out anything you see.
udvar,yard,Három fa áll az udvaron.,There are three trees in the yard.
folytonos,constant,Torkig vagyok már a folytonos nyavalygásaitokkal!,I'm fed up with your constant complaining.
jelentősen,significantly,Három: Hozzunk jelentős változást valaki életébe!,"Three, change someone's life significantly."
domb,hill,A gyermekek lefutottak a dombról.,The children ran down the hill.
jelentős; tekintélyes,considerable,Jelentős kárt okozott.,It caused considerable damage.
utasítás,instruction,A gyermekneveléshez nem jár használati utasítás.,There's no instruction manual for parenthood.
intelligencia,intelligence,"Az intelligencia első jele az, ha kételkedünk önmagunkban.",To have doubts about oneself is the first sign of intelligence.
ideális; tökéletes,ideal,Az idő tökéletes volt.,The weather was ideal.
nép,folk,A fiatalok népdalokat énekeltek.,The youngsters were singing folk songs.
biztosan,surely,Biztosan tudod a választ.,You surely know the answer.
őr,guard,Jön egy őr.,There's a guard coming.
macska,cat,A macska lassan közelítette meg az egeret.,The cat slowly approached the mouse.
valamennyire,somewhat,És ezeket valamelyest észre is vettük.,And these were somewhat noticed.
csók,kiss,Mesélj az első csókodról!,Tell me about your first kiss.
bemutató,presentation,Részt vettem az egy órás bemutatón.,I attended the hour-long presentation.
közös; ízület,joint,Elfogadtak egy közös nyilatkozatot.,They agreed on a joint statement.
versenyez,compete,Ezzel senki nem versenyezhet.,Nobody can compete with that.
közvélemény-kutatás,poll,Tehetnénk egy közvélemény-kutatást?,Could we do a poll here?
gyenge,weak,"Úgy véled, hogy gyenge vagyok, igaz?","You think I'm weak, don't you?"
hit,faith,És ez növelte a hitem.,This gave me a greater faith.
csökkentés,reduction,"Az abszolút kockázat nagyjából 0,1%-kal csökkent.",The absolute risk reduction was about 0.1%.
foglal,reserve,Szeretnék foglalni egy asztalt három személyre.,I'd like to reserve a table for three.
panasz,complaint,Panaszt kívánok tenni.,I wish to make a complaint.
fúr,bore,Tehát ez a valaha végzett legmélyebb geológiai fúrás.,So it's the deepest geological bore hole ever drilled.
küldetés,mission,Ez egy veszélyes küldetés lesz.,This will be a very dangerous mission.
valahogy,somehow,Valahogy megoldjuk.,We'll solve it somehow.
hangnem; tónus,tone,Barátságos volt a hangneme.,His tone was friendly.
szomszédság,neighborhood,Nem lakik a szomszédságomban.,He doesn't live in my neighborhood.
utas,passenger,Nagyon kevés utas élte túl a balesetet.,Very few passengers survived the accident.
igazságosság,justice,"Ha bárhol igazságtalanság történik, az mindenhol fenyegeti az igazságot.",Injustice anywhere is a threat to justice everywhere.
szakasz; fázis,phase,Az építkezés első fázisa befejeződött.,The first phase of construction has been completed.
vékony,thin,Vágd a húst vékony csíkokra!,Cut the meat into thin strips.
rohan,rush,Van időnk. Nincs rohanás.,We have time. There's no rush.
hivatalos,formal,Szinte semmilyen formális képzettsége nem volt.,He had almost no formal education.
vallás,religion,"Vannak, akik nem hisznek egy vallásban sem.",Some people don't believe in any religion.
munkáltató,employer,"Ha ön munkáltató, alkalmazzon menekülteket.","If you're an employer, hire refugees."
visszautasít,reject,Visszautasította a férfi segítségét.,She rejected his offer of help.
utóbbi,latter,Itt egy példa az utóbbira.,And this example is the latter.
tányér,plate,Hozz egy tányért és szedj magadnak.,Get a plate and help yourself.
tilt,ban,Miért tiltottad le őket?,Why did you ban them?
lop,steal,Valaki ellopta a biciklimet.,Someone stole my bicycle.
tiltakozás,protest,Tiltakoznom kell.,I must protest.
mutató; index,index,Nézd meg a könyv végén lévő mutatót!,Check the index at the back.
szomorú,sad,Miért voltál olyan szomorú tegnap?,Why were you so sad yesterday?
gyakran,frequently,Gyakran elkésett az iskolából.,She was frequently late for school.
kör,circle,A tanulók körbe ültek.,The students sat in a circle.
hasznos,helpful,Bármi javaslat hasznos lenne.,Any suggestions would be helpful.
parancs,command,Kérésed számomra parancs.,Your wish is my command.
vonzó,attractive,Az ötlet nagyon vonzó.,The idea is very attractive.
beteg,sick,A beteg emberek általában pesszimisták.,Sick people tend to be pessimistic.
benyomás,impression,Próbálj meg jó benyomást kelteni!,Try to make a good impression.
képtelen,unable,Képtelen ezt megtenni.,He is unable to do it.
tréfa; vicc,joke,Ez most valami tréfa?,Is this some kind of joke?
ég,sky,Az égbolt megtelt repülőkkel.,The sky was filled with airplanes.
oszlop,column,Minden oszlop egy fejezet.,Every column is a chapter.
elektronikus,electronic,Az elektronikus kommunikációban egyértelműen számít a méret.,"Clearly, in electronic communications, size matters."
ráerőltet; kiszab,impose,Bírságot szabtak ki.,They imposed a fine.
bűnöző,criminal,A rendőrség elfogta a szökött bűnözőt.,The police captured the escaped criminal.
ezenkívül; emellett,besides,Ezenkívül nincs időnk.,"Besides, we have no time."
megfelelően,properly,Csukd be rendesen az ajtót!,Close the door properly.
antik,ancient,Akhilleusz egy antik görög hős volt.,Achilles was an ancient Greek hero.
part,coast,Végighajtottunk a parton.,We drove along the coast.
beteg; rossz,ill,"Sohase hallottam, hogy rosszat mondott másokról.",I've never heard her speak ill of others.
rúg,kick,"Remélem, hogy nem rúg ez a ló.",I hope this horse doesn't kick.
szorosan; alaposan,closely,Ez a kérdés szorosan kapcsolódik ahhoz.,This question is closely related to that one.
több,multiple,Több alkalommal meglátogattam Tomot Bostonban.,I've visited Tom multiple times in Boston.
elsőbbséget ad,yield,Miért ne használjunk elsőbbségadás kötelező táblát?,"So, why not use a yield sign?"
keresztül; útján,via,Az Egyesült Államokon keresztül ment Európába.,She went to Europe via the United States.
ötven,fifty,Ez a busz ötven férőhelyes.,This bus can hold fifty people.
jogszabály; törvényhozás,legislation,Az új jogszabály ma lép hatályba.,The new legislation takes effect today.
megye,county,A megye új kórházat épített.,The county built a new hospital.
ellentétben; nem hasonló,unlike,"Nem jellemző rá, hogy késik.",It is unlike him to be late.
mobil; mozgatható,mobile,Kölcsönkérhetem a mobiltelefonodat?,Can I borrow your mobile phone?
asszisztens,assistant,"Az asszisztense azt mondta, hogy itt várjak.",Your assistant told me to wait here.
végrehajt,implement,Végrehajthatott egy mintát.,It could implement a pattern.
diagram; táblázat,chart,Ehhez a táblázathoz ingyen hozzájuthatnak.,"You can get this chart, free."
kapcsol,attach,A résztvevők szívesen kapcsolnak emlékeket is a helyekhez.,Participants also love to attach memories to places.
pokol,hell,Valóságos pokollá tetted az életemet.,You made my life a living hell.
mindenütt,everywhere,A japán turisták mindenütt ott vannak.,Japanese tourists can be found everywhere.
tanácsol,advise,"Kérem, adjon tanácsot, hogy mit kellene tenni.",Please advise me on what to do.
háztartás,household,Egyre több házaspár végzi közösen a háztartási teendőket.,More and more married couples share household chores.
elismer,acknowledge,Elismerem a hibámat.,I acknowledge my mistake.
megjutalmaz,reward,"Ha megtanulja, megjutalmazod.","Gets it right, reward."
kelet,east,A Nap keleten kel fel.,The sun rises in the east.
kalap,hat,Fordítva van rajtad a kalapod.,You have your hat on backwards.
tudományos; akadémiai,academic,Bevett gyakorlat a kutatás világában.,It's a standard practice in the academic world.
szavazó,voter,Nálunk akadályozzák a szavazást.,We have voter suppression.
eközben,meanwhile,Eközben leszállt az éj.,"Meanwhile, night had fallen."
továbbá; ráadásul,furthermore,Ráadásul nincs időnk.,"Furthermore, we have no time."
vádol,accuse,Miért vádolt meg téged Tom?,Why did Tom accuse you?
tudományos,scientific,Ez egy tudományos folyóirat.,This is a scientific journal.
bér,wage,A dolgozók magasabb bért kértek.,The workers asked for a higher wage.
távollét,absence,Szörnyű baleset történt a távollétében.,A terrible accident happened in his absence.
épít; szerkezet,construct,Akkor hogyan építed fel a hitet?,"So, how do you construct belief?"
megjegyzés,remark,A hülye megjegyzésed csak olajat öntött a tűzre.,Your stupid remark just added fuel to the flames.
orvostudomány,medicine,Az orvostudományban tett legújabb lépések figyelemreméltóak.,The recent advances in medicine are remarkable.
professzor,professor,Professzor vagy?,Are you a professor?
ritka,rare,A türelem ritka erény manapság.,Patience is a rare virtue these days.
szándék,intention,Nem szándékozom bocsánatot kérni.,I have no intention of apologizing.
tucat,dozen,Vettem fél tucat tojást.,I bought half a dozen eggs.
település,settlement,A település eléggé elszigetelt.,The settlement is relatively isolated.
hézag,gap,"Szóval előttünk áll egy hatalmas kihívás, egy hatalmas hézag.","So we have this huge challenge, this huge gap."
széles körben,widely,Ezt a növényt széles körben mint gyógyszert alkalmazzák.,This plant is widely used as medicine.
minimum; legkevesebb,minimum,Nehéz megélni minimálbérből.,It's hard to get by on minimum wage.
északi,northern,Észak-Olaszországban élnek.,They live in northern Italy.
birtok; ingatlan,estate,Van egy barátom az ingatlanüzletben.,I have a friend in real estate.
egyformán; egyenlően,equally,A pénzt egyenlően osztották el.,The money was divided equally.
felfed; kitesz,expose,Ne tedd ki a gyógyszert magas hőmérsékletnek!,Do not expose the medicine to heat.
életben lévő,alive,Meglepetésemre életben volt.,"To my surprise, she was alive."
becsuk,shut,"Becsuknád, kérlek, az ablakot?",Would you please shut the window?
győzelem,victory,Ez fontos győzelem.,This is an important victory.
megold,resolve,Ma meg kell oldanunk ezt a problémát.,We must resolve this problem today.
kritikus,critic,A kritikus dicsérte a filmet.,The critic praised the film.
változó,variable,Most egy másik változót használtak mérésre.,Now they measured one other variable.
hatalmas,enormous,Hatalmas házban laknak.,They live in an enormous house.
édes,sweet,Mindig is édesszájú voltam.,I've always had a sweet tooth.
állandó,permanent,Talált egy állandó állást.,He found a permanent job.
érzés,emotion,"A düh emberi érzés, se nem jó, se nem rossz.","Anger is a human emotion, neither good nor bad."
követ; törekszik,pursue,Rossz indulattal üldözzük a boldogságot?,Do we pursue happiness with hostility?
magas,tall,A belvárosban sok magas épület van.,There are many tall buildings downtown.
sürget,urge,"Sürgetem önöket, tegyenek valamit.",I urge you to do something.
ellenség,enemy,Néha saját magam legnagyobb ellensége vagyok.,I'm my own worst enemy sometimes.
kinevez,appoint,Tomot kinevezték menedzserré.,Tom was appointed manager.
tej,milk,A tej sokkal táplálóbb a bornál.,Milk is more nutritious than wine.
tehetség,talent,Nincs tehetségem a művészethez.,I don't have any artistic talent.
szagol,smell,"Érzem a szagát annak, amit szagolsz.",I can smell what you're smelling.
korábbi; előzetes,prior,Nem volt előzetes figyelmeztetés.,There were no prior warnings.
elsőbbség; prioritás,priority,Ez nem élvez most prioritást.,That isn't a priority.
online,online,Ezt a könyvet online vettem.,I bought this book online.
kifejezés,phrase,Mi ennek a kifejezésnek a jelentése?,What's the meaning of this phrase?
pilóta,pilot,Ön ugye képzett pilóta?,"You're a certified pilot, aren't you?"
stabil,stable,Japán gazdasága még mindig stabil.,The economy of Japan is still stable.
csak,merely,"A boldogság nem csak abból áll, hogy sok tulajdonunk van.",Happiness isn't merely having many possessions.
fogadalom,resolution,Az én újévi fogadalmam a fogyás volt.,My New Year's resolution was to lose weight.
tudomására hoz,communicate,"Lehet a tudományról érhetően beszélni anélkül, hogy túlságosan leegyszerűsítenénk azt.",You can clearly communicate your science without compromising the ideas.
sérülés,injury,"Nagyon veszélyes sport, ahol egy kis hiba is súlyos sérüléshez vezethet.","It's a very dangerous sport, where a slight mistake can lead to serious injury."
hatalmas,vast,Hatalmas sivatag terült el előttünk.,A vast desert lay before us.
kiállítás,exhibition,"És ez az, amire ez a kiállítás összpontosít.",And this is what this exhibition looks at.
producer; gyártó,producer,A producer jóváhagyta a filmet.,The producer approved the film.
regionális,regional,"Kormányokkal kell együtt dolgozzunk, regionális szinten.",We need to work with governments in regional levels.
azonnali; közvetlen,immediate,Azonnali választ kérünk.,We need an immediate answer.
incidens,incident,Senki sem sérült meg az incidensben.,Nobody was hurt in the incident.
gyermekkor,childhood,Vidéken töltötte a gyermekkorát.,He spent his childhood in the country.
vázlat,draft,Itt van a beszédemnek egy hozzávetőleges vázlata.,Here's a rough draft of my speech.
nyelvbotlás,slip,"Legyünk méltányosak, ez csak nyelvbotlás volt.","And it was a slip of the tongue, let's be fair."
kísér,accompany,Hadd kísérjelek el.,Allow me to accompany you.
politikus,politician,"Úgy beszélsz, mint egy politikus.",You talk like a politician.
dühös,angry,Emiatt lett dühös.,That's the reason he became angry.
kopogás,knock,"Kérlek, kopogj, mielőtt bejössz!",Please knock before you come in.
mag,seed,A parasztok tavasszal szórják el a magvakat.,Farmers sow seeds in the spring.
fizetés,salary,Panaszkodott az alacsony fizetésem miatt.,She complained about my low salary.
szemléltet,illustrate,Hadd szemléltessem ezt egy példával.,Let me illustrate with an example.
sugall,imply,Mire próbálsz célozni?,What are you trying to imply?
reggeli,breakfast,"Már reggeliztél, nem?","You've already had breakfast, haven't you?"
ideiglenes,temporary,Ideiglenes kormányt hoztak létre.,A temporary government was established.
liberális; szabadelvű,liberal,Liberális nézetei vannak.,She has liberal views.
tó,lake,A holdfény a tó felületén tükröződött.,The moonlight reflected on the lake.
képesít,qualify,Van képesítésed rá?,Are you qualified to do that?
versenyképes,competitive,Szerintem versenyképesek tudunk lenni.,I think we can be competitive.
igazán,truly,Igazán remek étel volt.,It was a truly superb meal.
szia,hi,Szia! Hogy vagy?,"Hi, how're you doing?"
sárga,yellow,Sárga ruhát viselt.,She was wearing a yellow dress.
szokás,habit,Nem vagyok a szokások rabja.,I'm not a creature of habit.
korong,disk,A bolygó furcsán kötődött a koronghoz.,The planet was weirdly connected to the disk.
mag; lényeg,core,"Hámozd meg az almákat, vágd félbe őket, vágd ki a magházukat.","Peel the apples and cut them in half, cutting out the core."
érzelmi,emotional,Próbálom leküzdeni az érzelmeimet éppen.,I'm trying not to get emotional.
repülőgép,aircraft,Lelőttük az ellenséges repülőgépet.,We shot down enemy aircraft.
én; önmaga,self,"Az Önvaló, önmagad tudatában vagy.",The self: you are self-aware.
fém,metal,A vas nagyon hasznos fém.,Iron is a very useful metal.
lét,existence,Hiszel a szellemek létezésében?,Do you believe in the existence of ghosts?
csont,bone,A kutya a csontot rágcsálta.,The dog chewed on the bone.
bizottság; panel,panel,Az utolsó panelhez akarok eljutni.,I just want to get to the last panel.
fő; kiváló,prime,És itt egy kiváló példa.,And here's a prime example.
időpont,appointment,"Sajnálom, de már előre lebeszélt időpontom van.",I'm sorry. I have a previous appointment.
hangsúlyoz,emphasize,Különösen ezt a pontot akarom hangsúlyozni.,I want to emphasize this point in particular.
maximum; legnagyobb,maximum,A legnagyobb sebesség nyolcvan.,The maximum speed is eighty.
hatékonyan,effectively,Gyakorlatilag mennyire okos ez az ember?,"Effectively, how smart is this person?"
máshol,elsewhere,Ezt valahol máshol kell megtenned.,You'll have to do that elsewhere.
zavar,bother,Nem akartam önt zavarni.,I didn't mean to bother you.
kezdeményezés,initiative,Van-e esélye ennek a kezdeményezésnek?,Does this initiative have a chance?
éles,sharp,Éles kést használj a paradicsomok szeleteléséhez.,Use a sharp knife to slice tomatoes.
étrend,diet,Meg kell változtatnom az étrendemet?,Do I have to change my diet?
mozgás,motion,Az égbolt állandó mozgásban van.,Our sky is in constant motion.
szürke,gray,A szürkének számos árnyalata van.,There are many shades of gray.
műanyag,plastic,Manapság minden műanyagból készül.,Nowadays everything is made of plastic.
komplikál,complicate,Ne komplikáld a dolgot!,Don't complicate the matter.
fegyelem,discipline,Egy nyelv tanulása fegyelmet igényel.,Learning a language requires discipline.
csalódást okoz,disappoint,"Remélem, nem kell csalódnom benned.",I hope you don't disappoint me.
főnök,boss,Ki a főnök a cégnél?,Who's the boss of this company?
feltevés,assumption,Ez a feltevés téves.,That assumption is wrong.
dermed,freeze,Dermesztő hideg van.,It's freezing.
szélsőséges,extreme,Kicsit szélsőséges ez a fajta gondolkodás.,His way of thinking is a bit extreme.
szakasz; átjáró,passage,Találtunk egy titkos átjárót az épületbe.,We found a secret passage into the building.
hírnév,reputation,A vállalatnak jó a hírneve.,The company has a good reputation.
előre,forth,Fel-alá járkált a szobában.,He walked back and forth in the room.
tárgyalás,negotiation,Nem volt tárgyalás.,There was no negotiation.
mechanizmus,mechanism,Mindenkinél ugyanaz a mechanizmus.,So everyone has the same mechanism.
kabát,coat,A kabátnak nincs zsebe.,The coat doesn't have any pockets.
demokrácia,democracy,A szólásszabadság a demokrácia sarokköve.,Freedom of speech is the cornerstone of democracy.
zseb,pocket,Kivett valamit a zsebéből.,He took something out of his pocket.
szerencsés,lucky,"Szerencséd van, hogy senki nem látta, hogy elmentél.",You're lucky nobody saw you leave.
baleset,crash,Minden utas meghalt a balesetben.,All the passengers were killed in the crash.
megfigyelés,observation,"Megengedi, hogy elmondjam egy megfigyelésemet?",Could you allow me to make an observation?
hús,meat,A hús gyorsan megromlik a melegben.,Meat decays quickly in warm weather.
koncentráció; összpontosítás,concentration,"Ami kell ehhez, az koncentráció és egyedüllét.",All it takes is concentration and solitude.
következmény,implication,Ennek a döntésnek súlyos következményei vannak.,This decision has serious implications.
érdemel,deserve,Csak a legjobbat érdemled.,You deserve nothing but the best.
szokatlan,unusual,Semmi szokatlan nem történt az utunk során.,Nothing unusual happened during our trip.
véd,defend,Meg kell védened magad.,You need to defend yourself.
klasszikus,classic,Ez egy klasszikus.,It's a classic.
király,king,A király az egész szigetet uralta.,The king reigned over the island.
kölcsönhatás,interaction,A kölcsönhatás fizikája bonyolult.,The physics of interaction are complex.
javítás,repair,Meg kell javítanom a hűtőszekrényt.,I have to repair the refrigerator.
összeomlik,collapse,Mi okozta a híd összeomlását?,What caused the bridge to collapse?
kölcsönkér,borrow,Kölcsönkérhetem a tolladat?,Can I borrow your pen?
alapvető,fundamental,Ez alapvető különbség.,This is a fundamental difference.
később; azután,afterward,Azután rosszul éreztem magam.,I felt bad afterwards.
fogás,dish,"A bosszú olyan fogás, melyet legjobb hidegen tálalni.",Revenge is a dish which is best served cold.
külföldön,abroad,Könnyen alkalmazkodtak a külföldi élethez.,They easily adapted to living abroad.
lélek,soul,Egy léleknek sem mondom el.,I won't tell a soul.
képes,capable,Sokkal több mindenre is képes vagy.,You're capable of so much more.
legyőz,defeat,Soha nem fogtok engem legyőzni.,You'll never be able to defeat me.
elnöki,presidential,Az elnökválasztás májusban lesz.,The presidential election is in May.
tökéletesen,perfectly,Tökéletesen beszél angolul.,She speaks English perfectly.
javít; fokoz,enhance,A fokhagyma fokozza az ételek ízét.,Garlic enhances the flavor of meals.
büszke,proud,"Büszke vagyok arra, amit véghez vittem.",I'm proud of what I've accomplished.
vészhelyzet,emergency,Vészhelyzetben tárcsázzuk a 119-et.,"In case of emergency, call 119."
oktatási,educational,Ez egy oktatási játék gyerekeknek.,It's an educational game for children.
megkülönböztet,distinguish,Egy idő után a szem képes nagyon jól megkülönböztetni ezeket.,"So the eye, after a while, can distinguish these two very well."
jelentős; tekintélyes,substantial,Jelentős nyereséget értek el.,They made a substantial profit.
közeli,nearby,Van a közelben benzinkút?,Is there a gas station nearby?
gyártó,manufacturer,A magasságról átkapcsolhatunk modellre és gyártóra.,You can also toggle between altitude for model and manufacturer.
csúszik,slide,Gyermekek csúszkáltak a jégen.,The children were sliding on the ice.
értékes,valuable,Ez a gyűrű nagyon értékes.,This ring is very valuable.
személyesen,personally,"Nekem személy szerint az a meggyőződésem, hogy neked van igazad.",I personally believe that you're right.
mell; emlő,breast,Csomót talált a mellében.,She found a lump in her breast.
megbirkózik,cope,Megbirkózik a gondokkal.,He can cope with the problems.
körülbelül,approximately,Körülbelül harminc embert tartóztattak le.,Approximately thirty people were arrested.
szállás,accommodation,A légitársaság nagylelkű gesztusként ingyenes szállást biztosított a repülőtéren rekedt utasok számára.,The airline provided free accommodation to stranded passengers as a goodwill gesture.
kiemel,highlight,"Kiemelik a 10 legolvasottabb, és 10 legtöbbször megosztott cikket.","They highlight the 10 most read, the 10 most shared stories."
riporter,reporter,Nem vagyok riporter.,I'm not a reporter.
éghajlat,climate,Itt nagyon száraz az éghajlat.,The climate here is very dry.
ing,shirt,Ki kell vasalnom az ingemet.,I need to iron my shirt.
kivétel,exception,Ezúttal kivételt teszek.,I'll make an exception this time.
vállalat; részvénytársaság,corporation,A vállalat ötszáz embert foglalkoztat.,The corporation employs five hundred people.
zseton,chip,Érzed a póker zsetont a kezedben?,Do you feel the poker chip in your hand?
győztes,winner,A győztes ingyenjegyet kap.,The winner gets a free ticket.
találkozás,encounter,"Akkor volt, hogy először találkoztunk.",That was our first encounter.
barna,brown,"Barna cipőt akarok, nem feketét.","I want brown shoes, not black ones."
lélegzik,breathe,Lélegezzen be a száján keresztül!,Breathe in through your mouth.
kifogás,excuse,Efféle kifogást nem tudok elfogadni.,I can't accept an excuse like that.
részben,partly,Részben igazunk volt.,We were partly right.
tenisz,tennis,Akarsz teniszezni?,Do you want to play tennis?
városi,urban,A városi élet zajos lehet.,Urban life can be noisy.
összekever,confuse,Nem kellene az üzletet a személyes ügyeiddel összekeverned.,You should not confuse business with personal affairs.
déli,southern,Olaszország Dél-Európában található.,Italy is in southern Europe.
kimenet; teljesítmény,output,A gyár növelte a termelését.,The factory increased its output.
szépség,beauty,Részt vett a szépségversenyen.,She participated in the beauty contest.
hatalmas,massive,Ez egy hatalmas vállalás.,It's a massive undertaking.
telepít,install,Telepítsünk betörésjelzőt!,Let's install a burglar alarm.
kiszámít,calculate,Ki tudod számítani a végösszeget?,Can you calculate the total?
egér,mouse,Egér van a konyhában.,There is a mouse in the kitchen.
matematika,mathematics,A matematika volt a kedvenc tantárgyam.,Mathematics was my favorite subject.
felső,upper,Az itt élő emberek a felső osztályba tartoznak.,The people living here belong to the upper class.
tizenkettő,twelve,"Ne aggódj, tizenkét óra előtt visszajövök.","Don't worry, I'll be back before twelve."
mű,creation,Ez négyezer új munkahely létrehozását tette lehetővé.,"That has allowed the creation of 4,000 new jobs."
elfoglal,occupy,Erőink elfoglalták a várost.,Our forces occupied the city.
vázlat,outline,Így tehát egyfajta vázlatot mutatok önöknek.,So I'm just going to provide you with a kind of outline.
elég,sufficient,"A jövedelme elégséges, hogy eltartsa a családját.",He has a sufficient income to support his family.
lényegében,essentially,Tomnak lényegében igaza volt.,Tom was essentially right.
frissítés,update,Az alkalmazás frissítést igényel.,The app needs an update.
szerencse,luck,Sok szerencsét a vizsgádhoz!,Good luck with your exam!
megőriz; tartósít,preserve,A jó szokásokat érdemes lenne megőrizni.,Good traditions should be preserved.
hasít,split,A tervünkbe beveszünk egy kevés hasított végű sörtét.,"So to our blueprint, we split some hairs."
hinta,swing,"Egy parkban vagyunk, és a gyermekünk hintázik.","We're at a park, and our kid is swinging on the swing."
betegség,illness,Betegség miatt hiányzott.,He was absent because of illness.
újságíró,journalist,A fiam újságíró.,My son is a journalist.
hirtelen,sudden,A hirtelen zaj szétrebbentette a madarakat.,The sudden noise scattered the birds.
hirdetés,advertisement,"Feladtam egy hirdetést az újságban, hogy eladó a házam.",I put an advertisement in the newspaper saying my house was for sale.
következetes; egységes,consistent,Az eredmények ellentmondásosak lettek.,The results have not been consistent.
osztályterem,classroom,"Szeretném, ha klimatizált osztálytermünk lenne.",I wish our classroom were air-conditioned.
eredetileg,originally,"Egyszerűen azt tesszük majd, amit eredetileg elterveztünk.",We'll just do what we originally planned.
félre; mellékesen,aside,Félretette a könyvet.,He put the book aside.
kényelem,comfort,"A fizetése lehetővé teszi, hogy kényelemben éljen.",His salary enables him to live in comfort.
másodsorban,secondly,"Másodsorban, sokkal személyesebb is lesz.","Secondly, it's become much more personalized."
komoly,severe,Tomnak komoly allergiás reakciója volt.,Tom had a severe allergic reaction.
gén,gene,Egyszerű génről van szó.,It's just a single gene.
hó,snow,A hó teljesen betakarta a várost.,The snow completely covered the city.
cselekmény; telek,plot,"De ha megnézik közelebbről, a cselszövés egyre sűrűbb lesz.","But if you look more closely, the plot actually thickens."
nyak,neck,Tekerd ezt a sálat a nyakad köré!,Put this scarf around your neck.
beilleszt; integrál,integrate,"És végül a befogadó országokban, segítve őket a beilleszkedésben.","And ending in the asylum countries, helping them integrate."
kritika,criticism,Ön túlságosan érzékeny a kritikára.,You are too sensitive to criticism.
egyezmény; konferencia,convention,Egy konferencián találkoztunk.,We met at a convention.
fogadás,bet,Fogadást kötött vele.,She made a bet with him.
megtart; megőriz,retain,Ez az anyag megtartja a hőt.,This material retains heat.
sorozat,sequence,Az Önök sorozata és az enyém kissé különböző.,Your sequence and mine are slightly different.
egyszerű,plain,Az oka egyszerű ennek.,The reason for this is plain.
önkéntes,volunteer,Az önkéntességnek szentelte az életét.,He devoted himself to the volunteer activity.
vidéki,rural,Miért hagyják el az emberek a vidéket?,Why are people leaving rural areas?
nyugodt,calm,"Bármi történjék, nyugodt kell hogy maradj!","Whatever happens, you must keep calm."
elhagy,abandon,Hajót elhagyni!,Abandon ship.
vizsga,examination,Az utolsó vizsga nagyon nehéz volt.,The last examination was very difficult.
csend,silence,Megőrjít engem ez a csend.,This silence is driving me crazy.
gyorsan,rapidly,Ez a fafajta nagyon gyorsan nő.,This kind of tree grows very rapidly.
hatékony,efficient,A vállalatunknak hatékonyabbá kell válnia.,Our company needs to become more efficient.
forradalom,revolution,A francia forradalom 1789-ben történt.,The French Revolution took place in 1789.
öröm,delight,Nagy örömömre szolgált megtenni.,I was delighted to do that.
betűz,spell,"Le tudnád betűzni a neved, kérlek?","Could you spell your name, please?"
dől,lean,Ne dőlj a falnak.,Don't lean against this wall.
drámai,dramatic,"Úgy értem, hogy nagyon drámai diplomácia zajlott.",I mean it was very dramatic diplomacy.
különbözik,differ,Az ízlések különböznek.,Tastes differ.
hálás,grateful,"Hálás vagyok mindazért, amit tettetek.",I'm grateful for everything you've done.
fehérje,protein,Miben van sok fehérje?,What are some good sources of protein?
bicikli; kerékpár,bike,"A te biciklid jobb, mint az enyém.",Your bike is better than mine.
szétoszt; terjeszt,distribute,Élelmiszert osztanak szét a családok között.,They distribute food to families.
szellemi; értelmiségi,intellectual,Szellemi tulajdoni forma.,It's just an intellectual property setup.
döntő; létfontosságú,crucial,Az időzítés döntő fontosságú.,Timing is crucial.
munkanélküliség,unemployment,A munkanélküliség komoly probléma.,Unemployment is a major problem.
kerék,wheel,Nem szükséges újra feltalálnod a kereket.,You don't need to reinvent the wheel.
termény,crop,A rizs az uralkodó termény e térségben.,Rice is the chief crop in this area.
kisebbség,minority,"Attól tartok, mi vagyunk a kisebbség.",I'm afraid we're in the minority.
eredet,origin,Mi a világegyetem eredete?,What is the origin of the universe?
értelmezés,interpretation,A portrék metaforikusan értelmezhetőek.,Next portrait interpretation is metaphoric.
úriember,gentleman,Ön úriember és tudós.,You're a gentleman and a scholar.
dráma,drama,Ám ez nem csupán történelmi dráma.,Yet this is no mere historical drama.
táj,landscape,A gyümölcsöskertek látványa dominál a tájban.,Fruit orchards dominate much of the landscape.
oktat,educate,Ezért van szükség oktatásra.,But we really have to educate.
játék,toy,Ez a játék fából van.,That toy is made of wood.
hiba,fault,Ez mind teljes egészében az én hibám.,This is all entirely my fault.
kiállít,exhibit,Megnézhetem ezzel a jeggyel az ideiglenes kiállítást?,Can I see the special exhibit with this ticket?
kisebb; csekély,minor,Csak egy kisebb probléma volt.,It was only a minor problem.
kutat,hunt,Elveszett művek után kutatunk.,We're hunting down the lost artifact.
vihar,storm,Vihar közeledik.,A storm is coming.
sűrű,thick,Az erdő nagyon sűrű.,The forest is very thick.
eredmény; teljesítmény,achievement,A tanfolyam elvégzése komoly teljesítmény volt.,Finishing the course was a major achievement.
tárgyal,negotiate,Nem tárgyalok.,I don't negotiate.
ural,dominate,Még mindig a zörgő csontú modellek uralják a kifutókat.,Size zero models still dominate our catwalks.
beszállító,supplier,"Nos, ezek a beszállítók a mi nagy cégeink voltak.","Now, these suppliers were our big companies."
díj,prize,Tíz csapat küzdött a díjért.,Ten teams competed for the prize.
jellemzően,typically,Az üzlet jellemzően hatkor zár.,The shop typically closes at six.
kortárs; kolléga,peer,Tanácsot kért egy kollégájától.,She asked a peer for advice.
nyugdíj,pension,Nem tudok megélni a nyugdíjamból.,I can't make ends meet on my pension.
szárny,wing,A madár szárnya el volt törve.,The bird's wing was broken.
nevetés,laughter,Önkéntelen nevetésben törtek ki.,They broke out into spontaneous laughter.
rezsim,regime,De mi volt akkor a rezsim válasza?,But then what was the answer of the regime?
mozi; film,cinema,"Hiszek abban, hogy a film megtanít bennünket látni.",I really believe cinema teaches us to see.
mélyen,deeply,Mélyen sajnálom.,I deeply regret it.
elismerés,recognition,Ők valóban profitálnak a kölcsönös elismerésből.,They actually thrive from peer recognition.
vidék,countryside,Vidéken lakott egyedül.,He lived alone in the countryside.
elektromosság,electricity,Milyen lenne az életünk elektromos áram nélkül?,What would our lives be like without electricity?
segítség,assistance,Segítség nélkül is meg tudom csinálni.,I can do this without assistance.
tető,roof,A tetőn leszállt a helikopter.,The helicopter landed on the roof.
nyugdíj; visszavonulás,retirement,A nyugdíjas éveire takarékoskodik.,She is saving for retirement.
rendre; külön-külön,respectively,A két szoba rendre ötven és hatvan dollárba kerül.,"The two rooms cost fifty and sixty dollars, respectively."
változat; eltérés,variation,A változás elenyésző a továbbiakban.,"The variation is very, very small."
végül,ultimately,A jó végül győzni fog a gonosz felett.,Good will ultimately triumph over evil.
bizonyíték,proof,Szeretnék némi bizonyítékot látni.,I'd like to see some proof.
talaj,soil,A férgek néha jótékony hatással vannak a talajra.,Worms are sometimes beneficial to soil.
okos; elegáns,smart,Ez nem lenne ám okos dolog.,That wouldn't be a smart move.
réteg,layer,Vigyél fel még egy réteg festéket!,Add another layer of paint.
felzaklat; ideges,upset,"Attól tartok, gyomorrontásom van.",I'm afraid I have an upset stomach.
fog,tooth,A fogász kihúzta a rossz fogát.,The dentist pulled out her bad tooth.
ábrázolás; képviselet,representation,Én vagyok az egyik képviselője ennek a jelenségnek.,I'm a representation of that phenomenon.
előkészítés,preparation,A parti előkészületei majdnem teljesen befejeződtek.,Preparations for the party were nearly complete.
napirend,agenda,Mi van ma a napirenden?,What is on the agenda today?
hangsúly,emphasis,Nagy hangsúlyt fektetett erre a pontra.,He put great emphasis on this point.
kiadás,edition,Megvettem a legújabb kiadást.,I bought the latest edition.
ezüst,silver,"Beszélni ezüst, hallgatni arany.","Speech is silver, silence is golden."
szórakozás,entertainment,Közvetlenül érintkezünk a szórakozással.,We are interacting with our entertainment.
őszinte,honest,Akarod tudni az őszinte véleményemet?,Do you want my honest opinion?
vállal,undertake,Ők vállalják a javításokat.,They will undertake the repairs.
kiskereskedelem,retail,Ugorjunk csak a kiskereskedelmi piacra!,Let's jump to retail for a second.
drót,wire,Ez a ketrec drótból készült.,This cage is made of wire.
valószínűtlen,unlikely,Az a terv valószínűleg nem fog működni.,That plan is unlikely to work.
meleg,gay,Egy lány barátom imád meleg bárokba járni velem.,A female friend of mine loves to go to gay bars with me.
kiadás,publication,A könyv most kész a kiadásra.,The book is now ready for publication.
enyhe; csekély,slight,Van egy kis különbség.,There is a slight difference.
ismeretlen,unknown,Az ok még mindig ismeretlen.,The cause is still unknown.
keretrendszer; váz,framework,Felvázoltam egyfajta széles keretrendszert.,I've sketched a sort of broad framework.
övezet,zone,A vihar után a város egyes részei katasztrófa sújtotta övezetként festettek.,Parts of the city looked like a disaster zone following the storm.
korlátoz,restrict,"Úgy érzi, hogy ez az új törvény a szabadságában korlátozza.",He feels this new law will restrict his freedom.
nyom,trace,A hajó nyomtalanul eltűnt.,The ship disappeared without a trace.
hüvelyk,inch,"Nem tudom, mennyi lehet ez hüvelykben.",I don't know in inches how much that is.
egyenértékű,equivalent,Egy mém nem egyenértékű egy eszmével.,A meme is not equivalent to an idea.
szilárd,solid,Ennek a háznak szilárd alapja van.,This house has a solid foundation.
vállalkozás,enterprise,Kis vállalkozást indítottak.,They started a small enterprise.
idős,elderly,Kinek kellene gondoskodnia az idősekről?,Who should look after the elderly?
tartozik,owe,Nem tartozom senkinek magyarázattal.,I don't owe anyone an explanation.
egyenruha,uniform,Miért hordasz még mindig egyenruhát?,Why are you still wearing your uniform?
kikötő,port,A hajójuk még a kikötőben van.,Their ship is still in port.
hangmagasság,pitch,A problémák a hangmagasság észlelésével kezdődnek.,Now the problems begin first with pitch perception.
érkezés,arrival,Hánykor van az érkezésed?,What time is your arrival?
kortárs,contemporary,Kortárs irodalmat tanul.,He studies contemporary literature.
kapu,gate,Várj rám a kapunál!,Wait for me at the gate.
megkönnyít; enyhít,ease,Ez a gyógyszer enyhíti a fájdalmat.,This medicine will ease the pain.
sör,beer,Egy hideg sört kérnék.,I'd like a cold beer.
szakember,specialist,A kezelőorvosa szakemberhez akarja küldeni őt.,Her doctor wants to refer her to a specialist.
biztosít,assure,"Biztosíthatlak, hogy minden rendben van.",I assure you that everything's fine.
profil,profile,Megváltoztattam a profilképemet.,I've changed my profile picture.
fax,fax,El kell küldenem egy faxot.,I need to send a fax.
tizenöt,fifteen,A busz tizenöt percenként indul.,The bus leaves every fifteen minutes.
hangulat,mood,Ma jó a hangulatom.,I'm in a good mood today.
rész,episode,Csak most néztem meg a harmadik részt.,I've just finished watching episode three.
repedés,crack,A csészén van egy repedés.,The cup has a crack.
számos,numerous,Van számos reményteljesebb válasz.,But there are numerous more hopeful answers.
benyújt; alávet,submit,"Kérlek, még ma nyújtsd be az űrlapot!",Please submit the form today.
tünet,symptom,Ez csak egy mélyebb probléma tünete.,This is only a symptom of a deeper problem.
jóformán,virtually,"Gyakorlatilag mindannyian tudnák, ugye?","Virtually all of you could, right?"
kor,era,Ez egy új korszak kezdete.,This is the beginning of a new era.
lefedettség,coverage,"A lefedettség minden téren csökkent, minden hálózaton.","Coverage had dropped across the board, across networks."
feszültség,tension,"Drámára, feszültségre, áttörésre számítottam.",I joined expecting drama and tension and breakthrough.
kábel,cable,A felvonó kábele elszakadt.,The elevator cable snapped.
érzékeny,sensitive,Nagyon érzékeny a bőröm.,My skin is very sensitive.
ideges,nervous,"Dadog, amikor ideges.",She stammers when she feels nervous.
bevitel,input,A nővéreket kérik fel az adatok bevitelére.,They'll ask the nurses to input data.
elszigetel,isolate,Az orvosok elszigetelték a beteget.,The doctors isolated the patient.
rab,prisoner,Nem fogták el a szökött rabot.,The escaped prisoner hasn't been caught.
megsemmisít,eliminate,Az agyunk folyamatosan létrehoz és megsemmisít szinapszisokat.,Our brains create and eliminate synapses all the time.
szoros; feszes,tight,Szoros a mai programunk.,We're on a tight schedule today.
nedves,wet,Nedves a cipőm.,My shoes are wet.
másodlagos; középiskolai,secondary,A szakadékok a középiskolai osztályokban a legnagyobbak.,Gaps are greatest in secondary school classrooms.
segély,welfare,"Segélyen éltünk, néha hajléktalanul, gyakran éhesen.","We were on welfare, sometimes homeless, many times hungry."
toboroz; újonc,recruit,A cég új munkatársakat tervez toborozni.,The company plans to recruit new staff.
kirekeszt,exclude,"Tom úgy érezte, hogy kirekesztették.",Tom felt excluded.
zsinór; húr,string,Egy darab zsinórt keresek.,I'm looking for a piece of string.
felhő,cloud,Egy felhő mögött eltűnt a nap.,The sun disappeared behind a cloud.
rábeszél,persuade,Hiába próbáltam rábeszélni őket.,I tried in vain to persuade them.
ösztönöz,inspire,Ösztönözhetjük egymást.,We can inspire each other.
nagyszerű; ezer dollár,grand,"Gondolják csak el, milyen nagyszabású, nagyratörő elképzelés!","I mean, think about that. How grand. How ambitious."
legénység,crew,A legénység három tagját megmentették.,Three crew members were rescued.
jelenség,phenomenon,Ez tehát egy viszonylag felszínközeli jelenség.,So it's mainly a shallow phenomenon.
tanuló,pupil,A tanulók nem engedelmeskedtek a tanáruknak.,The pupils disobeyed their teacher.
hamis,false,A pletykák hamisnak bizonyultak.,The rumors were false.
segít,assist,"Azért vagyok itt, hogy segítsek neked.",I'm here to assist you.
helyreállít,restore,Helyreállították a régi házat.,They restored the old house.
sav,acid,A sav hat a fémekre.,Acid acts on metals.
képlet,formula,Egy egyszerű képletet használtunk.,We used a simple formula.
módosít,alter,Tervet kell módosítanunk.,We must alter our plan.
érzékel; felfog,perceive,A gyerekek másképp érzékelik a dolgokat.,Children perceive things differently.
rutin; megszokott,routine,Most már ez a napi rutinod?,Is that your daily routine now?
mosdókagyló; süllyed,sink,A mosdókagylóban megmoshatod a fehérneműdet.,You can wash your underwear in the sink.
tranzakció,transaction,De ők nem csak lebonyolítanak egy tranzakciót.,"They don't just conduct a transaction, though."
bámul,stare,Ne bámulj így rám!,Don't stare at me like that.
már (nem),anymore,A számítógépem már be sem kapcsol.,My computer won't start up anymore.
hős,hero,Nem lehet mindenki hős.,Every man cannot be a hero.
támogató,supporter,Az Aranyszabály is nagyszerű. Mindkettőnek nagy támogatója vagyok.,The golden rule is great. I'm a big supporter of both.
átalakít; átvált,convert,A szobát irodává alakítottuk.,We converted the room into an office.
állandó; egyenletes,steady,Van állandó fiúd?,Do you have a steady boyfriend?
méter; mérő,meter,Az asztal egy méter hosszú.,The table is one meter long.
teherautó,truck,Az autó beleütközött a teherautóba.,The car crashed into the truck.
orr,nose,Nem tudok levegőt venni az orromon keresztül.,I can't breathe through my nose.
mellett,beside,"Gyere, ülj mellém!",Come and sit beside me.
vitorla,sail,Ki tanított meg téged vitorlázni?,Who taught you how to sail?
katasztrófa,disaster,Teljes katasztrófa volt.,It was a complete disaster.
tempó; ütem,pace,"Kérlek, lassíts a tempódon!",Please slow your pace.
erősen; nagymértékben,heavily,Erősen föl vannak fegyverkezve.,They're heavily armed.
szentel,devote,A tanításnak szenteli az idejét.,She devotes her time to teaching.
terrorista,terrorist,Tom terrorista volt.,Tom was a terrorist.
indokol,justify,"Indokolhatja bármi is mindazt, amin a helyi közösség keresztül megy?",Does anything justify what the local community goes through?
létfontosságú,vital,"Létfontosságú helyek ezek, ezek a közösségek.","They're quite vital places, these communities."
lenyűgöz,fascinate,Ez lenyűgözően hangzik.,That sounds fascinating.
külső,external,Pont ilyen a külső here is.,That's what the external testicles are.
pót-,spare,Van pótkulcsod?,Do you have any spare keys?
valahányszor,whenever,"Valahányszor találok valamit, ami tetszik nekem, az túl drága.","Whenever I find something I like, it's too expensive."
depresszió,depression,Tom depresszióban szenvedett.,Tom suffered from depression.
bűnös,guilty,Bűnösnek érezte magát a hiba miatt.,He felt guilty about the mistake.
anya; anyu,mom,Ne felejtsd el felhívni anyukádat.,Don't forget to call your mom.
különbség; megkülönböztetés,distinction,"Fontos, hogy megtegyük ezt a megkülönböztetést.",That's an important distinction to make.
elégedettség,satisfaction,Az elégedettség egy nagyon fontos elem.,So satisfaction was a very important part.
beépít; magában foglal,incorporate,Idővel a jóga fizikai elemeket olvasztott magába a gimnasztikából és a birkózásból.,"Over time, yoga came to incorporate physical elements from gymnastics and wrestling."
önt,pour,Öntenél nekem egy kis vizet?,Would you pour me some water?
söpör,sweep,Söpörd be szépen a szőnyeg alá.,Just sweep it under the rug.
hátrány,disadvantage,Hátrány csúnyának lenni.,It's a disadvantage to be ugly.
kötelezettség,obligation,Kötelességünk segíteni.,It is our obligation to help.
uram,sir,"Tudna egy kicsit halkabb lenni, uram?","Could you be a little quieter, sir?"
dinamikus,dynamic,Ez megváltoztatta a csapat dinamikáját.,And it really changed the dynamic.
értékel,evaluate,Ki fogjuk értékelni őket.,And so we will evaluate them.
harag,anger,Megértem én a haragodat.,I can understand your anger.
kocsma,pub,A feleségem egy közeli kocsmában dolgozik.,My wife works in a nearby pub.
észlelés,perception,Ez az észlelésünkből adódik.,That was a product of your perception.
természetesen,naturally,Próbálj meg természetesen viselkedni!,Try to act naturally.
valuta,currency,Mi a valuta Japánban?,What is the currency in Japan?
adatbázis,database,Teljes FAA (Federal Aviation Administration) adatbázis is.,It's also a complete FAA database.
kezdetben,initially,És miért akkora nehézség kezdetben?,And why is it so difficult initially?
terület,territory,Ellenséges területen vagyunk.,We're in enemy territory.
patak,stream,Ez egy patak.,This is a stream.
ritkán,rarely,A férfiak ritkán beszélnek a gondjaikról.,Men rarely talk about their problems.
magasság,height,"Kérem, magasság szerint álljanak sorba.","Line up by height, please."
nyilvánvaló,apparent,Azonnal nyilvánvaló volt?,Was that immediately apparent?
nyugati,western,Írország Nyugat-Európában található.,Ireland is in western Europe.
terjeszkedés,expansion,Meg kell állítanunk a további terjeszkedést.,We have to stop all new expansion.
állandóan,constantly,Állandóan veszekszem a feleségemmel.,I constantly quarrel with my wife.
izom,muscle,Ez a gyakorlat erősíti az izmokat.,This exercise builds muscle.
megijeszt,scare,"Ne hagyd, hogy megijesszen.",Don't let it scare you.
rosszul,badly,Az ilyen dolgok általában rosszul végződnek.,Things like that usually end badly.
mindennapos,everyday,A televízió fontos szerepet játszik a mindennapi életben.,TV plays an important part in everyday life.
határ,boundary,Mert nincsenek határok.,Because there is no boundary.
esszé,essay,Az esszét muszáj franciául írnod.,You must write the essay in French.
tizenkilenc,nineteen,Tizenkilenc éves.,She is nineteen years old.
sikít,scream,"Ha hozzám ér, sikítok.","If you touch me, I'll scream."
visszahúz,withdraw,A szovjet seregek elkezdtek visszavonulni Afganisztánból.,The Soviet troops started to withdraw from Afghanistan.
környezetszennyezés,pollution,A levegőszennyezés nagy probléma itt.,Air pollution is a big problem here.
zavar,disorder,Ennek ellenére a zavar kordában tartható.,"Despite this, the disorder is controllable."
bútor,furniture,Sok bútorunk volt.,We had a lot of furniture.
jelkép,symbol,A fehér szín a tisztaság jelképe.,The color white is a symbol of purity.
lakás,apartment,Bebútoroztad már a lakásod?,How have you furnished your apartment?
tüntetés,demonstration,Ez egy tüntetés Ciszjordániában.,This is a demonstration in the West Bank.
elemző,analyst,Tom egy pénzügyi elemző.,Tom is a financial analyst.
vágány,platform,Melyik vágányról indul a vonat?,Which platform does the train leave from?
acél,steel,A fémkanalak általában rozsdamentes acélból készülnek.,Metal spoons are generally made of stainless steel.
torta,cake,"Kérlek, szolgáld ki magad a tortából.",Please help yourself to the cake.
átalakít,transform,"Átalakíthatóak bármivé, bárhol, bármikor.","They can transform into anything, anywhere, anytime."
seb,wound,"Kimosta a sebét, mielőtt bekötötte volna.",He cleansed the wound before putting on a bandage.
korlátozás,restriction,A külkereskedelmet nem szabad korlátoznunk.,We should not put restrictions on foreign trade.
alap; alapítvány,foundation,A bizalom a barátság alapja.,Trust is the foundation of friendship.
formatervező,designer,Formatervező és oktató vagyok.,I'm a designer and an educator.
terhet jelent,strain,Ez hatalmas terhet ró az infrastruktúrára és a szolgáltatásokra.,And this is putting enormous strain on infrastructure and services.
innováció; újítás,innovation,Az innováció ösztönzi a növekedést.,Innovation drives growth.
album,album,Vett nekem egy albumot.,She bought an album for me.
énekes; énekesnő,singer,Híres énekesnő.,She is a famous singer.
nyomot hagy,trail,A tájfun pusztítás nyomát hagyta maga mögött.,The typhoon left behind a trail of destruction.
csapda,trap,"Tudom, hogy kell csapdát állítani.",I know how to set a trap.
laza,loose,Laza kavicson könnyű elveszíteni az egyensúlyt.,It's easy to lose your footing on loose gravel.
kiterjesztés,extension,Mi a fájl kiterjesztése?,What's the file extension?
vagyon,wealth,Megpróbált vagyont felhalmozni.,He tried to accumulate wealth.
fokozatosan,gradually,A barátságuk fokozatosan szerelemmé alakult át.,Their friendship gradually turned into love.
tank,tank,Tankokkal és fegyverekkel szállták meg az országot.,They invaded the country with tanks and guns.
stratégiai,strategic,Stratégiai szempontból ez a legelőnyösebb hely.,It is the strategic high ground of space.
gonosz,evil,A történetben a jó legyőzi a gonoszt.,"In the story, good defeats evil."
figyelemre méltó,remarkable,Figyelemre méltó memóriája van.,She has a remarkable memory.
hangol,tune,"Kérlek, hangold fel nekem a gitáromat.",Please tune my guitar for me.
fű,grass,Fűben feküdtek.,They were lying on the grass.
meghívás,invitation,Örömmel fogadom el a meghívását.,I'm glad to accept your invitation.
átmenet; átalakulás,transition,Az átmenet több évig tartott.,The transition took several years.
megijeszt,frighten,Néha megijesztesz.,You frighten me sometimes.
ajánlat; ajánl,bid,Magas ajánlatot tett.,He made a high bid.
szaporodik,breed,A patkányok gyorsan szaporodnak.,Rats breed rapidly.
rendkívüli,extraordinary,Ez rendkívüli lenne.,That would be extraordinary.
briliáns,brilliant,Ez egy briliáns ötlet.,That's a brilliant idea.
tanácsadó,adviser,Ő a jogi tanácsadóm.,He is my legal adviser.
szár,stem,A virágnak hosszú szára van.,The flower has a long stem.
megfordít; fordított,reverse,"Kérlek, lassan tolass az autóval!",Please reverse the car slowly.
mód; üzemmód,mode,"Ez most a szórakoztató, lenyűgöző üzemmódom.","I'm in entertain, amaze mode."
tükör,mirror,Nézd meg magad tükörben!,Look at yourself in the mirror.
szörnyű,awful,"Attól, hogy a natto szörnyen büdös, nagyon finom.","Although natto smells awful, it is delicious."
póz,pose,"Esetleg állj be egy domináns pózba, vagy tarts magadnak lelkesítő beszédet.",You can even strike a powerful pose or give yourself a pep talk.
alkalmazkodik,adjust,A szemünknek időbe telik alkalmazkodni a sötéthez.,Our eyes take time to adjust to the dark.
alkotó,creative,"A kíváncsi és alkotó embereknek olyanok kellenek, mint ők maguk.","Curious, creative people need people like themselves."
őszintén,sincerely,"Őszintén remélem, hogy nem teszed meg.",I sincerely hope that you don't do that.
manapság,nowadays,Manapság mindenkinek van telefonja.,Nowadays everyone has a phone.
vers,poem,Jövő hétre tanuljátok meg a verset.,Memorize the poem by next week.
mezőgazdasági,agricultural,Ez egy mezőgazdasági terület volt.,It was an agricultural area.
versenyző,competitor,Nagyon sok versenytársunk van.,We have a lot of competitors.
alkohol,alcohol,Ez az ital nem tartalmaz alkoholt.,This drink contains no alcohol.
fesztivál,festival,A fesztivál holnap kezdődik.,The festival starts tomorrow.
zöldség,vegetable,A paradicsom gyümölcs vagy zöldség?,Is a tomato a fruit or a vegetable?
furgon,van,Vezettél már furgont?,Have you ever driven a van?
magabiztos; biztos,confident,Magabiztos.,She is confident.
bolygó,planet,A Marsot vörös bolygónak nevezik.,Mars is called the red planet.
görbe,curve,A tanulási görbe hosszan tartott.,The learning curve was very long.
térd,knee,A hó térdig ért.,The snow was knee deep.
úrrá lesz,overcome,Érthetetlen félelem lett úrrá rajtam.,I was overcome by inexplicable fear.
világháló; háló,web,Láttál már pókot hálót szőni?,Have you ever seen a spider making a web?
mélység,depth,Megmértük a folyó mélységét.,We measured the depth of the river.
bejárat,entrance,Kell lennie valahol bejáratnak.,There must be an entrance somewhere.
fatönk,log,Leültem egy fatönkre.,I sat down on a log.
óriás,giant,Az óriáspandák csak Kínában élnek.,Giant pandas live only in China.
isten,god,"Segíts magadon, s az Isten is megsegít.",God helps those who help themselves.
adag,portion,Tom kis adag pitét kapott.,Tom got a small portion of pie.
lényeg,substance,Mondd el a beszéde lényegét!,Tell me the substance of his speech.
kiterjedt,extensive,Kiterjedt és életveszélyes sérüléseim voltak.,I had extensive and life-threatening injuries.
tolmácsol,interpret,Tolmácsot keresel?,Are you looking for an interpreter?
önállóság,independence,A design gátolja az önállóságomat.,Design inhibits my autonomy and my independence.
negyven,forty,Nem fér be ide negyven ember.,Forty people can't fit in here.
cukor,sugar,A cukor nem tesz jót az egészségednek.,Sugar isn't good for your health.
belső,inner,A belső békéhez vezető nagyszerű utak egyike a dolgok figyelmen kívül hagyásának megtanulása.,Learning to ignore things is one of the great paths to inner peace.
árt,harm,Soha nem ártottam senkinek se.,I've never done harm to anyone.
tanácsot kér; konzultál,consult,Nincs kitől tanácsot kérnie.,He has nobody to consult.
rózsaszín,pink,A rózsaszín nem csak a lányoknak való.,Pink is not just for girls.
árny,shadow,A saját árnyékától is fél.,She is afraid of her own shadow.
csík; megfoszt,strip,Csíkokra vágta a papírt.,She cut the paper into strips.
sima,smooth,"Olyan sima, mint a baba popsija.",It's as smooth as a baby's bottom.
beavatkozás,intervention,És néha szükséges a katonai beavatkozás.,And sometimes military intervention is necessary.
lenyűgöz,impress,Nem próbállak lenyűgözni.,I'm not trying to impress you.
vizsga,exam,Keményen tanultam a vizsgára.,I studied hard for the exam.
bűn; rossz szokás,vice,A dohányzás az egyetlen rossz szokása.,Smoking is his only vice.
radikális; gyökeres,radical,A terv gyökeres változtatást igényel.,The plan needs radical change.
hasonlóan,similarly,"Ehhez hasonlóan, nézzük meg a műzliszeletet.","Similarly, let's look at a granola bar."
viselkedik,behave,"A fiú nem tudja, hogyan kell viselkedni.",The boy doesn't know how to behave.
hangos,loud,Ez a porszívó borzasztóan hangos.,This vacuum cleaner is awfully loud.
dimenzió; méret,dimension,A harmadik dimenzió is fontos.,And then the important third dimension.
későbbi,subsequent,Későbbi döntéseim miatt rövidesen börtönben találtam magam.,My subsequent choices put me on the fast track to prison life.
fertőzés,infection,"A kórház karanténba zárta a fertőzött betegeket, hogy elkerülje a keresztfertőzést.",The hospital quarantined the infected patients to avoid cross infection.
dzseki,jacket,Felvette a piros dzsekit.,He put on the red jacket.
hatékonyság,efficiency,A túl nagy hatékonyság saját magát gyengítheti.,Too much efficiency can weaken itself.
koszos,dirty,Vedd le rólam a koszos mancsodat!,Get your dirty paws off me.
rendszeresen,regularly,Szedsz gyógyszert rendszeresen?,Are you taking any medicine regularly?
folyamodik,resort,Úgyhogy a régi módszerhez folyamodtam.,So I resorted to old-fashioned debugging.
vas,iron,A hajóépítéshez használnak vasat.,Iron is used in ship construction.
sugároz,broadcast,Ezt a műsort most sugározzák.,That program is now being broadcast.
tagság,membership,Mennyibe kerül az éves tagsági díj?,How much is the annual membership fee?
kenyér,bread,"Egy kicsivel több kenyeret szeretnék, ha megengeded.","I'd like some more bread, please."
vak,blind,Születése óta vak.,He has been blind since birth.
tiszta,pure,Ez tiszta forrásvíz.,This is pure spring water.
véres; átkozott,bloody,Véres volt az inge.,His shirt was bloody.
szövetséges,ally,"A szövetségesed akarok lenni, nem az ellenséged.","I want to be your ally, not your enemy."
mennyiség,quantity,Nagy mennyiségű vízre van szükségünk.,We need a large quantity of water.
hajlít,bend,"Mindig hajlítsa be a térdét, amikor felemel valamit a földről!",Always bend your knees when you're lifting something off the ground.
érett,mature,Érett vagy.,You're mature.
rövid ideig,briefly,El tudod magyarázni röviden?,Can you explain it briefly?
ébresztő,alarm,Ne felejtsd el beállítani az ébresztőórádat.,Don't forget to set your alarm clock.
kávéház,café,"Abba a kávéházba mentünk, amelyről meséltem nektek.",We went to the café that I told you about.
zavar,disturb,"Ne zavarj engem, amikor tanulok.",Don't disturb me while I'm studying.
fenntart,sustain,"A vicces a fenntarthatóságban, hogy fent kell tartani.","The funny thing about sustainability, you have to sustain it."
árvíz,flood,Az árvíz elválasztotta a falut a külvilágtól.,The village was isolated by the flood.
szegénység,poverty,Az ország fő társadalmi problémája ma a szegénység.,The country's main social problem is poverty.
bolond,crazy,"Bolond lennék, ha ezt tenném.",I'd be crazy to do that.
nemrég; újonnan,newly,2016-ban három újonnan megválasztott latin került be Yakima tanácsába.,Three newly elected Latinas joined the Yakima City Council in 2016.
párhuzamos,parallel,A párhuzamos vonalak nem metszik egymást.,Parallel lines don't intersect each other.
nem,gender,A nemi dimenzió és az éghajlat elválaszthatatlanul összefügg egymással.,Gender and climate are inextricably linked.
támogató; támogat,sponsor,Ma 600 gyerek oktatását támogatjuk.,"So, we sponsor 600 children education programs today."
csizma,boot,Nem vetted le a csizmádat?,Did you keep your boots on?
pontos,accurate,Az óra nagyon pontos.,The clock is very accurate.
vasút,railway,Merre van a vasútállomás?,Where is the railway station?
kereskedő; osztó,dealer,Egy helyi kereskedőtől vettem.,I bought it from a local dealer.
gomb,button,Az ingedről hiányzik egy gomb.,Your shirt is missing a button.
teher,burden,Tom teher volt a szülei számára.,Tom was a burden to his parents.
sivatag,desert,A sivatagban sosem esik.,It never rains in the desert.
társ; barát,mate,Ő a legjobb barátom.,He is my best mate.
alkalmanként; néha,occasionally,Alkalmanként otthonról dolgozom.,I occasionally work from home.
tál,bowl,Sok cukorka van a tálban.,The bowl contains many kinds of candy.
felfedezés,discovery,Ez egy nagyon izgalmas felfedezés.,This is a very exciting discovery.
ellenállás,resistance,Erős ellenállásba ütköztek.,They met with strong resistance.
fürdés,bath,Meg fogok fürdeni.,I'm going to take a bath.
gyakoriság,frequency,Nőtt a gyakoriság.,The frequency has increased.
bírál,criticize,De nemcsak a mecsetet bírálja.,But he doesn't just criticize the mosque.
csap,tap,Iható itt a csapvíz?,Is the tap water here drinkable?
filozófia,philosophy,Kezdve a politikai filozófiával.,"So, starting with the political philosophy."
ajak,lip,Jellegzetesen az ajak egyik sarka föl- és behúzva.,It's marked by one lip corner pulled up and in.
tulajdonság,attribute,A sikerét a szerencsének tulajdonította.,She attributed her success to luck.
nulla,zero,A nulla egy különleges szám.,Zero is a special number.
bocsánatot kér,apologize,Elnézést kérek az esetleges kellemetlenségekért.,I apologize for any inconvenience caused.
beleegyezés,approval,A beleegyezésetek fontos a számomra.,Your approval is important to me.
megragad; megfog,grab,"Markoljátok meg az ásót, fiúk!","Grab the shovels, boys."
kölcsönad,lend,Kölcsönadnád nekem a szótárad?,Will you lend me your dictionary?
részvétel,involvement,Tom részvétele a bankrablásban még nem bizonyított.,Tom's involvement in the bank robbery is yet to be established.
kitettség,exposure,"Egyszerűen nincs elég adat ahhoz, hogy megérthessük a kitettségünket.",We simply lack the data to understand our exposure.
hagyományos,conventional,Miért olyan unalmasak a hagyományos nyelvórák?,Why are conventional language classes so boring?
digitális,digital,A digitális változatot szeretem jobban.,I prefer the digital version.
fordít,translate,Le tudnád ezt nekem fordítani?,Can you translate this for me?
szerkeszt,edit,Kattintson a szerkesztéshez!,Click to edit.
kialakulás; képződmény,formation,A jég kialakulásához idő kell.,The formation of ice takes time.
letét; betét,deposit,Kis előleget fizettünk.,We paid a small deposit.
hamarosan; röviden,shortly,"Anyám röviddel azután halt meg, hogy megszülettem.",My mother died shortly after I was born.
kellemes,pleasant,"Semmi sem kellemesebb, mint az utazás.",Nothing is more pleasant than traveling.
ellenkező,contrary,"Mindenki elhiszi a történetét, mivel nincs bizonyíték az ellenkezőjére.",Everyone believes his story since there is no evidence to the contrary.
tengerentúli,overseas,Abban az időben a tengerentúlon voltam.,I was overseas at the time.
támogat; szószóló,advocate,"Egyedülálló anya, közösségi szószóló.","She's a single mother, a community advocate."
szervezet,establishment,"És ismét, a civil szervezetek már ott lihegnek a politikusok nyakában.","And, again, civil societies breathing down the neck of the establishment."
összefoglaló,summary,Adj egy összefoglalót a könyvhöz.,Give me a summary of the book.
fürdőszoba,bathroom,"Merre van a fürdőszoba, kérem?","Where is the bathroom, please?"
érdes,rough,Érdes tapintású a fal.,The wall feels rough.
középső; közepe,mid,Ugorjunk a '80-as évek közepére!,Jump ahead to the mid-1980s.
toll,pen,Ne felejtsd el visszaadni a tollam.,Don't forget to return my pen.
gyógyulás,recovery,A gyógyulás útjára léptél.,You're now on the way to recovery.
pecsét,seal,"Na, itt egy másolat egy ilyen pecsétnyomóról.",Here's a replica of one such seal.
cső; tubus,tube,A víz egy csövön folyik át.,The water flows through a tube.
torony,tower,Milyen magas az a torony?,How high is that tower?
jellemez,characterize,Hogyan jellemezné a jelenlegi kapcsolatát?,How would you characterize your current relationship?
meghatároz; megad,specify,"Kérlek, add meg a pontos dátumot!",Please specify the exact date.
pontos,exact,Nem emlékszem a pontos dátumra.,I don't remember the exact date.
forog; pörget,spin,A kerék forogni kezdett.,The wheel began to spin.
kezelő; operátor,operator,A kezelő leállította a gépet.,The operator stopped the machine.
gráf,graph,Nem értem ezt a grafikont.,I don't understand this graph.
csecsemő,infant,Egyet még csecsemőnek is.,I even made one for an infant.
ás,dig,Honnan ástad ezt elő?,Where did you dig that up?
húz; vonszol,drag,Ne húzd a dobozt!,Do not drag the box.
felszerel; megmászik; hegy,mount,A falra szerelték a kamerát.,They mounted the camera on a wall.
becsomagol,wrap,Nem szükséges becsomagolni.,You don't have to wrap it up.
előre lát; számít rá,anticipate,Késésre számítunk.,We anticipate a delay.
függ,dependent,Pénzügyileg a feleségétől függ.,He's financially dependent on his wife.
specializál,specialize,De hogyan specializálódsz?,But how would you specialize?
szög,angle,Rajzolj egy derékszöget!,Draw a right angle.
csirke,chicken,Erősen csirkeíze van.,It tastes a lot like chicken.
szorongás,anxiety,A szorongás az élet legrosszabb démona.,Anxiety is the worst demon in life.
vírus,virus,Vírus van a számítógépemen.,My computer has a virus.
pontosan,precisely,Gyere ide pontosan hat órakor.,Come here at precisely six o'clock.
rivális,rival,Tom a rivális bandából volt.,Tom was from a rival gang.
támadás,offense,Egy egész kontinensre kiterjedő támadás?,An offense against the entire continent?
észlel; kimutat,detect,A teszt képes kimutatni a vírust.,The test can detect the virus.
napló,diary,Régebben vezettem naplót.,I used to keep a diary.
tini,teenager,2013-ban még egy tini voltam.,"In 2013, I was still a teenager."
csodál,admire,Csodállak érte.,I admire you for that.
mérsékelt,moderate,A mérsékelt testmozgás jót tesz önnek.,Moderate exercise is good for you.
sebészet,surgery,Ez egy valódi forradalom volt a sebészetben.,This was truly a revolution in surgery.
zenész,musician,A bátyám zenész.,My brother is a musician.
jelentőség,significance,"Úgy vélem, semelyikőtök sem fogja fel ennek a jelentőségét.",I don't think any of you realize the significance of this.
zuhany,shower,Van egy pók a zuhanyozóban.,There's a spider in the shower.
illegális,illegal,Illegális itt parkolni.,It is illegal to park here.
jótékonyság,charity,A jótékonyság otthon kezdődik.,Charity begins at home.
egyetemes; általános,universal,A biztonság iránti igény egyetemes.,The need for safety is universal.
cigaretta,cigarette,Megállt egy cigarettára rágyújtani.,She stopped to smoke a cigarette.
megfelelő,adequate,Megfelelőnek tűnik.,It seems adequate.
tanácsadó,consultant,Tanácsadóként dolgozom.,I work as a consultant.
történész,historian,Ön milyen történész?,What kind of historian are you?
unokatestvér,cousin,Az unokatestvérem meghívott az esküvőjére.,My cousin invited me to her wedding.
vizuális,visual,Itt van az én vizuális önéletrajzom.,And here's my visual C.V.
buta,stupid,Eléggé buta dolog lenne azt tenni.,Doing that would be pretty stupid.
hé,hey,"Hé, találd ki, mit csinálok ma este!","Hey, guess what I'm doing tonight."
lelkes; éles,keen,Miért akarod annyira megtenni?,Why are you so keen on doing that?
etnikai,ethnic,"Látunk durva vallási, nemzeti és etnikai vitákat.","We see violent religious, national and ethnic disputes."
iker,twin,Van egy ikertestvére.,She has a twin sister.
klinikai,clinical,A gyógyszert klinikai vizsgálatokban tesztelik.,The drug is in clinical trials.
keleti,eastern,Japán Kelet-Ázsiában van.,Japan is in eastern Asia.
előrejelzés,forecast,Az időjárás-előrejelzés pontos volt.,The weather forecast was correct.
szakasz; rész,segment,Tévésorozat szerű részeket teszünk fel.,"We actually shoot segments, like TV show segments."
szokás,custom,Ez a szokás nagyon elterjedt.,That custom has become very widespread.
alkalmazkodik,adapt,Időbe telik alkalmazkodni egy új városhoz.,It takes time to adapt to a new city.
homok,sand,Tegyél egy kis homokot a vödörbe.,Put some sand in the bucket.
sapka,cap,Hol vásároltad ezt a sapkát?,Where did you buy that cap?
gyors,prompt,Tomnak gyors választ ígértek.,Tom was promised a prompt reply.
varázslat,charm,A fekete-fehér fényképfelvételeknek van egy különleges varázsa.,Black and white photos have a special charm.
reagál,react,Nem jól reagálok a meglepetésekre.,I don't react well to surprises.
előadás,lecture,Szeretnék elmenni arra az előadásra.,I would like to attend that lecture.
kockáztat,venture,A hétköznapokon kockázati befektetésekkel foglalkozom.,"By day, I'm a venture capitalist."
vegyülék,compound,"A csokoládéban van egy feniletilamin nevű vegyület, ami lehet afrodiziákum.",There is a compound in chocolate called phenethylamine that might be an aphrodisiac.
megment,rescue,A fiú megmentésére siettek.,They went to the boy's rescue.
rendetlenség,mess,Megelégeltem ezt a rendetlenséget.,I've had enough of this mess.
előnyben részesítés; preferencia,preference,"A babák hamar megmutatják, mit részesítenek előnyben: az elsőt választják.",Babies quickly show their preference by choosing the first one.
átfogó,comprehensive,Átfogó szemvizsgálatokat végzünk.,They receive comprehensive eye exams.
ösztönző; ösztönzés,incentive,A bónusz erős ösztönző.,The bonus is a strong incentive.
liga,league,Borostyán Ligás egyetemen végzett?,Did they go to an Ivy League school?
párbeszéd,dialog,Sok párbeszéd volt benne.,There was a whole lot of dialog.
tejszín,cream,Kérsz tejszínt a kávédba?,Would you like cream in your coffee?
gyors,rapid,A városban gyors növekedés indult.,The city saw rapid growth.
töröl,cancel,Szeretném a foglalásomat törölni.,I'd like to cancel my reservation.
megbán,regret,"Ne csinálj olyat, amit később megbánnál.",Don't do something you'll regret later.
elvet,dismiss,Valamint az értékelők azonnal elvetették az eredményeiket is.,The evaluators were also quick to dismiss their accomplishments.
margó,margin,"Hagyj margót, amikor írsz.",Leave a margin on the paper when you write.
alatt,beneath,Egy szinttel alattunk laknak.,They live on the floor beneath.
ellenfél,opponent,Az ellenfele sokkal erősebb volt.,His opponent was much stronger.
ellenáll,resist,Nem tudott ellenállni a kísértésnek.,He could not resist the temptation.
képesség,capability,Ez hihetetlen képességet nyújt a számára.,This gives it an extraordinary capability.
teljes; abszolút,absolute,Teljes mértékben megbízom benned.,I have absolute confidence in you.
megfelel,correspond,A magasság megfelel a tárcsarendszernek.,And the altitude corresponds to the plate system.
mer,dare,Hogy mered megkérdőjelezni a hazafiasságomat!,How dare you question my patriotism!
akadály,barrier,A második akadály: a kutatók nem osztoznak.,The second barrier: researchers don't share.
megszabadít,rid,Nem tudok megszabadulni a köhögésemtől.,I can't get rid of my cough.
válás,divorce,A válása után magányos volt.,He was lonely after his divorce.
rom,ruin,A város romokban hevert.,The town fell into ruin.
temet,bury,El fogunk temetni.,We'll bury you.
tanács; tanácsadó,counsel,"Általánossá kell, hogy tegyük a korai jogi tanácsadás elérhetőségét.",We need to systematically implement early access to counsel.
hajlam; tendencia,tendency,Most a fordított irányzat érvényesül.,Now we have the reverse tendency.
gyakori,frequent,Gyakran látogatja meg Japánt üzleti ügyben.,He makes frequent visits to Japan on business.
motor,motor,A motor nagyon csendes.,The motor is very quiet.
túlélés,survival,A víz szükséges a túléléshez.,Water is necessary for survival.
pult; ellenző,counter,"Tedd le ide a pultra, amit vettél.",Put the groceries down here on the counter.
bír,possess,Csak emberek tudnak birtokolni dolgokat.,Only humans can possess things.
engedély,permission,Engedély kell a belépéshez.,You need permission to enter.
völgy,valley,Átfut a folyó a völgyön.,The river runs through the valley.
lebeg,float,Imádok lebegni a vízen.,I love to float on the water.
őrült,mad,Ez őrült.,This is mad.
nagymértékben; nagyon,greatly,A helyzet sokat javult.,The situation has greatly improved.
látható,visible,Számtalan csillag volt látható az égbolton.,Numerous stars were visible in the sky.
elektromos,electric,Vettünk egy elektromos autót.,We bought an electric car.
lenyűgöző,impressive,Lenyűgöző a fejlődése.,Her progress is impressive.
evolúció,evolution,Tom nem hisz az evolúcióban.,Tom doesn't believe in evolution.
tudat,awareness,A politikai tudatosság kifejlesztése időt vesz igénybe.,Developing political awareness takes time.
heves; erőszakos,violent,A film túl erőszakos a gyerekeknek.,The film is too violent for children.
rabszolga,slave,A főnököm egy rabszolgahajcsár.,My boss is a slave driver.
gazdag,wealthy,Gazdag vagy.,You're wealthy.
építészet,architecture,Nem volt semmilyen építésziskolánk.,There were no schools of architecture.
elfogadható,acceptable,Elfogadható ez az ár?,Is this price acceptable?
napló,journal,Ezt is írta a naplójába.,He wrote as much in his journal.
szén,coal,Ausztrália a Föld ötödik legnagyobb szénkitermelője.,Australia is the world's fifth-largest coal producer.
mérés,measurement,Mérés esetén fontos a pontosság.,Precision in measurement is necessary.
véletlenszerű,random,Válassz egy véletlenszerű helyet a térképen!,Choose a random spot on the map.
sikeresen,successfully,A bombát sikeresen hatástalanították.,They've defused the bomb successfully.
lehangol; csökkent,depress,Túl lehangolt vagyok hozzá.,I'm too depressed to do that.
illusztráció,illustration,A könyv illusztrációi nagyon jók.,The book's illustrations are very good.
szétpukkan,burst,Szétpukkadt a szappanbuborék.,The soap bubble burst.
kiváltság; megtiszteltetés,privilege,Megtiszteltetés itt dolgozni.,It is a privilege to work here.
vevő,buyer,Van vevőd ezekre?,Do you have a buyer for these?
kölcsönös; közös,mutual,Az érzés kölcsönös volt.,The feeling was mutual.
sín,rail,"Pl. nagy, kör alakú sínt.","For example, I can make a large circular rail here."
dzsessz,jazz,Ő a legjobb dzsesszénekes.,He is among the best jazz singers.
motivál,motivate,Milyen kihívások motiválnak téged?,What kind of challenges motivate you?
laboratórium,laboratory,Laboratóriumban dolgozik.,He works in the laboratory.
előléptetés,promotion,Múlt hónapban előléptették.,She got a promotion last month.
szenvedély,passion,A munkám a szenvedélyem.,My work is my passion.
bajnok,champion,Én vagyok az országos bajnok.,I'm the national champion.
teljesít; beteljesít,fulfill,Betartotta az ígéretét.,She fulfilled her promise.
por,dust,A gépet por lepte be.,The machine was coated with dust.
szentel,dedicate,Az apja a tudománynak szentelte az életét.,His father dedicated his life to science.
durván,roughly,Durván vezet.,He drives roughly.
világszintű,worldwide,Világszerte alig fogadunk be menekültet.,We take in so few refugees worldwide.
szoknya,skirt,Vett egy új szoknyát.,She bought a new skirt.
tartomány,province,Tartományról tartományra kissé változik.,It varies a bit province to province.
menetel,march,A menetelő nők megemelkedett számából.,Because so many women were on the march.
kiértékelés,evaluation,A kiértékelés hónapokig tarthat.,The evaluation could take months.
kompromisszum,compromise,Végül találtunk egy kompromisszumot.,We finally found a compromise.
teljesít; elvégez,accomplish,Teljesítették céljaikat.,They accomplished their goals.
gyengeség,weakness,A csokoládé a gyengeségem.,Chocolate is my weakness.
bejelentés,announcement,Fontos bejelentenivalóm van.,I have an important announcement.
só,salt,Összetévesztette a cukrot a sóval.,She mistook the sugar for salt.
pillantás; rápillant,glance,Rápillantott az órára.,He glanced at the clock.
opera,opera,Nem vagyok egy nagy operarajongó.,I don't really enjoy opera very much.
verseny; vitat,contest,Miféle verseny volt?,What kind of contest was it?
kefe; ecset,brush,Kefével sikálta fel a konyha padlóját.,She scrubbed the kitchen floor with a brush.
zavarba hoz,embarrass,Nem akartalak zavarba hozni.,I didn't want to embarrass you.
galéria,gallery,"Ha van időd, miért nem nézel be a galériájába?","If you have time, why don't you drop by his gallery?"
genetikai,genetic,Genetikai szinten azonosak vagyunk.,We're similar at the genetic level.
agresszív,aggressive,Ő agresszív.,She is aggressive.
mellkas,chest,Szúr a mellkasom.,I have a pain in my chest.
formáz,format,Milyen formátumot használjak?,What format should I use?
irodalmi,literary,Szerintem ez nagyon izgalmas: egy irodalmi történetbe bekapcsolódni.,I think that's pretty exciting: tune-in literary fiction.
szabályoz,govern,Hogyan hozzuk meg a minket irányító szabályokat?,How should we make the rules that govern us?
tizennyolc,eighteen,Tizennyolc évesnél idősebb vagy?,Are you over eighteen years old?
ölelés,embrace,"Olyanok, mintha megdermedtek volna egy ölelés közepén.",They look like they're frozen in some embrace.
dicsér; dicséret,praise,A tanár megdicsérte a munkáját.,The teacher praised her work.
csendes; néma,silent,Én nem tudok tovább hallgatni.,I can no longer remain silent.
tizenegy,eleven,Nyolctól tizenegyig szoktam tanulni.,I study from eight to eleven.
szivattyú,pump,A szivattyú nem működött rendesen.,The pump didn't work properly.
kiadó,publisher,A kiadó elfogadta a könyvet.,The publisher accepted the book.
ünneplés,celebration,Minden egy ünneplésnek tűnt.,It all felt like a celebration.
golf; golfozik,golf,Vasárnaponként golfozik.,He plays golf on Sundays.
kártérítés; ellenszolgáltatás,compensation,Kártérítést fizettek a kárért.,They paid compensation for the damage.
klasszikus,classical,Szereti a klasszikus zenét.,He likes classical music.
mérlegel; megmér,weigh,"Kérlek, mérd meg a csomagot!",Please weigh the package.
kontra; szemben,versus,A minőség áll szemben az árral.,It is quality versus price.
módosít,modify,"Módosíthatja is őket, vagy újakat képezhet.","It could also modify them, or create new ones."
villanás; vaku,flash,Fényvillanást láttam.,I saw a flash of light.
barátság,friendship,A barátságunk sok évig tartott.,Our friendship lasted many years.
foglalkozás,profession,A foglalkozása fogorvos.,He is a dentist by profession.
szó szerint,literally,A metaforákat nem kell szó szerint érteni.,Metaphors aren't meant to be taken literally.
egyenlet,equation,Oldd meg ezt az egyenletet!,Solve this equation.
baseball,baseball,Baseballoztak a parkban.,They played baseball in the park.
gesztus,gesture,A gesztikuláció a kommunikáció másik módja.,Gesture is another way of communication.
szórakoztat,entertain,Hadd szórakoztassalak!,Let me entertain you.
fantasztikus,fantastic,Ez egy fantasztikus eredmény.,This is a fantastic achievement.
kijelöl; hozzárendel,assign,A tanár házi feladatot fog adni.,The teacher will assign homework.
történelmi,historic,A házunk történelmi jelentőségű épület és műemlékvédelem alatt áll.,Our house is a historic building and is listed as a protected monument.
megsebesít,injure,"Meglehetősen közel voltunk ahhoz, hogy megsebesüljünk.",We came pretty close to getting injured.
kosárlabda,basketball,A röplabdát és a kosárlabdát is kedvelem.,I like both volleyball and basketball.
távoli,remote,Földrajz. Kulcsszavak: vidéki és távoli.,Geography: think rural and remote.
terápia,therapy,"Azt hiszem, terápiára van szükségem.",I think I need therapy.
narancssárga,orange,A fogvatartott narancsszínű kezeslábast viselt.,The prisoner wore an orange jumpsuit.
csavar; kiforgat,twist,Ne forgasd ki a szavaimat!,Do not twist my words.
személyzet,personnel,A személyzetünk jól képzett.,Our personnel are very highly educated.
képzelet,imagination,A gyerekeknek nagy a képzelőerejük.,Children have a great imagination.
nem ért egyet,disagree,Nem ellenzem a döntésedet.,I don't disagree with your decision.
torok,throat,Torokfájással keltem.,I woke up with a sore throat.
felismerés; betekintés,insight,"Nos, sikerült betekintenem ebbe a lehetőségbe.","Now, I've gained some insight into this."
megküzd; kezel,tackle,Meg kell oldanunk ezt a problémát.,We must tackle this problem.
örökre,forever,"Azt hittem, hogy örökre együtt maradunk.",I thought we'd be together forever.
meghalad,exceed,Meghaladtuk.,We exceeded it.
öröm,joy,Szívünk örömmel telt.,Our hearts are filled with joy.
terhes,pregnant,"Lehet, hogy terhes vagy?",Is there a possibility that you're pregnant?
megbízható,reliable,Az időjárás-előrejelzés nem feltétlenül megbízható.,The weather forecast is not necessarily reliable.
sebesség,gear,Tom sebességbe tette a kocsit.,Tom put the car into gear.
kattint,click,A kép megtekintéséhez kattintson ide!,Click here to see the pictures.
költő,poet,Nem lehet mindenkiből költő.,Not everyone can be a poet.
szerencse,fortune,Milyen ember ír szerencsesüti üzenetet?,What kind of people write fortune cookie messages?
szertartás,ceremony,Holnap lesz a szertartás.,The ceremony will take place tomorrow.
halom,pile,Ez a halom tetején volt.,This one was on top of the pile.
disznó,pig,Korábban már hívtak disznónak.,I've been called a pig before.
keverék,mixture,A levegő különböző gázok keveréke.,Air is a mixture of various gases.
automatikusan,automatically,Az ajtó automatikusan kinyílt.,The door opened automatically.
tudós,scholar,Ő egy híres tudós.,He is a famous scholar.
pszichológiai; lelki,psychological,Tomnak lelki gondjai vannak.,Tom has psychological problems.
drámaian; jelentősen,dramatically,A drogfogyasztás drámaian lecsökkent.,Overall drug use is down dramatically.
tét; karó,stake,Sok minden forog kockán.,A lot is at stake.
teremtmény,creature,"Tehát, csodálatos egy teremtmény, ugye?","So, magnificent creature, isn't it?"
partnerség,partnership,Ezzel kezdődött fantasztikus régészeti partnerkapcsolatunk.,This began an incredible archaeological partnership.
részvétel,participation,"A részvételi kor a probléma, nemde?","It's the participation age, right?"
büntetés,penalty,A túl kevés büntetése az éhezés és alultápláltság.,The penalty for too little is starvation and malnutrition.
kedvel; díszes; képzelet,fancy,A változatosság kedvéért jó lenne egy puccos étteremben enni.,It would be nice to eat at a fancy restaurant for a change.
költészet,poetry,Szerette a költészetet és a zenét.,She liked poetry and music.
beszélget,chat,"Nem, nincs időm beszélgetni.","No, I don't have time to chat."
ruha,clothing,Ebben a szobában két ruhaszekrény van.,This room has two closets for clothing.
fejlődik,evolve,Nem a majmokból fejlődtünk ki; közös ősünk volt.,We did not evolve from monkeys. We share a common ancestor.
polc,shelf,Van egy szótár a polcon.,There's a dictionary on the shelf.
növel; fellendít,boost,Ez növelni fogja az eladásokat.,This will boost sales.
rosszindulat; ellenére,spite,Az eső ellenére is eljött.,He came in spite of the rain.
farok,tail,Most a hosszú farok részén járunk.,We're at the long tail end here.
tulajdon,possession,Mi a legértékesebb tulajdonod?,What's your most valuable possession?
abortusz; terhességmegszakítás,abortion,Az emberek állást foglalnak az abortusz ügyében.,People are taking sides on the abortion issue.
kiváló,outstanding,Ez az egészség részben a kiváló oktatásból áll.,Part of that health includes an outstanding education.
kíváncsi,curious,A kisgyermekek nagyon kíváncsiak voltak.,The little kids were very curious.
szembesít; szembenéz,confront,Szembe kell szállnunk ezzel a valósággal.,We've got to confront that reality.
fából készült,wooden,Szeretek fából készült klumpában járni.,I like to wear wooden clogs.
fellendülés; bumm,boom,"Aztán egy nap, bumm, nyugdíjba vonulunk.","And then one day, boom, we retire."
mese,tale,"Olyan volt, mint egy mese.",It was like a fairy tale.
demokratikus,democratic,Demokratikus társadalomban élünk.,We live in a democratic society.
karbantartás,maintenance,Weboldalunk tervezett karbantartás végett nem elérhető.,Our website is offline for scheduled maintenance.
következésképpen,consequently,Elaludtam és következésképp nem tudtam csatlakozni hozzájuk.,I overslept and consequently couldn't join them.
fazék,pot,Tedd a sárgarépát a fazékba.,Put the carrots in the pot.
fordítás,translation,Még nem fejeztem be a fordítást.,I haven't finished the translation yet.
tehén,cow,Sosem láttam valódi tehenet.,I've never seen a real cow.
megerősít,strengthen,A testmozgás megerősíti a hátadat.,Exercise will strengthen your back.
korlátozás,constraint,Tehát egy új korlátozást ismertünk meg.,So a new constraint was introduced.
hajtás,fold,Minden hajtással a papír vastagsága megduplázódik.,"With every fold we make, the paper doubles in thickness."
kuka; tároló,bin,Tedd az üveget a szelektív kukába!,Put the bottle in the recycling bin.
átesik; elszenved,undergo,Műtéten fog átesni.,She will undergo surgery.
potenciálisan; esetleg,potentially,Ez veszélyes lehet.,This is potentially dangerous.
hatókör; terjedelem,scope,Ez kívül esik a munkám hatókörén.,That is outside the scope of my work.
tettet,pretend,"Csak tettesd, hogy nem ismersz.",Just pretend you don't know me.
sokszínűség,diversity,A globalizáció sújtja a nyelvi sokszínűséget.,Globalization destroys the diversity of languages.
büszkeség,pride,Büszke a munkájára.,She takes pride in her work.
intenzív; erős,intense,A terület egy intenzíven iparosított zónává vált.,It's become this intense industrialized zone.
vizsgálat,inquiry,Titokban tanúvallomást tettem a vizsgálat során.,And I testified to that inquiry in secret.
lemond,resign,Lemondok.,I resign.
kézművesség; mesterség; készít,craft,Az apjától tanulta a mesterséget.,She learned the craft from her father.
szigorú,strict,A szüleim nagyon szigorúak.,My parents are very strict.
beton,concrete,"Ki mondta, hogy a betonhidak unalmasak?",Who said concrete bridges are dull?
héj; kagyló,shell,Hova dobhatom a tojáshéjat?,Where can I throw these egg shells?
kerékpár,bicycle,Mikor vettétek ezt a kerékpárt?,When did you buy this bicycle?
öngyilkosság,suicide,Az újság szerint öngyilkos lett.,"According to the newspaper, he committed suicide."
átkozott,damn,És nem válaszolt arra az átkozott kérdésre.,And she didn't answer the damn question!
különálló; egyértelmű,distinct,A mi érzékeink különállóak.,"In us, all the senses are distinct."
humor,humor,Van humorérzéked.,You have a sense of humor.
korlátozás,limitation,Korlátozásként élnék meg?,Would it feel like a limitation?
jel,indication,"Semmi jele nem volt, hogy bármi gond lenne.",There was no indication that anything was wrong.
stabilitás,stability,"Kell, hogy megtartsuk a társadalmi stabilitást.",We need it to keep social stability.
bölcs,wise,Ez bölcs döntés lenne.,That would be a wise decision.
elhanyagolás,neglect,Elhanyagolhat engem.,You could neglect me.
alkot; zenét szerez,compose,Tud zenét szerezni.,She can compose music.
börtön,jail,Sok ártatlan ember ül börtönben.,There are many innocent men in jail.
menedék,shelter,Egy fa alatt találtam menedéket.,I took shelter under a tree.
puszta,mere,"És még egyszer, ez nem pusztán elmélet.","Again, this is no mere hypothetical."
szén,carbon,"A szén-monoxid színtelen, szagtalan.",Carbon monoxide is colorless and odorless.
szabályoz,regulate,Miért nem elég csupán a szabályzása?,Why can't we just regulate it?
kényelmes,convenient,Az internetes bankolás nagyon kényelmes.,Online banking is very convenient.
sajt,cheese,Mi a kedvenc sajtod?,What's your favorite kind of cheese?
kivált,trigger,Néha nem is kell hozzá kiváltó ok.,Sometimes there's no trigger at all.
cső,pipe,"Ha nem vagy képes megjavítani a csővezetéket, hívnunk kell egy vízvezeték-szerelőt.","If you can't fix the pipe, we'll have to call a plumber."
pusztítás,destruction,A tűz nagy pusztítást okozott.,The fire caused great destruction.
gitár,guitar,Igazán szeret gitározni.,He really likes playing the guitar.
zászló,flag,A zászló lobogott a szélben.,The flag flapped in the wind.
farmer,jeans,Nem láttam őt még farmerban.,I never saw him in jeans.
zongora,piano,Folyton zongorán gyakorolt.,She was always practicing the piano.
varázs,magic,Tényleg hiszel a varázslatban?,Do you really believe in magic?
rejtély,mystery,Meg kell oldanunk egy rejtélyt.,We've got a mystery to solve.
sí,ski,A testvéred síoktató?,Is your brother a ski instructor?
recepció,reception,A recepciónál voltam.,I was at the reception.
suttog,whisper,"Ne suttogj, beszélj hangosabban!","Don't whisper, speak up!"
műhely,workshop,Van egy műhely a garázsomban.,I have a workshop in my garage.
hátsó; hátul,rear,Használd a hátsó bejáratot!,Use the rear entrance.
étlap,menu,Kérd el a pincérnőtől az étlapot!,Ask the waitress for the menu.
faj; fajta,species,Ezek mémek különböző fajtái.,There are different species of memes.
hold,moon,Ma este nagyon fényes a hold.,The moon is very bright tonight.
foglalkozás,occupation,Mi a foglalkozásod?,What is your occupation?
valószínűleg,presumably,Valószínűleg valami természetfelettire gondolnak.,"Presumably, they mean something supernatural."
megáld,bless,A pap megáldotta a párt.,The priest blessed the couple.
légitársaság,airline,Melyik légitársasággal repülsz?,Which airline are you flying with?
nagyanya,grandmother,A nagyanyám vidéken él.,My grandmother lives in the country.
föld alatti,underground,A parkoló a föld alatt van.,The car park is underground.
esküdtszék,jury,"El tudná mondani az esküdtszéknek, mi történt?",Could you describe to the jury what happened?
együttműködés,cooperation,Nagyra becsülöm az ön együttműködését.,I really appreciate your cooperation.
polgári,civilian,A polgári életben nincsenek rangok.,In the civilian world there's no rank.
összetétel,composition,A víz forralása nem változtatja meg az összetételét.,Heating water does not change its chemical composition.
anyu,mum,Felhívtam három számot. Felhívtam anyukámat.,I dialed three numbers. I dialed my mum.
érme,coin,Kivett egy érmét a zsebéből.,He took a coin out of his pocket.
ettől függetlenül,regardless,Az esküvői ceremóniát az időjárástól függetlenül megtartjuk.,The wedding ceremony will be held regardless of the weather.
átvizsgál; beolvas,scan,"Kérlek, olvasd be ezt a dokumentumot!",Please scan this document.
fogyasztás,consumption,Nőtt a vízfogyasztás.,Water consumption has increased.
csokor,bunch,Adj egy csokor petrezselymet!,Give me a bunch of parsley.
faji,racial,A faji megkülönböztetés ellen harcolt.,He fought against racial discrimination.
köszönt,greet,Te mindig így köszöntöd az embereket?,Do you always greet people that way?
remélhetőleg,hopefully,Remélhetőleg jó idő lesz.,"Hopefully, the weather will be good."
szankció,sanction,A szankciók működhetnek.,Sanctions might work.
magába olvaszt,absorb,A technológia soha nem fog magába szívni minket.,Technology will never absorb us.
trükk,trick,Meg tudnád tanítani nekem azt a trükköt?,Can you teach me that trick?
bekezdés,paragraph,"Megmutatok önöknek egy négy bekezdéses formát, amit használhatnak.","Now, I'm going to give you a four paragraph format to work with."
basszus; baszd meg,fuck,"Basszus, elfelejtettem a kulcsomat.","Fuck, I forgot my keys."
terület; tartomány,domain,Ez a téma nem az én szakterületem.,This topic is outside my domain.
készítő; gyártó,maker,A tárgyak készítőjének hívom magam.,I call myself a maker of things.
csokoládé,chocolate,Törd a csokoládét kisebb darabokra!,Break the chocolate into smaller pieces.
ösztönöz; ingerel,stimulate,A testmozgás serkenti a szívet.,Exercise stimulates the heart.
nadrágszíj,belt,Öv nélkül leesik a nadrágom.,My pants fall down without a belt.
burgonya,potato,Szeretek burgonyacsipszet enni.,I like to eat potato chips.
narratíva,narrative,"Egymásnak homlokegyenest ellentmondó, de azonos narratív szerkezetű történetek.",Opposite stories with an identical narrative structure.
papírzsebkendő,tissue,Kérsz egy papírzsepit?,Would you like a tissue?
utazó,traveler,Egy falkányi farkas támadt az utazóra.,A pack of wolves attacked the traveler.
alig,barely,Alig tudom elviselni a viselkedését.,I can barely stand his behavior.
kitalál,invent,"Nem örököljük a személyazonosságunkat, nekünk kell kitalálni.",We don't inherit an identity; we get to invent it.
szabadidő,leisure,A szabadidőmben könyveket olvasok.,I read books in my leisure time.
turizmus,tourism,A turizmus fontos ennek a szigetnek.,Tourism is important for this island.
profi,pro,Te vagy a profi.,You're the pro.
lépcső,stair,Lejött a lépcsőn.,She was coming down the stairs.
forgatókönyv; írás,script,Tegnap befejeztem a forgatókönyvet.,I finished the script yesterday.
habozik,hesitate,Ne habozz tanácsot kérni.,Don't hesitate to ask for advice.
ragyog,shine,"Az emberek, úgy mint a fém, csak a felszínen ragyognak.","People, like metal, only shine on the surface."
motiváció; ösztönzés,motivation,Nincs meg benne a motiváció.,He lacks motivation.
romantikus,romantic,"Gondoltam, romantikus lenne.",I thought it would be romantic.
határozottan; szilárdan,firmly,És Carl Norden határozottan az első táborba tartozott.,And Carl Norden is very firmly in the former camp.
belső,interior,De hol vannak a belsőhangzás-tervezők?,Where are the interior sound designers?
has,stomach,Elmúlt a hasfájásom.,My stomach doesn't hurt anymore.
sehol,nowhere,A gyűrűt sehol sem találták meg.,The ring was nowhere to be found.
imádkozik,pray,Szebb jövőért imádkozom.,I pray for a better future.
bajnokság,championship,"Biztos vagyok benne, hogy megnyerem a bajnokságot.",I'm sure of winning the championship.
szolga,servant,A szolga felseperte a padlót.,The servant swept the floor.
bevándorló,immigrant,Bevándorló vagy?,Are you an immigrant?
felesleg,excess,Hihetetlen mennyiségű feleslegünk van.,We have this incredible excess capacity.
bonyolultság,complexity,Bonyolultsága ellenére a merevség mérgező.,And rigidity in the face of complexity is toxic.
túlterhel; eláraszt,overwhelm,Túlterhelte a sok munka.,The amount of work overwhelmed her.
életmód,lifestyle,Tom pazar életmódot folytat.,Tom lives a lavish lifestyle.
bólint,nod,"Bólintson, ha érti!",Nod your head if you understand.
meglepően,surprisingly,"Mindenki nagy meglepetésére kiderült, hogy ő egy tolvaj.","Surprisingly enough, he turned out to be a thief."
kivonat; kinyer,extract,Szójabab kivonat.,And extract from soybeans.
megvalósítás; végrehajtás,implementation,A megvalósítás a jövő hónapban kezdődik.,Implementation will begin next month.
óriási,tremendous,Óriási volt a nyomás.,The pressure was tremendous.
elfogultság,bias,"Úgynevezett ""elfogultsági vakfolttól"" szenvednek.",A bias called the bias blind spot.
máshogyan,differently,Te máshogy csinálsz valamit?,Are you doing something differently?
katalógus,catalog,Küldje el az új katalógust.,Send me the new catalog.
folyamatos,continuous,Az agynak folyamatos vérellátásra van szüksége.,The brain needs a continuous supply of blood.
aranyszínű; arany-,golden,Aranyszínű nyakláncot viselt.,She wore a golden necklace.
bélyeg; bélyegez,stamp,Bélyeg kell ehhez a levélhez.,I need a stamp for this letter.
irányelv,guideline,Követem az irányelveket.,I'm following the guidelines.
kijárat,exit,Jobbra van a kijárat.,The exit is on the right.
tanterv,curriculum,Az iskola megváltoztatta a tantervét.,The school changed its curriculum.
boríték,envelope,Tedd a levelet a borítékba!,Put the letter in the envelope.
kés,knife,Hol találtad ezt a kést?,Where did you find this knife?
termelékenység,productivity,Ugyanakkor jelentősen növelhettük a termelékenységet.,But it also greatly increased productivity.
műhold,satellite,A műholdas kommunikációs rendszerek túl drágák.,And satellite communication services are too expensive.
biológiai,biological,Ismerte Ön a biológiai szüleimet?,Did you know my biological parents?
fogyaszt,consume,A fogyasztási szokásainkat is formálják.,They are shaping the way we consume.
luxus,luxury,Egy luxushajó érkezett a kikötőbe.,A luxury liner arrived in the harbor.
indulás,departure,"Elhatározta, hogy elhalasztja az indulását.",He decided to put off his departure.
heti; hetilap,weekly,Hetente tartunk megbeszélést.,We hold a weekly meeting.
bárhol; bárhová,wherever,"Örömmel fogadták, bárhova is ment.",He was welcomed wherever he went.
harap,bite,"Sose harapj abba a kézbe, amelyik etet téged!",Never bite the hand that feeds you.
nyomtató,printer,Valami baj van a nyomtatóval.,There's something wrong with the printer.
először,firstly,"Először is, érzelmi lények vagyunk.","Firstly, because we are emotional beings."
aggódó,anxious,Aggódom a vizsga miatt.,I'm anxious about the exam.
kaland,adventure,A kaland elkezdődik.,The adventure begins.
kerítés,fence,Épp most végeztünk a kerítés lefestésével.,We've just finished painting the fence.
kimerít; kipufogó,exhaust,A hosszú megbeszélések kimerítenek.,Long meetings exhaust me.
felsőbbrendű; jobb,superior,Ez a termék jobb annál.,This product is superior to that one.
összeszerelés,assembly,A termelés az összeszerelő üzemek köré összpontosult.,Production was centralized in assembly plants.
vonzalom,attraction,A vonzalom kölcsönös volt.,The attraction was mutual.
óceán,ocean,Ebből a szobából látni az óceánt.,This room has an ocean view.
halkan,quietly,"Kérlek, halkan csukd be az ajtót!",Please close the door quietly.
vár,castle,A vár a folyó túloldalán van.,The castle is across the river.
tükörkép,reflection,Láttam a tükörképemet a tükörben.,I saw my reflection in the mirror.
ideg,nerve,Cserbenhagyták az idegei az utolsó pillanatban.,His nerve failed him at the last moment.
eltökéltség,determination,Az eltökéltséged csodálatra méltó.,Your determination is admirable.
hihetetlen,incredible,Ne hagyd ki ezt a hihetetlen lehetőséget.,Don't miss this incredible opportunity.
szupermarket,supermarket,Elment vásárolni a szupermarketbe.,She went shopping at a supermarket.
összesen,altogether,Hányan voltak ott összesen?,How many were there altogether?
támadás; megtámad,assault,A rendőrség kivizsgálta a támadást.,The police investigated the assault.
szépirodalom,fiction,Tom csak szépirodalmat olvas.,Tom reads nothing but fiction.
felfelé,upward,"Mindkét írásrendszerben vannak felfelé és lefelé irányuló vonások, de alapvonalaik teljesen eltérnek.","Yes, both use upward and downward strokes, but have completely different baselines."
kiemelkedő; ismert,prominent,Kiemelkedő tudós.,She is a prominent scientist.
vakáció,vacation,Júliusban nyaralni megyünk.,We are going on vacation in July.
élet; élettartam,lifetime,Sokat tanult az élete során.,She learned a lot in her lifetime.
végső; alapvető,ultimate,Mi a képzés alapvető célja?,What is the ultimate purpose of education?
szőnyeg,carpet,Nem akarom megvenni ezt a szőnyeget.,I don't want to buy this carpet.
csoport,cluster,Mindegyikük egy pontba csoportosul.,So they all cluster together.
ceruza,pencil,Van piros ceruzád?,Do you have a red pencil?
zavar,confusion,"Amikor elment az áram, mindenki zavarodottan szaladgált össze-vissza.",When the electricity went off everyone was rushing about in a state of confusion.
siet,hurry,Nem kell sietned.,You have no need to hurry.
logika,logic,Hol van ebben a logika?,Where is the logic in that?
vitatott,controversial,"Az egyik üzlet úgy határozott, hogy leveszi polcairól a vitatott CD-t.",One store decided to pull the controversial CD from its shelves.
küldött; átruház,delegate,Minden ország küldött egy képviselőt.,Each country sent a delegate.
nyers,raw,A vesebabot nem szabad nyersen enni.,Kidney beans shouldn't be eaten raw.
tizenhat,sixteen,Négy meg tizenhat az húsz.,Four plus sixteen equals twenty.
rakéta,missile,Előidézte a rakéta hiányt.,It provoked the missile gap.
közmű,utility,Közművek biztosítják az elektromosságot.,Utility companies supply electricity.
áldozat,sacrifice,Néha szükséges az áldozathozatal.,Sacrifice is sometimes necessary.
nyelvtan,grammar,Nem szeretek nyelvtant tanulni.,I don't like studying grammar.
felülvizsgál,revise,Felülvizsgáltam az elméletemet.,I revised my theory.
célzás,hint,Értjük a célzást.,We can take a hint.
kampó,hook,A kabátját egy kampóra felakasztotta.,He hung his coat on a hook.
harang,bell,Hallgattuk a harangszót.,We listened to the bell ring.
kihasznál; hőstett,exploit,Hőstetteiket számos költő megénekelte.,Their exploits were recounted by many epic poets.
szeminárium,seminar,A szeminárium kilenckor kezdődik.,The seminar starts at nine.
folyadék; folyékony,liquid,A víz folyadék.,Water is a liquid.
pánik,panic,Voltak pánikrohamai?,Have you been having panic attacks?
pap,priest,A pap áldását adta rám.,The priest gave me his blessing.
jelentősen,considerably,Ez a két intézkedés jelentősen csökkentette a légszennyezést.,Those two measures reduced the air pollution considerably.
nagybácsi,uncle,Meg akarja látogatni a nagybátyját.,He intends to visit his uncle.
rizs,rice,A rizst általában evőpálcikákkal eszem.,I usually eat rice with chopsticks.
nadrág,trousers,Vettem két nadrágot.,I bought two pairs of trousers.
emelkedő,slope,Megmásztunk egy meredek emelkedőt.,We climbed a steep slope.
boldogság,happiness,A pénz nem hoz boldogságot.,Money doesn't bring happiness.
valódi,genuine,Te még soha nem láttál valódi gyémántot.,You've never seen a genuine diamond.
élesen; meredeken,sharply,Az árak meredeken emelkedtek.,Prices rose sharply.
elterjedt,widespread,A szokás elterjedt a fiatalok körében.,The habit is widespread among young people.
edény,vessel,Az edények jobbnak tűntek.,The vessels looked better.
kibocsátás,emission,Az új motor csökkenti a kibocsátást.,The new engine reduces emissions.
ige,verb,Rendhagyó ige.,It's an irregular verb.
buta,silly,Gyakran tesz föl buta kérdéseket.,He often asks silly questions.
szervezési,organizational,A technológiára mint szervezeti alapelvre van szükségünk.,We need technology as a core organizational principle.
közlekedés,transportation,Egy jelentős áradás bénította meg a helyi közlekedési hálózatot.,A massive flood paralyzed the local transportation network.
kikötő; rejteget,harbor,A hajó a kikötő felé tart.,The boat is heading toward the harbor.
integrálás,integration,A kulturális integráció és függetlenség a küldetésünk.,Our mission is of cultural integration and independence.
vígjáték,comedy,Vegyük a klasszikus romantikus vígjátékot.,Let's consider the classic romantic comedy.
visszhang,echo,"Másodszor, a saját visszhangkamráinkat hozzuk létre.","Second, we create our own echo chambers."
üldöz,chase,A rendőrség üldözte a lopott autót.,The police chased the stolen car.
tároló,storage,Több tárolóhelyre van szükségünk.,We need more storage space.
alapító,founder,De mitől lesz valaki sikeres alapító?,But what makes a great founder?
világegyetem,universe,A világegyetem tele van titkokkal.,The universe is full of secrets.
borzasztó,horrible,A szag valami borzasztó volt.,The smell was horrible.
fogás; markol,grip,És a körmök tovább javítottak ezen a fogáson.,And nails improved that grip even further.
birka,sheep,Vágtál már le birkát?,Have you ever slaughtered a sheep?
szerető,lover,A szerelmesek kéz a kézben sétáltak.,The lovers were walking arm in arm.
bizonyítvány,certificate,"Ez továbbá az egyetlen főiskola, ahol nem adunk bizonyítványt.",And it's the only college where we don't give a certificate.
patkány,rat,Kezdek gyanút fogni.,I'm beginning to smell a rat.
portré,portrait,"Ez a portré majdnem akkora, mint az életben.",This portrait is nearly as large as life.
spirituális,spiritual,Ő ebben talált spirituális megnyugvást.,That's how he found spiritual comfort.
ártatlan,innocent,Ne játszd itt az ártatlant.,Don't act like you're so innocent.
vétel,bargain,Ez a ruha egy jó vétel.,This dress is a good bargain.
helyettesít,substitute,A helyettesítő tanárok mennyit keresnek?,How much money do substitute teachers make?
kiegészítés; kiegészít,supplement,"Jól teszed, ha kiegészíted az étrendedet vitaminokkal.",You had better supplement your diet with vitamins.
szégyen,shame,Hogy lehetsz ennyire szégyentelen?,Does your shame know no bounds?
kiigazítás; beállítás,adjustment,A széken egy kis beállítás szükséges.,The chair needs a small adjustment.
ésszerűen,reasonably,Ésszerűen hatékonyak vagyunk az ipari ágazatokban.,We're reasonably efficient in the industrial sectors.
szűrő,filter,A szűrők működtetése költséges.,Running that filter costs money.
rugalmas,flexible,Mennyire rugalmas a napirended?,How flexible is your schedule?
fészer; vedlik,shed,A szerszámok a fészerben vannak.,The tools are in the shed.
infrastruktúra,infrastructure,Országunk teljes infrastruktúráját szabályozzák.,They control our nation's entire infrastructure.
szolgáltató; szállító; hordozó,carrier,Melyik mobilszolgáltatót használod?,Which mobile carrier do you use?
absztrakt,abstract,A teória túl absztrakt nekem.,The theory is too abstract for me.
kétségbeesett,desperate,Nem akarok kétségbeesettnek tűnni.,I don't want to seem desperate.
sátor,tent,Van egy pók a sátorban.,There's a spider inside the tent.
tégla,brick,A kéményünk téglából van.,Our chimney is made of bricks.
pontos,precise,Pontos mérésekre van szükség.,Precise measurements are necessary.
távoli,distant,Távolságtartónak tűnsz.,You seem distant.
idegen,stranger,Egy idegen a karomnál fogva megragadott.,A stranger seized me by the arm.
domináns,dominant,"Vannak más örömök is, de ezek dominálnak.","There are other pleasures, but this is dominant."
gyógymód,cure,Mi a legjobb gyógymód magányosságra?,What's the best cure for loneliness?
árnyék,shade,Próbáljunk valami árnyékot találni!,Let's try and find some shade.
belépődíj,admission,A múzeumi belépő összege harminc dollár.,Admission to the museum is thirty dollars.
adag,dose,Minden reggel vegyél be egy adagot!,Take one dose each morning.
végrehajt; teljesít,execute,Teljesítenünk kell a parancsait.,We must execute his orders.
meghiúsít; frusztrál,frustrate,"El nem tudom mondani, mennyire frusztrált voltam.",I can't tell you how frustrated I was.
gabona,grain,A mezei egerek felzabálták a gazdák gabonáját.,The field mice were eating up the farmers' grain.
tudatos,conscious,Ez tudatos döntés volt.,That was a conscious decision.
összefoglal,summarize,Röviden összefoglalom.,I will summarize very briefly.
ugrás; ugrik,leap,"Nézz körbe, mielőtt ugrasz!",Look before you leap.
ima,prayer,Mondjunk el egy imát vacsora előtt.,Let's say a prayer before dinner.
hatvan,sixty,Ez a baba csak hatvan centbe kerül.,This doll costs only sixty cents.
reccsenés; elpattan,snap,Az ág egy reccsenéssel eltört.,The branch broke with a snap.
felír,prescribe,"Úgy döntöttem, felírok magamnak receptre egy föld körüli intenzív olvasó kurzust!","So, I decided to prescribe myself an intensive course of global reading."
valószínűség,probability,"Minden valószínűség szerint egyetlen nyelv sincsen, amelyben egyáltalán ne lennének kölcsönvett szavak.","In all probability, no language is completely free of borrowed words."
fiatalabb; junior,junior,Három évvel fiatalabb nálam.,He is three years my junior.
bőr,leather,A bőrből készült cipők sokkal drágábbak.,Leather shoes are much more expensive.
beleegyezés,consent,Hallgatásukat beleegyezésként értelmeztem.,I interpreted their silence as consent.
szókincs,vocabulary,Bővíteni akarom a szókincsemet.,I want to increase my vocabulary.
adminisztratív,administrative,"Úgy hívják, hogy Bürokratikus Adminisztrációs Gépezet.",It's called the bureaucratic administrative machine.
bizonytalanság,uncertainty,Sok bizonytalanság van a jövőt illetően.,There is a lot of uncertainty about the future.
esküszik,swear,"Esküszöm, nem fog többet megtörténni.","It won't happen again, I swear."
gyűlés; összegyűlik,rally,Gyűlést tartottak a téren.,They held a rally in the square.
lelkesedés,enthusiasm,Soha semmilyen nagyszerűt nem hoztak létre még lelkesedés nélkül.,Nothing great was ever achieved without enthusiasm.
menekült,refugee,A menekülttáborok higiéniai állapota borzalmas volt.,Sanitary conditions in the refugee camps were terrible.
büntetés,punishment,A büntetés túl szigorú volt.,The punishment was too severe.
part,shore,A parton hagytuk a csónakunkat.,We left our boat on the shore.
egyik napról a másikra; éjszakára,overnight,Az angolt nem lehet megtanulni egy éjszaka alatt.,English cannot be mastered overnight.
részeg,drunk,A mértékkel fogyasztott alkohol nem káros.,"Drunk in moderation, alcohol isn't harmful."
időköz; intervallum,interval,A buszok tízpercenként járnak.,The buses run at ten-minute intervals.
háziállat,pet,Van otthon háziállatod?,Do you have a pet at home?
csere; helyettes,replacement,Ehhez az alkatrészhez cserére van szükségünk.,We need a replacement for this part.
forgatókönyv,scenario,Megelőzhető a legrosszabb forgatókönyv.,We can prevent the worst-case scenario.
meggyőződés; elítélés,conviction,Meggyőződéssel beszélt.,She spoke with conviction.
havi,monthly,Csökkentenünk kell a havi költségeinket.,We need to lower our monthly expenses.
üzlet; kivezetés; aljzat,outlet,Ez az üzlet cipőket árul.,This outlet sells shoes.
építész,architect,Ezt a madárházat egy híres építész tervezte.,This birdhouse was designed by a famous architect.
vita; ellentmondás,controversy,A terv vitát váltott ki.,The plan caused controversy.
szolgáltató,provider,Hívott az internetszolgáltatód.,Your internet provider called.
kever,stir,"Kevergesd a levest, amíg fel nem forr.",Stir the soup until it boils.
kidob; lerakó,dump,Ne rakj le itt hulladékot!,Do not dump waste here.
kényszerít,compel,A törvény cselekvésre kényszerít minket.,The law compels us to act.
borzalom,horror,Borzalommal nézte a filmet.,She watched the film in horror.
harc; küzd,combat,Harcra fel!,Prepare for combat.
enyhít; felment,relieve,Egy meleg fürdő enyhítheti a stresszt.,A warm bath can relieve stress.
izgalom,excitement,Hiányzik az izgalom.,I miss the excitement.
visszajelzés,feedback,Nem kaptam semmilyen visszajelzést.,I didn't get any feedback.
sóhaj,sigh,Sóhajtottam.,I sighed.
terhesség,pregnancy,Jól halad a terhessége.,Her pregnancy is going well.
tesz; megjelenít,render,A hír szótlanul hagyta.,The news rendered him speechless.
mennyezet,ceiling,A lámpa a mennyezetről lógott le.,The lamp hung from the ceiling.
kísérleti,experimental,Egy kísérleti pedagógiai program volt.,It was an experimental education program.
intézményi,institutional,Nem akarnak intézményesített vezetőséget.,They do not want institutional leadership.
szelet,slice,Kérek még egy szelet pizzát.,I want another slice of pizza.
nyilvánosság; hírverés,publicity,Az esemény nagy nyilvánosságot kapott.,The event received a lot of publicity.
rendes,decent,Vegyél fel valamilyen rendes ruhát!,Put on some decent clothes.
vándorol,wander,"Vándor vagy, akárcsak én.",You're a wanderer just like me.
rejtvény,puzzle,Ez a rejtvény megoldása.,That's the solution to the puzzle.
birodalom,empire,Az Egyesült Államok egykor a Brit Birodalom része volt.,The United States was once part of the British Empire.
később; ezt követően,subsequently,Később meggondolta magát.,He subsequently changed his mind.
sír,grave,Fél lábbal már a sírban van.,He has one foot in the grave.
elnéz,overlook,"Ez alkalommal most elnézem, de ne forduljon elő még egyszer.","I'll overlook it this time, but don't let it happen again."
maszk,mask,Vedd le a maszkodat.,Take off your mask.
csúcs; csúcstalálkozó,summit,Délben érték el a csúcsot.,They reached the summit at noon.
váratlan,unexpected,Folyton történnek váratlan dolgok.,Unexpected stuff happens all the time.
áramkör; kör,circuit,Az áramkör megszakadt.,The circuit is broken.
gyengéd; enyhe,gentle,Gyengéd a gyermekekkel.,She's gentle with children.
gőz,steam,Ezt a gépet gőz hajtja.,This engine is driven by steam.
folyamatban lévő,ongoing,A vizsgálat folyamatban van.,The investigation is ongoing.
jelenlét; részvétel,attendance,A részvétel ingyenes.,Attendance is free.
intelligens,intelligent,Intelligens volt és gyönyörű is.,She was intelligent as well as beautiful.
osztályoz,classify,A bálna az emlősök osztályába tartozik.,Whales are classified as mammals.
tulajdonjog,ownership,Megszüntetik a rezervátumi földek közösségi tulajdonlását.,Communal ownership of reservation lands ends.
helyesen,correctly,Helyesen lett megcímezve a levél.,The letter was correctly addressed.
képesítés; végzettség,qualification,Ehhez a munkához hivatalos képesítés kell.,This job requires a formal qualification.
kikapcsol; letilt,disable,Ez a gomb kikapcsolja a riasztót.,This button disables the alarm.
ellenőrzés; vizsgálat,inspection,Az ellenőrzés egy óráig tartott.,The inspection took an hour.
barátnő,girlfriend,Csak magunk között: ő a barátnőm.,"Just between us, she's my girlfriend."
akcentus,accent,Nem igazán tudom hová tenni az akcentusát.,I can't quite place his accent.
közgazdász,economist,Egy közgazdász ezt soha nem tenné.,An economist would never do that.
szétszór,scatter,A testvéreim mindenfelé szétszóródtak.,My brothers and sisters were scattered.
szerény,modest,Szerény ember.,He is a modest man.
megragad,seize,Megragadta a kezemet.,He seized my hand.
felfüggeszt; fellógat,suspend,A vállalat felfüggesztette a projektet.,The company suspended the project.
működőképes; funkcionális,functional,A régi nyomtató még működőképes.,The old printer is still functional.
önkéntes,voluntary,És ezeknek a mozgásoknak nem mindegyike volt önkéntes.,And not all these moves were voluntary.
átalakulás; átalakítás,transformation,A város jelentős átalakuláson ment keresztül.,The city underwent a major transformation.
menny,heaven,A házasságok a mennyben köttetnek.,Marriages are made in heaven.
sápadt,pale,"Aggasztott, hogy sápadt.",It worried me that she looked pale.
sebezhető,vulnerable,Még mindig sebezhető vagy.,You're still vulnerable.
okos,clever,"Okosnak okos vagy, de nem eléggé.","You're clever, but not clever enough."
állatkert,zoo,Megszökött a tigris az állatkertből.,The tiger escaped from the zoo.
folt,stain,Milyen folt ez?,What kind of stain is that?
botrány,scandal,A botrány minden újságban benne volt.,The scandal was in every newspaper.
terrorizmus,terrorism,Mennyit tudsz a terrorizmusról?,How much do you know about terrorism?
atléta,athlete,Nem vagyok atléta.,I am not an athlete.
szerves; organikus,organic,"Egyik szintetikus, a másik szerves.","One is synthetic, the other organic."
nyelv,tongue,Kinyújtotta a nyelvét.,She was sticking her tongue out.
akkumulátor,battery,Az akkumulátor töltésre szorul.,The battery needs to be charged.
kapitány,captain,A kapitány kezében tartja az egész hajót.,The captain controls the whole ship.
szerv; orgona,organ,Tom játszik orgonán a templomunkban.,Tom plays organ at our church.
vécé,toilet,"Kérem, használhatom az ön vécéjét?","Can I use your toilet, please?"
megbocsát,forgive,Próbálj meg nagylelkű lenni és megbocsátani!,Try to be generous and forgive.
köztársasági; republikánus,republican,A köztársasági rendszert támogatják.,They support a republican system.
fizikailag,physically,A munka fizikailag megterhelő.,The work is physically demanding.
szerződés,treaty,"A másik dolog, hogy talán szükségünk van egy szerződésre.","Another thing is, maybe we need a treaty."
híresztelés,rumor,"Azt hiszem, a híresztelés valós.",I think that rumor is true.
sors,fate,El kellett fogadnia a sorsát.,She had to accept her fate.
sáv,lane,Maradj a sávodban.,Stay in your lane.
szerver,server,A szerver nem fut.,The server is down.
szerkezeti,structural,Szerkezeti kár nem volt.,There was no structural damage.
folytat,resume,Folytassuk a munkát ebéd után!,Let's resume the work after lunch.
vész,distress,A hajóskapitány vészjelek küldésére utasította a rádiókezelőt.,The ship's captain ordered the radio operator to send a distress signal.
sokszínű; változatos,diverse,Sokszínű a csapatunk.,Our team is diverse.
weboldal,website,Részletes tájékoztatásért látogasson el a weboldalunkra.,"For more details, visit our website."
szövetség,alliance,Fontos szövetség van e két ország között.,There is an important alliance between these two countries.
útmutatás,guidance,Tom útmutatásért imádkozott.,Tom prayed for guidance.
bolond,fool,Bolondot csinálok magamból.,I'm making a fool of myself.
becsvágy,ambition,Becsvágya miatt keményen dolgozott.,His ambition made him work hard.
mellett,alongside,Mellettem ült.,She sat alongside me.
menekül,flee,Az ehhez hasonló határokon át menekülnek.,They flee across borders like this one.
összefog,unite,Az egész csapat összefogott az edző mögött.,The whole team united behind the coach.
egyetemi terület; kampusz,campus,Az egyetem területén tilos az alkohol.,No alcohol is allowed on campus.
öböl,bay,A cápák közelebb merészkedtek az öbölhöz.,Sharks came closer to the bay.
nyom,clue,Az volt az első nyom.,That was the first clue.
nyilvánvaló,evident,Ez nyilvánvaló.,That's evident.
alkotmányos,constitutional,A törvény alkotmányos.,The law is constitutional.
finoman; gyengéden,gently,Finoman csukd be az ajtót!,Close the door gently.
abbahagy,quit,"Nagyon szeretném, ha abbahagynád.",I really want you to quit.
erény,virtue,Az őszinteség nagy erény.,Honesty is a great virtue.
