tud/képes | te; ön | húzni; leszedni | félre,can | you | pull | over,Félre tudnál állni?,Can you pull over?
kedves | Scotty | annyira; így | én vagyok | ki; végig | korán; korai | neki; számára | jó; jól | viselkedés | és | itt; tessék | én | lenni | ellopni | ez,dear | scotty | so | i'm | out | early | for | good | behavior | and | here | i | be | steal | this,"Kedves Scotty! Jó magaviseletért hamarabb szabadultam, és most itt vagyok, épp ezt lopom el.","Dear Scotty: So, I'm out early for good behavior, and here I am, stealing this."
te; ön | mindig | gyűlölni | emlékhely; emlékmű | és | most | én | gyűlölni | őket; nekik | is; túl,you | always | hate | memorial | and | now | i | hate | them | too,"Mindig is gyűlölted a megemlékezéseket, és most már én is gyűlölöm őket.","You always hated memorials, and now I hate them, too."
én | remélni; remény | ez van; ez az | nem | rossz | karma | mert | én vagyok | elindulni; tartani valahová | vissza | -hoz; -hez; felé | a; az | hely | ez; az | minden | menni | téves; rossz,i | hope | it's | not | bad | karma | because | i'm | head | back | to | the | place | it | all | go | wrong,"Remélem, ez nem hoz rám balszerencsét, mert visszatérek oda, ahol minden félresiklott.","I hope it's not bad karma, because I'm headed back to the place it all went wrong."
látni | ha | én | tud/képes | megkapni; megérteni | valami | rendben; helyes,see | if | i | can | get | something | right,"Lássuk, sikerül-e végre valamit jól csinálnom.",See if I can get something right.
egy | hónap,a | month,Havi 550 dollár.,550 a month.
első | és | utolsó | ma,first | and | last | today,Ma kell az első és az utolsó havi lakbér.,First and last today.
nem | bérleti szerződés,no | lease,Nincs bérleti szerződés.,No lease.
mi van; mi a | a te; az ön | név,what's | your | name,Hogy hívnak?,What's your name?
Kenna | Rowan,kenna | rowan,Kenna Rowan.,Kenna Rowan.
becsukni; befogni | ez; az | Doug,shut | it | doug,"Fogd be, Doug!","Shut it, Doug!"
ribanc,bitch,Ribanc!,Bitch!
víz | és | csatorna; csatornadíj | lenni | fedezni; tartalmazni,water | and | sewer | be | cover,A víz- és csatornadíj benne van.,Water and sewer are covered.
van | egy | kaució; letét | neki; számára | villany; elektromos,there's | a | deposit | for | electric,Az áramhoz 250 dollár kaució kell.,There's a $250 deposit for electric.
kettő | száz | és | ötven | rajta; -on; -en; -ön | teteje; ezen felül | -nak; -nek; valaminek a | kettő | hónap | bérelni; bérleti díj,two | hundred | and | fifty | on | top | of | two | month | rent,K-kétszázötven a kéthavi lakbéren felül?,T-Two hundred and fifty on top of two months' rent?
és | vinni; elvenni | egy | kiscica,and | take | a | kitten,És vigyél el egy kiscicát.,And take a kitten.
egy | kiscica,a | kitten,Egy kiscica?,A kitten?
igen | egy | kiscica,yeah | a | kitten,"Igen, egy kiscicát.","Yeah, a kitten."
ez van; ez az | mint; kedvelni | egy | macska | de | kicsi,it's | like | a | cat | but | small,"Olyan, mint egy macska, csak kisebb.",It's like a cat but smaller.
nos; jól | én | ne; nem | akarni | egy | kiscica,well | i | don't | want | a | kitten,"Hát, én nem akarok kiscicát.","Well, I don't want a kitten."
ki | nem tenne; nem volna | akarni | egy | kiscica,who | wouldn't | want | a | kitten,Ki ne akarna egy kiscicát?,Who wouldn't want a kitten?
engem; nekem,me,Én.,Me.
fogok | csinálni; készíteni; elkövetni | te; ön | egy | elintézni; foglalkozni vele,i'll | make | you | a | deal,Alkut ajánlok.,I'll make you a deal.
te; ön | vinni; elvenni | egy | kiscica | és | fogok | elhagyni; békén hagyni | a; az | villany; elektromos | rajta; -on; -en; -ön | neki; számára | három | hét,you | take | a | kitten | and | i'll | leave | the | electric | on | for | three | week,"Elviszel egy kiscicát, én pedig még három hétig nem kapcsolom ki az áramot.","You take a kitten, and I'll leave the electric on for three weeks."
adni | te; ön | egy | esély | -hoz; -hez; felé | megkapni; megérteni | a te; az ön | szar | együtt; össze,give | you | a | chance | to | get | your | shit | together,Hogy legyen időd összeszedni magad.,Give you a chance to get your shit together.
rendben; jól,fine,Rendben.,Fine.
itt; tessék,here,Tessék.,Here.
emlékezni | hogyan | mi | használni | -hoz; -hez; felé | csoda; tűnődni | mi | ez | hely | lenni | mint; kedvelni,remember | how | we | use | to | wonder | what | this | place | be | like,"Emlékszel, mennyit találgattuk, milyen lehet ez a hely?",Remember how we used to wonder what this place was like?
nos; jól | Paradise | lenni | nem | paradise,well | paradise | be | no | paradise,"Hát, Paradise egyáltalán nem paradicsom.","Well, Paradise is no paradise."
és | az én | új | lakótárs | lenni | egy | kicsi | macska,and | my | new | roommate | be | a | small | cat,Az új lakótársam pedig egy kismacska.,And my new roommate is a small cat.
mi | lenni | én | fog; készül valamire | csinálni | -val; -vel | te; ön,what | be | i | gonna | do | with | you,Mit kezdjek veled?,What am I gonna do with you?
most | én | csak; éppen | kell; szüksége van | egy | munka | annyira; így | én | tud/képes | maradni | itt; tessék | csinálni; készíteni; elkövetni | ez | hely | egy | haza; otthon,now | i | just | need | a | job | so | i | can | stay | here | make | this | place | a | home,"Most már csak egy állás kell, hogy itt maradhassak, és otthont teremthessek ebből a helyből.","Now I just need a job so I can stay here, make this place a home."
talán | akkor; aztán | ők majd | engedni | engem; nekem | látni | őt; neki; az ő,maybe | then | they'll | let | me | see | her,"Talán akkor megengedik, hogy lássam őt.",Maybe then they'll let me see her.
igen | nos; jól | én vagyok | éhes | is; túl,yeah | well | i'm | hungry | too,"Igen, hát én is éhes vagyok.","Yeah, well, I'm hungry, too."
csinálni | te; ön | használni | -hoz; -hez; felé | kifesteni; festeni | a te; az ön | köröm | mikor; amikor | te; ön | lenni | be; bent; -ban; -ben | a; az | MFL,do | you | use | to | paint | your | nail | when | you | be | in | the | mfl,"Régebben is festetted a körmöd, amikor az MFL-ben játszottál?",Did you used to paint your nails when you were in the MFL?
a; az | NFL,the | nfl,Az NFL-ben.,The NFL.
ó | NFL,oh | nfl,"Ó, NFL.","Oh, NFL."
te; ön | kell; szüksége van | -hoz; -hez; felé | lenni | csinos; szép | neki; számára | menni | -hoz; -hez; felé | dolgozni; munka,you | need | to | be | pretty | for | go | to | work,"Csinosnak kell lenned, amikor munkába mész.",You need to be pretty for going to work.
ez van; ez az | nagyon | nagyon | fontos | rendben; helyes,it's | very | very | important | right,"Ez nagyon-nagyon fontos, ugye?","It's very, very important, right?"
nem | mint; ahogy | fontos | mint; ahogy | lenni | fajta; kedves | és | okos,not | as | important | as | be | kind | and | smart,"Nem olyan fontos, mint kedvesnek és okosnak lenni.",Not as important as being kind and smart.
hm,mm,Hm.,Mm.
ha | te; ön | mondani | annyira; így,if | you | say | so,Ha te mondod.,If you say so.
Diem,diem,Diem.,Diem.
jönni | rajta; -on; -en; -ön | drágám | ez van; ez az | idő | -hoz; -hez; felé | jönni | haza; otthon,come | on | sweetie | it's | time | to | come | home,"Gyere, kicsim, ideje hazamenni.","Come on, sweetie, it's time to come home."
te; ön | megkapni; megérteni | -hoz; -hez; felé | engedni | Ledger | megkapni; megérteni | -hoz; -hez; felé | dolgozni; munka,you | get | to | let | ledger | get | to | work,Hagynod kell Ledgert dolgozni.,You got to let Ledger get to work.
befejezni,finish,Kész.,Finished.
köszönöm | D,thanks | d,"Kösz, D.","Thanks, D."
ez | lenni | tökéletes,this | be | perfect,Ez tökéletes.,This is perfect.
minden | rendben; helyes | gyerünk; csináljuk | megkapni; megérteni | te; ön | haza; otthon,all | right | let's | get | you | home,"Jól van, vigyünk haza.","All right, let's get you home."
sárkány | fogni; tartani | kéz | mikor; amikor | ők | átkelni | a; az | utca,dragon | hold | hand | when | they | cross | the | street,"A sárkányok fogják egymás kezét, amikor átkelnek az úton.",Dragons hold hands when they cross the street.
sárkány | ne; nem | van neki; birtokolni; kell | kéz | butus,dragon | don't | have | hand | silly,"A sárkányoknak nincs kezük, butus.","Dragons don't have hands, silly."
ők | van neki; birtokolni; kell | szárny,they | have | wing,Szárnyuk van.,They have wings.
jönni | itt; tessék,come | here,Gyere ide.,Come here.
ó,oh,Ó!,Oh!
ó,oh,Ó.,Oh.
minden | rendben; helyes,all | right,Rendben.,All right.
köszönöm,thanks,Köszönöm.,Thanks.
köszönöm | neki; számára | a; az | látogatás | D,thanks | for | the | visit | d,"Köszönöm a látogatást, D.","Thanks for the visit, D."
szeretni; szerelem | te; ön,love | you,Szeretlek.,Love you.
szia; viszlát,bye,Szia.,Bye.
szeretni; szerelem | te; ön | is; túl,love | you | too,Én is szeretlek.,"Love you, too."
adni | őt; neki | egy | manikűr,give | him | a | manicure,Manikűrt csináltál neki?,Gave him a manicure?
hm,hmm,Hmm.,Hmm.
mi | a; az,what | the,Mi a...,What the...
hé; szia,hey,Szia.,Hey.
hé; szia,hey,Szia.,Hey.
ó,oh,Ó.,Oh.
mi van; mi a | megkapni; megérteni | a te; az ön | férfibugyi | be; bent; -ban; -ben | egy | csomó,what's | get | your | manties | in | a | bunch,Mitől van csomóban a férfibugyid?,What's got your manties in a bunch?
délután,afternoon,Jó napot.,Afternoon.
mi van; mi a | fel; fent; várj,what's | up,Mi újság?,What's up?
szia,hola,Szia.,Hola.
hé; szia,hey,Szia.,Hey.
megkapni; megérteni | a te; az ön | kedvenc,get | your | favorite,Meghoztam a kedvencedet.,Got your favorite.
engedni | engem; nekem | kitalálni; gondolni,let | me | guess,Hadd találjam ki.,Let me guess.
lenni | ez; az | egy | bögre,be | it | a | mug,Egy bögre?,Is it a mug?
több | Broncos | rajongói cucc,more | broncos | swag,Még több Broncos-ajándéktárgy?,More Broncos swag?
komolyan,seriously,Komolyan?,Seriously?
kell; biztosan | lenni | szerda,must | be | wednesday,Biztos szerda van.,Must be Wednesday.
ez; az | talán; esetleg | lenni | érdemes; ér valamit | ital; inni | újra,it | might | be | worth | drink | again,"Lehet, hogy ezért megérné újra inni.",It might be worth drinking again.
csak; éppen | -hoz; -hez; felé | véget vetni; vég | ez | kínzás,just | to | end | this | torture,Csak hogy vége legyen ennek a kínzásnak.,Just to end this torture.
ó | igen,oh | yeah,"Ó, igen?","Oh, yeah?"
igen,yeah,Igen.,Yeah.
melyik | bögre | volna; tenne | te; ön | használni,which | mug | would | you | use,Melyik bögrét használnád?,Which mug would you use?
nemi úton terjedő betegség | tudatosság; figyelemfelhívás | bögre,std | awareness | mug,Nemi betegségekre figyelmeztető bögre.,STD awareness mug.
igen,yeah,Igen.,Yeah.
ez van; ez az | egy | kedvenc,it's | a | favorite,Ez az egyik kedvenc.,It's a favorite.
jó; kedves | választás,nice | choice,Jó választás.,Nice choice.
egy ideje; miközben | te vagy; ön van | tönkretenni; megsemmisíteni | a te; az ön | máj | te; ön | talán; esetleg | mint; ahogy | nos; jól | tartani; figyelni | egy | szem | rajta; -on; -en; -ön | a te; az ön | chlamydia,while | you're | obliterate | your | liver | you | might | as | well | keep | one | eye | on | your | chlamydia,"Miközben tönkreteszed a májadat, legalább a klamídiára is fél szemmel ügyelhetnél.","While you're obliterating your liver, you might as well keep one eye on your chlamydia."
fontossági sorrend; elsőbbség,priority,Fontossági sorrend.,Priorities.
vicces,funny,Vicces.,Funny.
én | gondolni | ez; az | lenni | vicces,i | think | it | be | funny,"Azt hittem, vicces.",I thought it was funny.
annyira; így | mi | lenni | ez; az,so | what | be | it,Szóval mi az?,"So, what is it?"
Scotty | emlékhely; emlékmű | menni,scotty | memorial | go,Eltűnt Scotty emlékhelye.,Scotty's memorial's gone.
valaki | vinni; elvenni | ez; az,someone | take | it,Valaki elvitte?,Someone took it?
igen,yep,Aha.,Yep.
ki | volna; tenne | csinálni | valami | mint; kedvelni | az; hogy,who | would | do | something | like | that,Ki tenne ilyesmit?,Who would do something like that?
csinálni | te; ön | történni | -hoz; -hez; felé | lenni | felvenni; alkalmazni,do | you | happen | to | be | hire,Nem keresnek véletlenül új embert?,Do you happen to be hiring?
nem,no,Nem.,No.
hé; szia | öö | lenni | te; ön | felvenni; alkalmazni,hey | uh | be | you | hire,"Szia, öö, felvesznek valakit?","Hey, uh, are you hiring?"
nem,no,Nem.,No.
én vagyok | sajnálom,i'm | sorry,Sajnálom.,I'm sorry.
rendben,okay,Rendben.,Okay.
megköszönni | te; ön,thank | you,Köszönöm.,Thank you.
hé; szia,hey,Szia.,Hey.
jönni | rajta; -on; -en; -ön | be; bent; -ban; -ben,come | on | in,Gyere be.,Come on in.
nem | köszönöm,no | thanks,"Nem, köszönöm.","No, thanks."
én | csak; éppen | akarni | -hoz; -hez; felé | látni | ha | te; ön | kell; szüksége van | segíteni; segítség,i | just | want | to | see | if | you | need | help,"Csak azt szerettem volna megkérdezni, nincs-e szükséged segítségre.",I just wanted to see if you needed help.
kétségbeesetten,desperately,Nagyon is.,Desperately.
itt; tessék | ülni,here | sit,"Gyere, ülj le.","Here, sit."
fogok | megkapni; megérteni | egy | jelentkezési lap; pályázat,i'll | get | an | application,Hozok egy jelentkezési lapot.,I'll get an application.
tud/képes | én | van neki; birtokolni; kell | néhány; valamennyi | több | sült krumpli,can | i | have | some | more | fry,Kaphatok még sült krumplit?,Can I have some more fries?
itt; tessék | mi | menni,here | we | go,"Na, tessék.",Here we go.
megköszönni | te; ön,thank | you,Köszönöm.,Thank you.
mi | tud/képes | integetni | viszlát,we | can | wave | goodbye,Búcsút inthetünk.,We can wave goodbye
drágám | te; ön | tud/képes | számítani; számolni | rajta; -on; -en; -ön | engem; nekem,honey | you | can | count | on | me,"Drágám, számíthatsz rám.","Honey, you can count on me"
tud/képes | én | van neki; birtokolni; kell | néhány; valamennyi | több,can | i | have | some | more,Kaphatok még?,Can I have some more?
használni | a te; az ön | villa,use | your | fork,Használd a villádat.,Use your fork.
soha | engedni | te; ön | le; lent | fogok | lenni,never | let | you | down | i'll | be,"Sosem hagylak cserben, én leszek","Never let you down, I'll be"
-val; -vel | te; ön | be; bent; -ban; -ben | a; az | utas | ülés,with | you | in | the | passenger | seat,Veled az anyósülésen.,With you in the passenger seat
jönni | együtt; vele | neki; számára | a; az | fuvar; utazás,come | along | for | the | ride,Tarts velem ezen az úton,Come along for the ride
bárhová; bárhol | te; ön | akarni,anywhere | you | want,"Bárhová, ahová csak szeretnéd...",Anywhere you want...
ó | mi | nem tud | felvenni; alkalmazni | ember; emberek | -val; -vel | egy | priusz; nyilvántartás | drágám,oh | we | can't | hire | folk | with | a | record | hon,"Sajnos büntetett előéletűeket nem alkalmazhatunk, drágám.","Oh, we can't hire folks with a record, hon."
ez van; ez az | szabályzat,it's | policy,Ez a szabály.,It's policy.
rendben,okay,Rendben.,Okay.
lenni | megégetni; ráfizetni | is; túl | sok | idő,be | burn | too | many | time,Túl sokszor ráfáztunk már.,Been burned too many times.
miért | ne; nem | te; ön | próbálni | a; az | dollár | odú,why | don't | you | try | the | dollar | den,Miért nem próbálkozol a Dollar Dennél?,Why don't you try the Dollar Den.
ők; ők vannak | mindig | nézni,they're | always | look,Mindig keresnek embert.,They're always looking.
helló,hello,Helló.,Hello.
csak; éppen | az; hogy,just | that,Csak ennyi.,Just that.
jönni | vissza | hamarosan,come | back | soon,Gyere vissza hamar.,Come back soon.
ha | te; ön | ragaszkodni,if | you | insist,Ha ragaszkodsz hozzá.,If you insist.
nekem van; én már | lenni | keresni | neki; számára | egy | nyom; ösvény,i've | be | search | for | a | trail,Már régóta keresek egy ösvényt...,I've been searching for a trail...
te; ön | tudni; ismerni | te; ön | tud/képes | vásárolni | több | mint | egy | dolog | -nál; -nél | egy | idő,you | know | you | can | buy | more | than | one | thing | at | a | time,"Tudod, egyszerre több dolgot is vehetsz.","You know, you can buy more than one thing at a time."
hm,mm,Hm.,Mm.
aha,mm-hmm,Aha.,Mm-hmm.
én vagyok | csak; éppen | dolgozni; munka | fel; fent; várj | a; az | bátorság | -hoz; -hez; felé | kérdezni; kérni | te; ön | ki; végig | Kenna,i'm | just | work | up | the | courage | to | ask | you | out | kenna,"Csak próbálom összeszedni a bátorságomat, hogy randira hívjalak, Kenna.","I'm just working up the courage to ask you out, Kenna."
nos; jól | öö | Scotty,well | um | scotty,"Hát, ööö, Scotty...","Well, um, Scotty..."
aha,mm-hmm,Aha.,Mm-hmm.
ez van; ez az | öö | sajnos | ellen | üzlet | szabályzat | neki; számára | alkalmazott | -hoz; -hez; felé | randizni; randi | vásárló,it's | um | unfortunately | against | store | policy | for | employee | to | date | customer,"Sajnos az üzlet szabályzata tiltja, hogy az alkalmazottak a vásárlókkal randizzanak.","...it's, um, unfortunately against store policy for employees to date customers."
tényleg; igazán,really,Tényleg?,Really?
aha,mm-hmm,Aha.,Mm-hmm.
tud/képes | én | látni | az; hogy,can | i | see | that,Megnézhetem?,Can I see that?
elnézést; mentség | engem; nekem,excuse | me,Elnézést.,Excuse me.
öö | szeretnék; én ...nék | csak; éppen | mint; kedvelni | -hoz; -hez; felé | visszavinni; visszaadni | ezek | tányér,um | i'd | just | like | to | return | these | plate,"Öö, csak szeretném visszahozni ezeket a tányérokat.","Um, I'd just like to return these plates."
ó | persze; biztos,oh | sure,Persze.,"Oh, sure."
és | öö,and | uh,"És, ööö...","And, uh..."
én vagyok | soha | üzlet; bolt | itt; tessék | újra,i'm | never | shop | here | again,Soha többé nem vásárolok itt.,I'm never shopping here again.
itt; tessék | te; ön | menni,here | you | go,Tessék.,Here you go.
megköszönni | te; ön,thank | you,Köszönöm.,Thank you.
annyira; így,so,Szóval...,So...
tud/képes | én | vinni; elvenni | te; ön | -hoz; -hez; felé | vacsora,can | i | take | you | to | dinner,...elvihetlek vacsorázni?,...can I take you to dinner?
be; bent; -ban; -ben | az; hogy | dolog,in | that | thing,Abban?,In that thing?
te; ön | ne; nem | mint; kedvelni | ez; az,you | don't | like | it,Nem tetszik?,You don't like it?
ez van; ez az | csak; éppen | -ról; -ről; körülbelül | a; az | csúnya | szín | narancssárga | nekem van; én már | valaha | látni,it's | just | about | the | ugly | color | orange | i've | ever | see,"Ez nagyjából a legrondább narancssárga, amit valaha láttam.",It's just about the ugliest color orange I've ever seen.
én | tudni; ismerni,i | know,Tudom.,I know.
ez van; ez az | nem | enyém,it's | not | mine,Nem az enyém.,It's not mine.
ez van; ez az | az én | jó; jól | barát,it's | my | good | friend,A legjobb barátomé.,It's my best friend's.
én | megkapni; megérteni | le; távol | -nál; -nél,i | get | off | at,Hétkor végzek.,I get off at 7:00.
minden | itt; tessék | emlékeztetni | engem; nekem | -nak; -nek; valaminek a | te; ön | de | én | van neki; birtokolni; kell | -hoz; -hez; felé | tartani; figyelni | menni,everything | here | remind | me | of | you | but | i | have | to | keep | go,"Itt minden rád emlékeztet, de tovább kell mennem.","Everything here reminds me of you, but I have to keep going."
talán | a; az | könyvesbolt | mi | szeretni; szerelem | fog | segíteni; segítség,maybe | the | bookstore | we | love | will | help,"Talán segít a könyvesbolt, amit szerettünk.",Maybe the bookstore we loved will help.
én | hiányolni; lemaradni | az ő; az övék | puccos | kávé,i | miss | their | bougie | coffee,Hiányzik a puccos kávéjuk.,I miss their bougie coffee.
és | én | hiányolni; lemaradni | te; ön,and | i | miss | you,És te is hiányzol.,And I miss you.
szeretni; szerelem | Kenna,love | kenna,Szeretettel: Kenna.,"Love, Kenna."
ballada | az; hogy | te ...nál; neked volna | játszani,ballad | that | you'd | play,"Egy ballada, amit te játszanál.",Ballad that you'd play
egy ideje; miközben | te; ön | megesküdni | -hoz; -hez; felé | Isten | a; az | énekes | olvasni | a te; az ön | bánni; elme,while | you | swear | to | god | the | singer | read | your | mind,"Miközben Istenre esküdtél, hogy az énekes olvasott a gondolataidban.",While you swore to God the singer read your mind
de | a; az | világ | lenni | megijeszteni; félni | -nak; -nek; valaminek a | habozni | dolog,but | the | world | be | scare | of | hesitate | thing,De a világ fél a tétovázó dolgoktól.,But the world is scared of hesitating things
igen | ők | csak | lelőni | a; az | madár,yeah | they | only | shoot | the | bird,"Igen, csak azokra a madarakra lőnek,","Yeah, they only shoot the birds"
ki | nem tud | énekelni,who | cannot | sing,amelyek nem tudnak énekelni...,Who cannot sing...
ki | a; az | pokol | fordulni; sor | ez | könyvesbolt | -ba; -be | egy | bár; kocsma,who | the | hell | turn | this | bookstore | into | a | bar,Ki a fene csinált ebből a könyvesboltból bárt?,Who the hell turned this bookstore into a bar?
én | csinálni,i | do,Én.,I did.
mi | tud/képes | én | megkapni; megérteni | te; ön,what | can | i | get | you,Mit adhatok?,What can I get you?
egy | kávé,a | coffee,Egy kávét.,A coffee.
kávé,coffee,Kávét?,Coffee?
persze; biztos,sure,Persze.,Sure.
öö | tejszín | és | cukor | rendben,uh | cream | and | sugar | okay,"Öö, tejszínnel és cukorral jó lesz?","Uh, cream and sugar okay?"
tudna; lehetne | te; ön | csinálni | öö | karamell | és | extra; plusz | hab | kérem; kérlek,could | you | do | um | caramel | and | extra | foam | please,Kérhetném karamellel és extra habbal?,"Could you do, um, caramel and extra foam, please?"
te; ön | fogadni; persze,you | bet,Hát persze.,You bet.
szója | zsírszegény | mandula | vagy | teljes; egész | tej,soy | skim | almond | or | whole | milk,"Szója-, zsírszegény, mandula- vagy teljes tej?","Soy, skim, almond or whole milk?"
teljes; egész | rendben; jól,whole | fine,A teljes tej jó lesz.,Whole's fine.
én | lenni | gyerek,i | be | kid,Csak vicceltem.,I was kidding.
öö | ez | lenni | egy | bár; kocsma,uh | this | be | a | bar,"Öö, ez egy bár.","Uh, this is a bar."
én | csinálni | van neki; birtokolni; kell | egy | négyórás | kanna; fazék | -nak; -nek; valaminek a | kávé | és | a te; az ön | választás | -nak; -nek; valaminek a | tejszín | cukor | mindkettő | vagy | semmi; egyik sem,i | do | have | a | four-hour-old | pot | of | coffee | and | your | choice | of | cream | sugar | both | or | none,"Van egy négyórás kávém, hozzá pedig választhatsz tejszínt, cukrot, mindkettőt vagy egyiket sem.","I do have a four-hour-old pot of coffee and your choice of cream, sugar, both or none."
fogok | csak; éppen | vinni; elvenni | bármi,i'll | just | take | whatever,Bármit elfogadok.,I'll just take whatever.
rendben,okay,Rendben.,Okay.
öö,uh,Ööö...,Uh...
bármi | jönni | rendben; helyes | fel; fent; várj,whatever | come | right | up,"Mindegy, máris hozom.","Whatever, coming right up."
én | remélni; remény | te; ön | összeházasodni | gazdag,i | hope | you | marry | rich,"Remélem, gazdag emberhez mész feleségül.",I hope you marry rich
én | remélni; remény | te vagy; ön van | megijeszteni; félni | -nak; -nek; valaminek a | csak | hétköznapi; közönséges | szar,i | hope | you're | scare | of | only | ordinary | shit,"Remélem, csak hétköznapi szarságoktól félsz.",I hope you're scared of only ordinary shit
mint; kedvelni | gyilkos | és | szellem | és | rák | rajta; -on; -en; -ön | a te; az ön | bőr,like | murderer | and | ghost | and | cancer | on | your | skin,"Például gyilkosoktól, szellemektől és a bőrödön megjelenő ráktól.",Like murderers and ghosts and cancer on your skin
és | nem | a te; az ön | lélek | és | mi | ő | talán; esetleg | csinálni | -val; -vel | ez; az,and | not | your | soul | and | what | he | might | do | with | it,"Nem pedig a lelkedtől és attól, hogy ő mit tehet vele.",And not your soul and what he might do with it
hoppá,ah-oh,Hoppá.,Ah-oh.
ó | kedvesem,oh | darling,"Ó, drágám.","Oh, darling"
az én | szó | lenni | túlcsordulni,my | word | be | overflow,Túlcsordulnak a szavaim.,My words are overflowing
átitatni; eláztatni | be; bent; -ban; -ben | új | érzelem,drench | in | new | emotion,Új érzelmektől átitatva.,Drenched in new emotion
én | kell | lenni | rendben; helyes | hol; ahol | te; ön | lenni,i | gotta | be | right | where | you | be,"Pontosan ott kell lennem, ahol te vagy.",I gotta be right where you are
-val; -vel | idő,with | time,Az időzítéssel...,With timing...
fogok | vinni; elvenni | az én | szokásos,i'll | take | my | usual,A szokásosat kérem.,I'll take my usual.
én | megkapni; megérteni | te; ön | Stacey,i | get | you | stacey,"Máris, Stacey.","I got you, Stacey."
van | nem | út; mód | -nak; -nek; valaminek a | tudni; ismerni,there's | no | way | of | know,Nem lehet tudni,There's no way of knowing
annyira; így | fogok | ellopni | ez | pillanat,so | i'll | steal | this | moment,Ezért ellopom ezt a pillanatot,So I'll steal this moment
-hoz; -hez; felé | mondani; elmondani | te; ön | ez; az | egyenesen; őszintén | -ból; -ből; -tól; -től | a; az | szív,to | tell | you | it | straight | from | the | heart,"Hogy őszintén, szívből megmondjam...",To tell you it straight from the heart...
csinos; szép | lenyűgöző | neki; számára | nem | egy | kávé | üzlet; bolt,pretty | impressive | for | not | a | coffee | shop,"Ahhoz képest, hogy ez nem kávézó, egész lenyűgöző.",Pretty impressive for not a coffee shop.
nos; jól | fogok | lenni | a; az | megítélni; bíró | -nak; -nek; valaminek a | az; hogy,well | i'll | be | the | judge | of | that,Majd én eldöntöm.,"Well, I'll be the judge of that."
nekem van; én már | megkapni; megérteni | a te; az ön | kedvenc | dal | rajta; -on; -en; -ön | játszani,i've | get | your | favorite | song | on | play,A kedvenc dalod szól,I've got your favorite song on play
én vagyok | felidézni a múltat | rajta; -on; -en; -ön | a; az | vonat,i'm | reminisce | on | the | train,A vonaton nosztalgiázom.,I'm reminiscing on the train
mondani | én vagyok | egy | pár,say | i'm | a | couple,"Azt mondtam, még pár...",Said I'm a couple...
nos; jól | szeretnék; én ...nék | valószínűleg | adni | ez; az | öö | egy | erős; tisztes | három | csillag | rajta; -on; -en; -ön | Yelp,well | i'd | probably | give | it | um | a | solid | three | star | on | yelp,"Azt hiszem, adnék rá egy erős három csillagot a Yelpen.","Well, I'd probably give it, um, a solid three stars on Yelp."
három,three,Hármat?,Three?
hm,mm,Hm.,Mm.
az; hogy | reakció | lenni | több | mint; kedvelni | egy | négy | négy | és | egy | fél,that | reaction | be | more | like | a | four | four | and | a | half,"Ebből a reakcióból inkább négyre, négy és félre tippelnék.","That reaction was more like a four, four and a half."
nos; jól | öö | nem | karamell | annyira; így,well | um | no | caramel | so,"Hát, ööö, karamell nélkül, szóval...","Well, um, no caramel, so..."
nem | karamell,no | caramel,Karamell nélkül.,No caramel.
megkapni; megérteni | ez; az,get | it,Értem.,Got it.
rendben,okay,Rendben.,Okay.
ez van; ez az | jó; jól | -hoz; -hez; felé | van neki; birtokolni; kell | valami | -hoz; -hez; felé | célozni | neki; számára,it's | good | to | have | something | to | aim | for,"Jó, ha van valami, amit megcélozhatsz.",It's good to have something to aim for.
mi | lenni | te; ön | írni,what | be | you | write,Mit írtál?,What were you writing?
öö | semmi,um | nothing,"Öö, semmi.","Um, nothing."
ó,ooh,Úú.,Ooh.
öö,uh,Ööö...,Uh...
hé; szia | csinálni | te; ön | történni | -hoz; -hez; felé | lenni | felvenni; alkalmazni,hey | do | you | happen | to | be | hire,"Hé, nem kerestek véletlenül új embert?","Hey, do you happen to be hiring?"
én | tudna; lehetne | öö | fel; fent; várj | a te; az ön | Yelp | meccs; játék,i | could | um | up | your | yelp | game,Feldobhatnám a Yelp-oldalatokat.,"I could, um, up your Yelp game."
nem | rendben; helyes | most,not | right | now,Most éppen nem.,Not right now.
sajnálom,sorry,Bocsánat.,Sorry.
hé; szia | edző,hey | coach,"Szia, edző.","Hey, Coach."
kérdés | -ról; -ről; körülbelül | holnap | meccs; játék,question | about | tomorrow | game,Kérdésem van a holnapi meccsről.,Question about tomorrow's game.
öö | fogok | lenni | rendben; helyes | vissza,uh | i'll | be | right | back,Mindjárt jövök.,"Uh, I'll be right back."
mi van; mi a | fel; fent; várj,what's | up,Mi újság?,What's up?
öö | nem | egy | jó; jól | passz; átadás,uh | not | a | good | pass,"Öö, ez nem volt jó passz.","Uh, not a good pass."
én | megkapni; megérteni | ez; az,i | get | it,Értem.,I get it.
öö | igen,uh | yeah,"Öö, igen.","Uh, yeah."
mindenesetre; egyébként | én | megkapni; megérteni | dolgozni; munka | -hoz; -hez; felé | csinálni | annyira; így | hogy van; milyen | Skylar | csinálni,anyway | i | get | work | to | do | so | how's | skylar | do,"Mindegy, dolgom van, úgyhogy... – Hogy van Skylar?","Anyways, I got work to do, so... - How's Skylar doing?"
ő; ő van | jó; jól,she's | good,Jól van?,She's good?
azok | kettő | rendben; helyes | ott; tessék,those | two | right | there,Az a kettő ott?,Those two right there?
igen,yeah,Igen.,Yeah.
várakozás | rajta; -on; -en; -ön | a; az | vonat,anticipation | on | the | train,Várakozás a vonaton.,Anticipation on the train
mondani | én vagyok | másik; még egy | megállni; megállítani | távol,say | i'm | another | stop | away,"Azt mondtam, már csak egy megállónyira vagyok.",Said I'm another stop away
igen | én vagyok | beszélni,yeah | i'm | talk,"Igen, beszélek...","Yeah, I'm talking..."
ó | szar,oh | shit,A francba.,"Oh, shit."
énekelni | én vagyok | nem | a; az | egy,sing | i'm | not | the | one,Azt énekelve: „Nem én vagyok az”.,"Singing, ""I'm not the one"""
nem | a te; az ön | menedék | -nál; -nél | a; az | alja,not | your | haven | at | the | bottom,Nem a menedéked odalent.,Not your haven at the bottom
vagy | néhány; valamennyi | nyomorult; lehangoló | társ,or | some | miserable | companion,Sem valami nyomorult társ...,Or some miserable companion...
öö | én | elhagyni; békén hagyni | az én | öö,uh | i | leave | my | um,"Ööö, hátul hagytam a...","Uh, I left my, um..."
ó | rendben; helyes,oh | right,"Ó, tényleg.","Oh, right."
ez van; ez az | be; bent; -ban; -ben | a; az | vissza,it's | in | the | back,Hátul van.,It's in the back.
ó,oh,Ó.,Oh.
megköszönni | te; ön,thank | you,Köszönöm.,Thank you.
be; bent; -ban; -ben | a te; az ön | vihar | szemét,in | your | storm | garbage,A viharod sodorta szemétben.,In your storm garbage
időjárás | viselni,weather | wear,Az időjárástól megviselten...,Weather worn...
én | nem ...t | olvasni | ez; az,i | didn't | read | it,Nem olvastam el.,I didn't read it.
ígérni; ígéret,promise,Ígérem.,Promise.
öö,um,Ööö...,Um...
én | tudna; lehetne | gyalogolni; sétálni | te; ön | ki; végig | vissza,i | could | walk | you | out | back,Elkísérhetlek hátra.,I could walk you out back.
ez van; ez az | közel; közeli,it's | close,Közelebb van.,It's closer.
rendben,okay,Rendben.,Okay.
igen,yeah,Igen.,Yeah.
öö | várni | öö,um | wait | um,"Ööö, várj, ööö...","Um, wait, um..."
te; ön | öö,you | uh,"Te, ööö...","You, uh..."
te; ön | bánni; elme | ha | én | megkapni; megérteni | a te; az ön | szám,you | mind | if | i | get | your | number,"Nem bánnád, ha elkérném a számodat?",you mind if I get your number?
én,i,Én...,I...
öö | én | ne; nem | van neki; birtokolni; kell | egy | telefon,uh | i | don't | have | a | phone,"Ööö, nincs telefonom.","Uh, I don't have a phone."
ki | nem ...ik | van neki; birtokolni; kell | egy | telefon,who | doesn't | have | a | phone,Kinek nincs telefonja?,Who doesn't have a phone?
én | kellene | öö | én | kellene | valószínűleg | menni,i | should | uh | i | should | probably | go,Nekem... nekem most inkább mennem kellene.,"I should, uh, I should probably go."
öö | te; ön | kellene | maradni,um | you | should | stay,Szerintem maradj.,"Um, you should stay."
hé; szia | Ledger | kell; szüksége van | te; ön | be; belül,hey | ledger | need | you | inside,"Hé, Ledger, szükség van rád odabent.","Hey, Ledger, need you inside."
egy | másodperc,one | sec,Egy pillanat.,One sec.
te; ön | rendben,you | okay,Jól vagy?,You okay?
én | van neki; birtokolni; kell | -hoz; -hez; felé | menni,i | have | to | go,Mennem kell.,I have to go.
igen,yeah,Igen.,Yeah.
jönni | vissza | holnap,come | back | tomorrow,Gyere vissza holnap.,Come back tomorrow.
fogok | van neki; birtokolni; kell | az; hogy | karamell,i'll | have | that | caramel,Én... én kérem azt a karamelleset.,I'll-I'll have that caramel.
én | csak; éppen | én | nem tud | rendben,i | just | i | can't | okay,"Én csak... nem megy, jó?","I just-- I can't, okay?"
igen,yeah,Igen.,Yeah.
kedves | Scotty | én | találkozni; megismerni | a te; az ön | barát | Ledger | ma,dear | scotty | i | meet | your | friend | ledger | today,"Kedves Scotty! Ma találkoztam a barátoddal, Ledgerrel.",Dear Scotty: I met your friend Ledger today.
ő | nem ...t | felismerni | engem; nekem | de | miért | volna; tenne | ő,he | didn't | recognize | me | but | why | would | he,"Nem ismert fel, de miért is ismert volna?","He didn't recognize me, but why would he?"
ez van; ez az | nem | mint; kedvelni | mi | valaha | találkozni; megismerni,it's | not | like | we | ever | meet,Nem mintha valaha is találkoztunk volna.,It's not like we ever met.
én vagyok | fog; készül valamire | tartani; figyelni | az én | távolság,i'm | gonna | keep | my | distance,Tartani fogom a távolságot.,I'm gonna keep my distance.
boldog | születésnap,happy | birthday,Boldog születésnapot!,Happy birthday.
boldog | születésnap,happy | birthday,Boldog születésnapot!,Happy birthday.
én | van neki; birtokolni; kell | elég | -hoz; -hez; felé | rájönni; kiszámítani | ki; végig,i | have | enough | to | figure | out,"Van épp elég dolgom, amit meg kell oldanom.",I have enough to figure out.
különösen | -val; -vel | Grace; kegyelem,especially | with | grace,Főleg Grace miatt.,Especially with Grace.
Ledger | mondani | ő | lenni | fog; készül valamire | lenni | itt; tessék,ledger | say | he | be | gonna | be | here,"Ledger azt mondta, itt lesz.",Ledger said he was gonna be here.
ő | is; szintén | tudni; ismerni | ez; az | lenni | fontos,he | also | know | it | be | important,"Azt is tudta, hogy ez fontos.",He also knew it was important.
ez van; ez az | egy | sorsdöntő | meccs; játék | ez | hét,it's | a | make-or-break | game | this | week,Ezen a heti meccsen minden eldől.,It's a make-or-break game this week.
én vagyok | persze; biztos | ő | akarni | -hoz; -hez; felé | lenni | itt; tessék,i'm | sure | he | want | to | be | here,"Biztos vagyok benne, hogy itt akar lenni.",I'm sure he wants to be here.
van | mindig | valami,there's | always | something,Mindig van valami.,There's always something.
hé; szia | miért | ne; nem | mi | menni | ki; végig | csinálni | valami | szórakoztató; móka,hey | why | don't | we | go | out | do | something | fun,"Hé, miért nem megyünk el valahová, és csinálunk valami szórakoztatót?","Hey, why don't we go out, do something fun?"
most,now,Most?,Now?
nekem van; én már | van neki; birtokolni; kell | év | -hoz; -hez; felé | elképzelni | hogyan | ő | kell; biztosan | érezni,i've | have | year | to | imagine | how | she | must | feel,"Évekig képzeltem el, vajon mit érezhet.",I've had years to imagine how she must feel.
öö | igen,uh | yeah,"Öö, igen.","Uh, yeah."
menni,go,Menj.,Go.
menni,go,Menj.,Go.
ő | nem ...t | akarni | te; ön | -hoz; -hez; felé | elhagyni; békén hagyni,she | didn't | want | you | to | leave,"Nem akarta, hogy elmenj.",She didn't want you to leave.
mi | kellene | van neki; birtokolni; kell | hallgatni,we | should | have | listen,Hallgatnunk kellett volna rá.,We should have listened.
ha | mi | csinálni | ő | nem tenne; nem volna | van neki; birtokolni; kell | hallani | szó | mint; kedvelni | sajnálom,if | we | do | she | wouldn't | have | hear | word | like | sorry,"Ha így tettünk volna, nem hallott volna olyan szavakat, mint a „sajnálom”...","If we did, she wouldn't have heard words like ""sorry..."""
és | baleset | és | nem ...t | csinálni; készíteni; elkövetni | ez; az,and | accident | and | didn't | make | it,...a „baleset” és a „nem élte túl”.,"...and ""accident"" and ""didn't make it."""
te; ön | lenni | az ő; az övék | tökéletes | fiú,you | be | their | perfect | boy,Te voltál számukra a tökéletes fiú.,You were their perfect boy.
be; bent; -ban; -ben | egy | tökéletes | világ | te ...nál; neked volna | még; mozdulatlan | lenni | életben,in | a | perfect | world | you'd | still | be | alive,Egy tökéletes világban még mindig élnél.,"In a perfect world, you'd still be alive."
de | ehelyett | ők | van neki; birtokolni; kell | -hoz; -hez; felé | élni | be; bent; -ban; -ben | egy | világ | nélkül | te; ön,but | instead | they | have | to | live | in | a | world | without | you,Ehelyett azonban nekik nélküled kellett élniük.,"But instead, they had to live in a world without you."
mert | -nak; -nek; valaminek a | engem; nekem,because | of | me,Miattam.,Because of me.
én vagyok | a; az | egy | ők | hibáztatni,i'm | the | one | they | blame,Engem hibáztatnak.,I'm the one they blame.
és | én | megérteni | miért,and | i | understand | why,"És megértem, miért.",And I understand why.
te; ön | van neki; birtokolni; kell | bűnösnek vallani magát; könyörögni | bűnös | -hoz; -hez; felé | járművel elkövetett | gondatlanságból elkövetett emberölés | alatt | a; az | befolyás,you | have | plead | guilty | to | vehicular | manslaughter | under | the | influence,Bűnösnek vallotta magát ittas állapotban elkövetett gondatlan emberölésben.,You have pled guilty to vehicular manslaughter under the influence.
ez | bíróság | elfogadni | a te; az ön | bűnös | vallomás; jogi nyilatkozat | és | elítélni; mondat | te; ön | -hoz; -hez; felé | hét | év | szabadságvesztés,this | court | accept | your | guilty | plea | and | sentence | you | to | seven | year | incarceration,"A bíróság elfogadja a bűnösség beismerését, és hét év szabadságvesztésre ítéli.",This court accepts your guilty plea and sentences you to seven years' incarceration.
és | még | itt; tessék | én | lenni | vissza | be; bent; -ban; -ben | az ő; az övék | élni | kérdezni; kérni | neki; számára | egy | dolog | -hoz; -hez; felé | találkozni; megismerni | a mi | lánya; lánygyermek,and | yet | here | i | be | back | in | their | live | ask | for | one | thing | to | meet | our | daughter,"És mégis itt vagyok, újra az életük része lettem, és csak egyetlen dolgot kérek: hadd találkozzam a lányunkkal.","And yet, here I am, back in their lives, asking for one thing: to meet our daughter."
miau,meow,Miau...,Meow...
igen,yes,Igen.,Yes.
öö | én | tud/képes | fogni; tartani,uh | i | can | hold,Tartom.,"Uh, I can hold."
Diem,diem,Diem!,Diem!
ez van; ez az | idő | neki; számára | gyerekbaseball,it's | time | for | t-ball,Ideje a tee-ballnak.,It's time for T-ball.
menni | megkapni; megérteni | felöltözni; ruha,go | get | dress,"Menj, öltözz fel.",Go get dressed.
mi | megkapni; megérteni | -hoz; -hez; felé | menni,we | get | to | go,Mennünk kell!,We got to go!
lenni | az; hogy | Scotty | régi; idős | dzsungel; mászóka | mászóka; tornaterem,be | that | scotty | old | jungle | gym,Az ott Scotty régi mászókája?,Is that Scotty's old jungle gym?
az; hogy | lenni | a mi | hely,that | be | our | spot,Az volt a mi helyünk.,That was our spot.
ez van; ez az | mi | ő | akarni | neki; számára | őt; neki; az ő | születésnap,it's | what | she | want | for | her | birthday,Ezt akarta a születésnapjára.,It's what she wanted for her birthday.
nos; jól | -nak; -nek; valaminek a | természetesen; irány | ez; az | lenni,well | of | course | it | be,"Hát persze, hogy ezt.","Well, of course it is."
Ledger | segíteni; segítség | engem; nekem,ledger | help | me,"Ledger, segíts!","Ledger, help me!"
én | nem tud | megtalálni | az én | másik | csizma,i | can't | find | my | other | boot,Nem találom a másik csizmámat.,I can't find my other boot.
csizma,boot,A csizma?,Boots?
viselni | a te; az ön | stoplis cipő,wear | your | cleat,Vedd fel a stoplis cipődet.,Wear your cleats.
ember | ne; nem | viselni | csizma | -hoz; -hez; felé | játszani | gyerekbaseball | én | lenni,person | don't | wear | boot | to | play | t-ball | i | be,T-ballhoz nem szokás csizmát húzni. – Én azt húzok.,People don't wear boots to play T-ball. -I am.
én vagyok | viselni | az én | csizma | ma,i'm | wear | my | boot | today,Ma a csizmámat veszem fel.,I'm wearing my boots today.
hallgatni | -hoz; -hez; felé | a te; az ön | edző,listen | to | your | coach,Hallgass az edződre.,Listen to your coach.
nem | hamburger | ha | te; ön | ne; nem | viselni | a te; az ön | stoplis cipő,no | burger | if | you | don't | wear | your | cleat,"Nem kapsz hamburgert, ha nem veszed fel a stoplis cipődet.",No burger if you don't wear your cleats.
megtalálni | a te; az ön | másik | csizma,find | your | other | boot,Megtaláltam a másik csizmádat.,Found your other boot.
lenni | az; hogy | egy | átkozott | galamb,be | that | a | freakin | pigeon,Az ott egy rohadt galamb?,Is that a freakin' pigeon?
te; ön | nyerni,you | win,Te nyertél.,You win.
mikor van | az én | anya | megkapni; megérteni | egy | nagy | autó,when's | my | mom | get | a | big | car,Mikor kap anyu nagyobb autót?,When's my mom getting a bigger car?
ő | vezetni | egy | egyterű autó,she | drive | a | minivan,Egyterűt vezet.,She drives a minivan.
hogyan | nagy | egy | autó | csinálni | ő | kell; szüksége van,how | big | a | car | do | she | need,Mekkora autó kell neki?,How big a car does she need?
nem | nagyi,not | nana,Nem Nana.,Not Nana.
az én | anya,my | mom,Az anyukám.,My mom.
mi | csinálni | te; ön | gondolni; komolyan mondani,what | do | you | mean,Hogy érted?,What do you mean?
Skylar | mondani | az én | anya | soha | jönni | -hoz; -hez; felé | az én | gyerekbaseball | meccs; játék | de | mikor; amikor | én | kérdezni; kérni | nagyi | ő | mondani | ő | fog | mikor; amikor | ő | megkapni; megérteni | egy | nagy | autó,skylar | say | my | mom | never | come | to | my | t-ball | game | but | when | i | ask | nana | she | say | she | will | when | she | get | a | big | car,"Skylar azt mondja, hogy anyukám sosem jön el a T-ball-meccseimre, de amikor megkérdezem a nagyit, azt mondja, majd eljön, ha nagyobb autója lesz.","Skylar says my mom never comes to my T-ball games, but when I ask Nana, she says she will when she gets a bigger car."
hm,mm,Hm.,Mm.
nos; jól | engedni | engem; nekem | beszélni | -hoz; -hez; felé | nagyi | -ról; -ről; körülbelül | az; hogy | de | mi | megkapni; megérteni | -hoz; -hez; felé | menni,well | let | me | talk | to | nana | about | that | but | we | get | to | go,"Beszélek erről a nagyival, de most mennünk kell.","Well, let me talk to Nana about that, but we got to go."
mi vagyunk | késő; késésben,we're | late,Késésben vagyunk.,We're late.
őt; neki; az ő | anya | kell; szüksége van | egy | nagy | autó,her | mom | need | a | big | car,Az anyjának nagyobb autóra van szüksége?,Her mom needs a bigger car?
én | tudni; ismerni,i | know,Tudom.,I know.
és | én | öö,and | i | uh,"Én pedig, ööö...","And I, uh..."
én vagyok | nem | felkészülni | neki; számára | őt; neki; az ő | -hoz; -hez; felé | kezdeni | kérdezni; kérni,i'm | not | prepare | for | her | to | start | ask,"Nem állok készen arra, hogy kérdezősködni kezdjen.",I'm not prepared for her to start asking.
én vagyok | nem | kész,i'm | not | ready,Még nem állok készen.,I'm not ready.
van neki; birtokolni; kell | te; ön | gondolni | -ról; -ről; körülbelül | mondani; elmondani | őt; neki; az ő | a; az | igazság,have | you | think | about | tell | her | the | truth,"Gondoltál már arra, hogy elmondd neki az igazat?",Have you thought about telling her the truth?
nem | ő; ő van | öt,no | she's | five,"Nem, még csak ötéves.","No, she's five."
igen,yeah,Igen.,Yeah.
és | ő | nem fog | megállni; megállítani | kérdezni; kérni | amíg | ő | tudni; ismerni,and | she | won't | stop | ask | till | she | know,"És addig nem hagyja abba a kérdezősködést, amíg meg nem tudja.",And she won't stop asking till she knows.
szia; viszlát,bye,Szia.,Bye.
van neki; birtokolni; kell | egy | jó; jól | meccs; játék,have | a | good | game,Sok sikert a meccsen.,Have a good game.
ez | lenni | egy | családi tulajdonú | szupermarket | az; hogy | tenni | a mi | vásárló | rajta; -on; -en; -ön | egy | piedesztál,this | be | a | family-owned | supermarket | that | put | our | customer | on | a | pedestal,"Ez egy családi tulajdonban lévő szupermarket, amely a tenyerén hordozza a vásárlóit.",This is a family-owned supermarket that puts our customers on a pedestal.
öö | semmi | lenni | több | fontos,uh | nothing | be | more | important,Semmi sem fontosabb ennél.,"Uh, nothing is more important."
következésképpen | mi | van neki; birtokolni; kell | -hoz; -hez; felé | tudni; ismerni | -nál; -nél | minden | szint | -nak; -nek; valaminek a | kapcsolódási pont; kapcsolat | az; hogy | mi | tud/képes | garantálni | a mi | vásárló | boldogság,consequently | we | have | to | know | at | every | level | of | interface | that | we | can | guarantee | our | customer | happiness,"Ezért minden érintkezési ponton tudnunk kell, hogy garantálni tudjuk vásárlóink elégedettségét.","Consequently, we have to know at every level of interface that we can guarantee our customers' happiness."
és,and,És...,And...
biztonság,safety,Biztonság.,safety.
rendben,okay,Rendben.,Okay.
hé; szia,hey,Szia.,Hey.
hé; szia,hey,Szia.,Hey.
lenni | te; ön | rendben,be | you | okay,Jól vagy?,Are you okay?
én | csak; éppen | hátulról nekiütközni | valaki | és | én | ne; nem | van neki; birtokolni; kell | biztosítás,i | just | rear-end | someone | and | i | don't | have | insurance,"Csak... hátulról nekimentem valakinek, és nincs biztosításom.","I just... rear-ended someone, and I don't have insurance."
mi van; mi a | a te; az ön | trauma,what's | your | trauma,Neked mi a traumád?,What's your trauma?
nos; jól | én | nem tud | megkapni; megérteni | egy | munka | mert | én | csak; éppen | megkapni; megérteni | ki; végig | -nak; -nek; valaminek a | börtön,well | i | can't | get | a | job | because | i | just | get | out | of | prison,"Nem kapok munkát, mert nemrég szabadultam a börtönből.","Well, I can't get a job because I just got out of prison."
tényleg; igazán,really,Tényleg?,Really?
igen,yep,Aha.,Yep.
szar | te; ön | nyerni,shit | you | win,"A francba, te nyertél.","Shit, you win."
hurrá | engem; nekem,yay | me,Hurrá nekem.,"Yay, me."
mi | fajta; kedves | -nak; -nek; valaminek a | munka | lenni | te; ön | nézni | neki; számára,what | kind | of | job | be | you | look | for,Milyen munkát keresel?,What kind of job are you looking for?
én | gondolni; komolyan mondani | őszintén | bármi,i | mean | honestly | anything,"Őszintén szólva, bármit.","I mean, honestly, anything."
nos; jól | én | nem tud | garantálni | teljes munkaidős | de | én | tudna; lehetne | adni | te; ön | néhány; valamennyi | műszak | mint; ahogy | egy | árucsomagoló,well | i | can't | guarantee | full-time | but | i | could | give | you | some | shift | as | a | bagger,"Teljes állást nem ígérhetek, de adhatok néhány műszakot csomagolóként.","Well, I can't guarantee full-time, but I could give you some shifts as a bagger."
vezető; üzletvezető | már | mondani | nem,manager | already | say | no,A vezető már nemet mondott.,Manager already said no.
én | tudna; lehetne | beszélni | -hoz; -hez; felé | őt; neki,i | could | talk | to | him,Beszélhetnék vele.,I could talk to him.
Amy | Matthews,amy | matthews,Amy Matthews.,Amy Matthews.
Kenna,kenna,Kenna.,Kenna.
helyettes; asszisztens | vezető; üzletvezető | közelmúltbeli; friss | hátulról ütköző sofőr | be; bent; -ban; -ben | felelős; díj; vád | -nak; -nek; valaminek a | pénztár | és | becsomagolni; táska; zacskó,assistant | manager | recent | rear-ender | in | charge | of | checkout | and | bag,"Üzletvezető-helyettes, nemrég hátulról belehajtott valakibe, és ő felel a pénztárakért meg a csomagolásért.","Assistant manager, recent rear-ender, in charge of checkouts and bagging."
megköszönni | te; ön,thank | you,Köszönöm.,Thank you.
én | nem tenne; nem volna | menni | könyv; lefoglalni | bármilyen; valamennyi | utazás | rajta; -on; -en; -ön | egy | magán; személyes | repülőgép | ez | oldal | -nak; -nek; valaminek a | karácsony,i | wouldn't | go | book | any | trip | on | a | private | jet | this | side | of | christmas,Karácsonyig azért nem foglalnék utat magángépre.,I wouldn't go booking any trips on a private jet this side of Christmas.
a; az | óra | lenni | szar | és | fizetni | még; páros | szar; silány,the | hour | be | shit | and | pay | even | shitty,"Szar a munkaidő, a fizetés pedig még szarabb.","The hours are shit, and pay's even shittier."
hé; szia | ne; nem | te; ön | élni | be; bent; -ban; -ben | Paradise | lakás,hey | don't | you | live | in | paradise | apartment,"Hé, te nem a Paradise apartmanokban laksz?","Hey, don't you live in Paradise apartments?"
hé; szia | ne; nem | te; ön | élni | be; bent; -ban; -ben | Paradise | lakás,hey | don't | you | live | in | paradise | apartment,"Hé, te nem a Paradise apartmanokban laksz?","Hey, don't you live in Paradise apartments?"
tud/képes | te; ön | kezdeni | hétfő,can | you | start | monday,Tudsz hétfőn kezdeni?,Can you start Monday?
igen,yes,Igen.,Yes.
megköszönni | te; ön,thank | you,Köszönöm.,Thank you.
mi van; mi a | Tinder,what's | tinder,Mi az a Tinder?,What's Tinder?
hol; hová | te; ön | hallani | az; hogy,where'd | you | hear | that,Hol hallottad ezt?,Where'd you hear that?
Skylar | anya | mondani | ha | te; ön | van neki; birtokolni; kell | ez; az | ő fog | eltörni; megszakítani | őt; neki; az ő | ujj,skylar | mom | say | if | you | have | it | she'll | break | her | finger,"Skylar anyukája azt mondta, ha neked is van, eltöri az ujját.","Skylar's mom said if you have it, she'll break her finger."
nagyi | én vagyok | egy | hamburger | szörny,nana | i'm | a | burger | monster,"Nana, én egy burgerfaló szörny vagyok.","Nana, I'm a burger monster."
nos; jól | te; ön | jó; jól | enni | a; az | hamburger | korábban; előtt | ez; az | enni | te; ön,well | you | good | eat | the | burger | before | it | eat | you,"Akkor jobb, ha megeszed a hamburgert, mielőtt ő eszik meg téged.","Well, you better eat the burger before it eats you."
srác; fickó | én vagyok | elindulni; tartani valahová | ki; végig,guy | i'm | head | out,"Srácok, elindulok.","Guys, I'm headed out."
rendben | szia; viszlát,okay | bye,"Rendben, szia.","Okay, bye."
szeretni; szerelem | te; ön | D,love | you | d,"Szeretlek, D.","Love you, D."
szeretni; szerelem | te; ön | is; túl,love | you | too,Én is szeretlek.,"Love you, too."
hé; szia,hey,Szia.,Hey.
hogyan | te; ön | tudni; ismerni | én | élni | errefelé; körül | itt; tessék,how'd | you | know | i | live | around | here,"Honnan tudtad, hogy errefelé lakom?",How'd you know I lived around here?
öö,um,Ööö...,Um...
nos; jól | én vagyok | nem | itt; tessék | -hoz; -hez; felé | látni | te; ön,well | i'm | not | here | to | see | you,Nem hozzád jöttem.,"Well, I'm not here to see you."
akkor; aztán | miért | lenni | te; ön | itt; tessék,then | why | be | you | here,Akkor miért vagy itt?,Then why are you here?
te vagy; ön van | Kenna,you're | kenna,Te vagy Kenna.,You're Kenna.
én | kell; szüksége van | -hoz; -hez; felé | látni | őt; neki; az ő,i | need | to | see | her,Nekem... látnom kell őt.,I-I need to see her.
menni,go,Menj.,Go.
rendben; helyes | most,right | now,Most azonnal.,Right now.
ez | lenni | semmi; egyik sem | -nak; -nek; valaminek a | a te; az ön | dolog; üzlet,this | be | none | of | your | business,Ehhez semmi közöd.,This is none of your business.
a; az | pokol | ez; az | nem; nincs,the | hell | it | isn't,Dehogynem.,The hell it isn't.
Ledger | kérem; kérlek,ledger | please,"Ledger, kérlek.","Ledger, please."
kérem; kérlek | csak; éppen | engedni | engem; nekem | beszélni | -hoz; -hez; felé | őket; nekik,please | just | let | me | speak | to | them,"Kérlek, csak hadd beszéljek velük.",Please just let me speak to them.
rohadt,goddamn,A francba.,Goddamn.
te; ön | ne; nem | megérteni | rendben,you | don't | understand | okay,"Nem érted, jó?","You don't understand, okay?"
igen,yeah,Igen.,Yeah.
csak; éppen | megkapni; megérteni | be; belül,just | get | inside,Menj be.,Just get inside.
ülni,sit,Ülj.,Sit.
ülni | le; lent,sit | down,Ülj le.,Sit down.
egy | fogzik | karika; gyűrű,a | teethe | ring,Egy rágóka?,A teething ring?
ő; ő van | öt,she's | five,Ötéves.,She's five.
mi | lenni | te; ön | gondolni | megmutatni; megjelenni; műsor | fel; fent; várj | itt; tessék,what | be | you | think | show | up | here,"Mégis mire gondoltál, amikor idejöttél?",What are you thinking showing up here?
ő; ő van | az én | lánya; lánygyermek,she's | my | daughter,Ő a lányom.,She's my daughter.
Diem | lenni | az ő; az övék | lánya; lánygyermek,diem | be | their | daughter,Diem az ő lányuk.,Diem is their daughter.
a te; az ön | rendben; helyes | lenni | megszüntetni,your | right | be | terminate,Megszüntették a szülői jogaidat.,Your rights were terminated.
rohadt,goddamn,A francba.,Goddamn.
én vagyok | húzni; leszedni | a; az | kisteherautó | be; bent; -ban; -ben | a; az | garázs | és | vinni; elvenni | te; ön | haza; otthon,i'm | pull | the | truck | in | the | garage | and | take | you | home,"Beállok a garázsba a kocsival, aztán hazaviszlek.",I'm pulling the truck in the garage and taking you home.
ne; nem | mozogni; költözni,don't | move,Ne mozdulj.,Don't move.
én | gondolni; komolyan mondani | ez; az,i | mean | it,Komolyan mondom.,I mean it.
hé; szia,hey,Szia.,Hey.
hé; szia,hey,Szia.,Hey.
kinyitni; nyitott | a; az | ajtó,open | the | door,Nyisd ki az ajtót!,Open the door!
megkapni; megérteni | a te; az ön | kéz | le; távol | engem; nekem,get | your | hand | off | me,Vedd le rólam a kezed!,Get your hands off me!
megkapni; megérteni | le; távol | -nak; -nek; valaminek a | engem; nekem,get | off | of | me,Szállj le rólam.,Get off of me.
nyugodt; megnyugodni | le; lent,calm | down,Nyugodj meg.,Calm down.
te; ön | nem tud | lenni | itt; tessék,you | can't | be | here,Nem lehetsz itt.,You can't be here.
ne; nem | megérinteni | engem; nekem,don't | touch | me,Ne érj hozzám.,Don't touch me.
Grace; kegyelem | becsukni; befogni | a; az | ajtó,grace | shut | the | door,"Grace, csukd be az ajtót.","Grace, shut the door."
mi van; mi a | menni | rajta; -on; -en; -ön,what's | go | on,Mi folyik itt?,What's going on?
minden | rendben; jól,everything | fine,Minden rendben.,Everything's fine.
hé; szia,hey,Szia.,Hey.
megkapni; megérteni | be; bent; -ban; -ben | a; az | kisteherautó,get | in | the | truck,Szállj be a kocsiba.,Get in the truck.
fogok | hívni | a; az | rendőrség,i'll | call | the | police,Hívom a rendőrséget.,I'll call the police.
jönni | vissza | lenni | egy | hiba,come | back | be | a | mistake,Hiba volt visszajönnöm.,Coming back was a mistake.
nem | egy | hasznot húzni; előny | -ból; -ből; -tól; -től | te; ön | lenni | be; bent; -ban; -ben | Diem | élet | kivéve | te; ön,no | one | benefit | from | you | be | in | diem | life | except | you,"Rajtad kívül senkinek sem válik javára, ha része leszel Diem életének.",No one benefits from you being in Diem's life except you.
te vagy; ön van | egy | seggfej,you're | an | asshole,Egy seggfej vagy.,You're an asshole.
baszd meg; baszni | te; ön,fuck | you,Baszd meg!,Fuck you!
várni,wait,Várj.,Wait.
hol; ahol | lenni | te; ön | vinni; elvenni | őt; neki; az ő,where | be | you | take | her,Hová viszed?,Where are you taking her?
hol; ahol | lenni | ő | menni,where | be | she | go,Hová megy?,Where is she going?
nem,no,Ne!,No!
miért | ne; nem | te; ön | van neki; birtokolni; kell | bármilyen; valamennyi | holmi; dolog,why | don't | you | have | any | stuff,Miért nincs semmid?,Why don't you have any stuff?
én | csak; éppen | mozogni; költözni | be; bent; -ban; -ben,i | just | move | in,Most költöztem be.,I just moved in.
tud/képes | én | van neki; birtokolni; kell | ez,can | i | have | this,Ezt megtarthatom?,Can I have this?
persze; biztos,sure,Persze.,Sure.
te; ön | megkapni; megérteni | egy | kiscica,you | get | a | kitten,Van egy kiscicád?,You got a kitten?
tud/képes | te; ön | menni | kérem; kérlek,can | you | go | please,"Elmennél, kérlek?","Can you go, please?"
anya | nem fog | engedni | engem; nekem | van neki; birtokolni; kell | egy,mom | won't | let | me | have | one,"Anya nem engedi, hogy legyen.",Mom won't let me have one.
mi van; mi a | annak a | név,what's | its | name,Hogy hívják?,What's its name?
ez; az | nem ...ik | van neki; birtokolni; kell | egy | név | még,it | doesn't | have | a | name | yet,Még nincs neve.,It doesn't have a name yet.
miért | lenni | te; ön | annyira; így | szegény,why | be | you | so | poor,Miért vagy ilyen szegény?,Why are you so poor?
én | csak; éppen | megkapni; megérteni | ki; végig | -nak; -nek; valaminek a | börtön,i | just | get | out | of | prison,Én... most szabadultam a börtönből.,I... just got out of prison.
az én | apa | be; bent; -ban; -ben | börtön,my | dad | in | prison,Apukám börtönben van.,My dad's in prison.
csinálni | te; ön | tudni; ismerni | őt; neki,do | you | know | him,Ismered?,Do you know him?
én | lenni | be; bent; -ban; -ben | egy | nő | börtön | annyira; így | nem,i | be | in | a | woman | prison | so | no,"Női börtönben voltam, szóval nem.","I was in a women's prison, so no."
miért | lenni | te; ön | annyira; így | szomorú,why | be | you | so | sad,Miért vagy ennyire szomorú?,Why are you so sad?
én | van neki; birtokolni; kell | egy | lánya; lánygyermek | és | nem | egy | engedni | engem; nekem | látni | őt; neki; az ő,i | have | a | daughter | and | no | one | let | me | see | her,"Van egy lányom, de senki sem engedi, hogy találkozzam vele.","I have a daughter, and no one's letting me see her."
csinálni | ő | megkapni; megérteni | elrabolni,do | she | get | kidnap,Elrabolták?,Did she get kidnapped?
nem | nem,no | no,"Nem, nem.","No, no."
ő; ő van | -val; -vel | őt; neki; az ő | nagyszülő | de | ők; ők vannak | nem | engedni | engem; nekem | látni | őt; neki; az ő,she's | with | her | grandparent | but | they're | not | let | me | see | her,"A nagyszüleinél van, de nem engedik, hogy lássam.","She's with her grandparents, but they're not letting me see her."
de | te; ön | akarni | -hoz; -hez; felé,but | you | want | to,De te szeretnéd?,But you want to?
több | mint | bármi,more | than | anything,Mindennél jobban.,More than anything.
én vagyok | hölgy | Diana,i'm | lady | diana,Lady Diana vagyok.,I'm Lady Diana.
én | van neki; birtokolni; kell | néhány; valamennyi | csillagszóró,i | have | some | sparkler,Van néhány csillagszóróm.,I have some sparklers.
csinálni | te; ön | akarni | -hoz; -hez; felé | fény; könnyű | őket; nekik | -val; -vel | engem; nekem,do | you | want | to | light | them | with | me,Szeretnéd velem együtt meggyújtani őket?,Do you want to light them with me?
talán | késő; késésben,maybe | late,Talán később?,Maybe later?
szabadidős | szoba; terem | közel; közeli | be; bent; -ban; -ben | perc,rec | room | close | in | minute,A társalgó 15 perc múlva zár.,Rec room closes in 15 minutes.
jönni | -val; -vel | engem; nekem,come | with | me,Gyere velem.,Come with me.
én vagyok | Ivy,i'm | ivy,Ivy vagyok.,I'm Ivy.
szabadidős | szoba; terem | közel; közeli | be; bent; -ban; -ben | tíz | perc,rec | room | close | in | ten | minute,A társalgó tíz perc múlva zár.,Rec room closes in ten minutes.
kezdeni | elindulni; tartani valahová | vissza | -hoz; -hez; felé | a te; az ön | priccs,start | head | back | to | your | bunk,Induljatok vissza a priccseitekhez.,Start heading back to your bunks.
fiú | vagy | lány,boy | or | girl,Fiú vagy lány?,Boy or girl?
lenni | egy | lány,be | a | girl,Lány volt.,Was a girl.
ők | fog; készül valamire | engedni | te; ön | látni | őt; neki; az ő,they | gonna | let | you | see | her,"Engedni fogják, hogy találkozz vele?",They gonna let you see her?
minden | fogvatartott | és | COs | lenni | tájékoztatni; tanácsolni,all | inmate | and | cos | be | advise,Minden fogvatartott és fegyőr figyelmébe...,All inmates and COs be advised...
ne; nem | tudni; ismerni,don't | know,Nem tudom.,Don't know.
ők | vinni; elvenni | a te; az ön | bébi; kisbaba | -ból; -ből; -tól; -től | te; ön,they | take | your | baby | from | you,Elvették tőled a kisbabádat.,They took your baby from you.
te vagy; ön van | soha | fog; készül valamire | megkapni; megérteni | félre | az; hogy,you're | never | gonna | get | over | that,Ezen sosem fogsz túllépni.,You're never gonna get over that.
annyira; így | te; ön | dönteni | rendben; helyes | itt; tessék | rendben; helyes | most,so | you | decide | right | here | right | now,"Tehát dönts, itt és most.","So, you decide, right here, right now."
te; ön | fog; készül valamire | élni | be; bent; -ban; -ben | a te; az ön | szomorúság | vagy | te; ön | fog; készül valamire | meghalni | be; bent; -ban; -ben | ez; az,you | gonna | live | in | your | sadness | or | you | gonna | die | in | it,"A szomorúságodban akarsz élni, vagy bele akarsz halni?",You gonna live in your sadness or you gonna die in it?
én vagyok | fog; készül valamire | élni | be; bent; -ban; -ben | ez; az,i'm | gonna | live | in | it,Benne fogok élni.,I'm gonna live in it.
én vagyok | fog; készül valamire | név | te; ön | Ivy,i'm | gonna | name | you | ivy,Ivynek foglak hívni.,I'm gonna name you Ivy.
hogyan | tudna; lehetne | ő | csak; éppen | megmutatni; megjelenni; műsor | fel; fent; várj,how | could | she | just | show | up,Hogy állíthatott csak úgy ide?,How could she just show up?
én | remélni; remény | te; ön | mondani; elmondani | őt; neki; az ő | -hoz; -hez; felé | elhagyni; békén hagyni | város,i | hope | you | tell | her | to | leave | town,"Remélem, megmondtad neki, hogy hagyja el a várost.",I hope you told her to leave town.
ő | lenni | nem | szívesen; üdvözölni | itt; tessék,she | be | not | welcome | here,Nincs itt semmi keresnivalója.,She is not welcome here.
-nak; -nek; valaminek a | természetesen; irány | én | csinálni,of | course | i | do,"Persze, hogy elmondtam.",Of course I did.
én | nem tud | elhinni | ő; ő van | ki; végig | már,i | can't | believe | she's | out | already,"Nem hiszem el, hogy már ki is engedték.",I can't believe she's out already.
Diem | majdnem | látni | őt; neki; az ő,diem | almost | see | her,Diem majdnem meglátta.,Diem almost saw her.
engedni | engem; nekem | menni | mondani | jó; jól | éjszaka; este | -hoz; -hez; felé | D | korábban; előtt | én | elindulni; tartani valahová | -hoz; -hez; felé | dolgozni; munka,let | me | go | say | good | night | to | d | before | i | head | to | work,"Mielőtt munkába megyek, elköszönök D-től.",Let me go say good night to D before I head to work.
én | megkapni; megérteni | -hoz; -hez; felé | hívni | a mi | ügyvéd,i | get | to | call | our | lawyer,Fel kell hívnom az ügyvédünket.,I got to call our lawyer.
ó | Isten,oh | god,Istenem.,"Oh, God."
te; ön | jó; jól,you | good,Jól vagy?,You good?
igen,yep,Aha.,Yep.
Kenna | vissza,kenna | back,Kenna visszajött.,Kenna's back.
Diem | anya,diem | mom,Diem anyja?,Diem's mom?
igen,yep,Aha.,Yep.
ő | lenni | a; az | nő | ülni | -nál; -nél | a; az | véget vetni; vég | -nak; -nek; valaminek a | a; az | bár; kocsma | a; az | másik | éjszaka; este,she | be | the | woman | sit | at | the | end | of | the | bar | the | other | night,"Ő volt az a nő, aki a minap a bár végében ült.",She was the woman sitting at the end of the bar the other night.
nem | szar,no | shit,Nem viccelek.,No shit.
te; ön | nem ...t | felismerni | őt; neki; az ő,you | didn't | recognize | her,Nem ismerted fel?,You didn't recognize her?
nem,nope,Nem.,Nope.
soha | találkozni; megismerni | őt; neki; az ő,never | meet | her,Sosem találkoztam vele.,Never met her.
én | gondolni | ő | lenni | mint; kedvelni | a te; az ön | jó; jól | barát,i | think | he | be | like | your | good | friend,"Azt hittem, ő a legjobb barátod.","I thought he was, like, your best friend."
igen | de | én | nem volt | errefelé; körül,yeah | but | i | wasn't | around,"Igen, de nem voltam a közelben.","Yeah, but I wasn't around."
én | látni | őt; neki; az ő | bögre | fénykép; lövés | egyszer,i | see | her | mug | shot | once,Egyszer láttam a rabosítási fotóját.,I saw her mug shot once.
de | öö | ő | nézni | teljesen | más; különböző | akkor; aztán,but | uh | she | look | completely | different | then,De akkor teljesen másképp nézett ki.,"But, uh, she looked completely different then."
én | ne; nem | tudni; ismerni,i | don't | know,Nem tudom.,I don't know.
Patrick | és | Grace; kegyelem | ne; nem | kell; szüksége van | ez | rendben; helyes | most,patrick | and | grace | don't | need | this | right | now,Patricknek és Grace-nek most nincs szüksége erre.,Patrick and Grace don't need this right now.
én | gondolni; komolyan mondani | -hoz; -hez; felé | lenni | méltányos; igazságos | ő | csinálni | adni | szülés; születés | -hoz; -hez; felé | D,i | mean | to | be | fair | she | do | give | birth | to | d,"Mármint, legyünk igazságosak, végül is ő szülte D.-t.","I mean, to be fair, she did give birth to D."
igen | de | nem | szülő | kellene | lenni | kényszeríteni | -hoz; -hez; felé | beállítani; kész | fel; fent; várj | láthatás; kapcsolattartás | -val; -vel | az ő; az övék | fiúgyermek | gyilkos,yeah | but | no | parent | should | be | force | to | set | up | visitation | with | their | son | murderer,"Igen, de egyetlen szülőt sem szabadna arra kényszeríteni, hogy láthatást szervezzen a fia gyilkosával.","Yeah, but no parent should be forced to set up visitation with their son's murderer."
ne; nem | te; ön | gondolni | gyilkos | lenni | egy | kicsi; darab | drámai,don't | you | think | murderer | be | a | bit | dramatic,"Nem gondolod, hogy a „gyilkos” kissé túlzás?","Don't you think ""murderer"" is a bit dramatic?"
ő; ő van | nem | néhány; valamennyi | kőszívű; jéghideg | gyilkos,she's | not | some | stone-cold | killer,Nem valami jéghideg gyilkos.,She's not some stone-cold killer.
ő | elhagyni; békén hagyni | őt; neki | ott; tessék,she | leave | him | there,Otthagyta őt.,She left him there.
Ledge | ha | ez; az | nem voltak | neki; számára | te; ön | szeretnék; én ...nék | lenni | feküdni; hazudni | be; bent; -ban; -ben | egy | árok | valahol,ledge | if | it | weren't | for | you | i'd | be | lie | in | a | ditch | somewhere,"Ledge, ha te nem lennél, valahol egy árokban feküdnék.","Ledge, if it weren't for you, I'd be lying in a ditch somewhere."
talán | ő; ő van | működni | be; bent; -ban; -ben | a; az | ugyanaz | szürke | terület | én | lenni,maybe | she's | operate | in | the | same | gray | area | i | be,"Talán ugyanabban a szürke zónában mozog, ahol én voltam.",Maybe she's operating in the same gray area I was.
annyira; így | mi | ő; ő van | be; bent; -ban; -ben | a; az | szürke | és | most | te; ön | akarni | -hoz; -hez; felé | lenni | minden | fekete | és | fehér,so | what | she's | in | the | gray | and | now | you | want | to | be | all | black | and | white,"Tehát ő a szürke zónában van, te pedig most mindent feketén-fehéren akarsz látni?","So, what, she's in the gray, and now you want to be all black and white?"
ez van; ez az | nem | mint; kedvelni | te; ön,it's | not | like | you,Ez nem vall rád.,It's not like you.
akarni | néhány; valamennyi | mag,want | some | seed,Kérsz magokat?,Want some seeds?
te vagy; ön van | egy | seggfej,you're | an | asshole,Egy seggfej vagy.,You're an asshole.
fényes; ragyogó | csillag,bright | star,Fényes csillag.,Bright star
nekem van; én már | vitorlázni | be; bent; -ban; -ben | minden | irány,i've | sail | in | all | direction,Minden irányba vitorláztam.,I've sailed in all directions
nekem van; én már | követni | a te; az ön | tükörkép,i've | follow | your | reflection,A tükörképedet követtem.,I've followed your reflection
-hoz; -hez; felé | a; az | messze; távoli | idegen; külföldi | part,to | the | far | foreign | shore,A legtávolabbi idegen partig.,To the farthest foreign shore
fényes; ragyogó | csillag | fényes; ragyogó | csillag,bright | star | bright | star,"Fényes csillag, fényes csillag","Bright star, bright star"
én | van neki; birtokolni; kell | lehorgonyozni; horgony | be; bent; -ban; -ben | a; az | kikötő,i | have | anchor | in | the | harbor,Lehorgonyoztam a kikötőben.,I have anchored in the harbor
én | van neki; birtokolni; kell | hozni | az én | ajándék | -hoz; -hez; felé | cserekereskedni,i | have | bring | my | gift | to | barter,Elhoztam ajándékaimat csereárunak.,I have brought my gifts to barter
neki; számára | egy | csavargó | ágy | és | ellátás; deszka,for | a | drifter | bed | and | board,Egy vándor szállásáért és ellátásáért.,For a drifter's bed and board
fényes; ragyogó | csillag,bright | star,Fényes csillag.,Bright star
én | van neki; birtokolni; kell | ital; inni | a; az | bor | -nak; -nek; valaminek a | kor; életkor,i | have | drink | the | wine | of | age,Ittam az idők borából.,I have drunk the wine of ages
be; bent; -ban; -ben | a; az | társaság | -nak; -nek; valaminek a | idegen,in | the | company | of | stranger,Idegenek társaságában.,In the company of strangers
mi | van neki; birtokolni; kell | énekelni | be; bent; -ban; -ben | nyelv | -nak; -nek; valaminek a | angyal,we | have | sing | in | tongue | of | angel,Angyalok nyelvén énekeltünk.,We have sung in tongues of angels
és | akkor; aztán | megbotlani | rajta; -on; -en; -ön | a; az | járda,and | then | stumble | on | the | pavement,Aztán megbotlottunk a járdán.,And then stumbled on the pavement
és | én | megérteni | az én | hely | akkor; aztán,and | i | understand | my | place | then,"És akkor megértettem, hol a helyem",And I understood my place then
és | az én | cél | be; bent; -ban; -ben | viszony; kapcsolat,and | my | purpose | in | relation,"És a célom, viszonyítva...",And my purpose in relation
-hoz; -hez; felé | a; az | fiatal | és | ősi | éjszaka; este,to | the | young | and | ancient | night,A fiatal és ősi éjszakához.,To the young and ancient night.
miért | lenni | te; ön | itt; tessék,why | be | you | here,Miért vagy itt?,Why are you here?
én | csak; éppen | akarni | -hoz; -hez; felé | látni | ha | te; ön | lenni | rendben,i | just | want | to | see | if | you | be | okay,"Csak tudni akartam, jól vagy-e.",I just wanted to see if you were okay.
várni,wait,Várj.,Wait.
lenni | te; ön | rendben,be | you | okay,Jól vagy?,Are you okay?
igen,yeah,Igen.,Yeah.
de | az; ez az | nem | ez; az | tényleg; igazán | lenni | ez; az,but | that's | not | it | really | be | it,"De valójában nem csak erről van szó, igaz?","But that's not it, really, is it?"
te vagy; ön van | aggódni; gond | az; hogy | ha | te; ön | hallani | az; hogy | én | véget vetni; vég | az én | élet | egy ideje; miközben | te vagy; ön van | enni | a te; az ön | kukoricapehely | be; bent; -ban; -ben | a; az | reggel | te; ön | talán; esetleg | lenni | elhagyni; békén hagyni | érezni | bűnös,you're | worry | that | if | you | hear | that | i | end | my | life | while | you're | eat | your | cornflake | in | the | morning | you | might | be | leave | feel | guilty,"Attól tartasz, hogy ha reggeli kukoricapehely közben hallod, hogy véget vetettem az életemnek, bűntudatod lesz.","You're worried that if you hear that I ended my life while you're eating your cornflakes in the morning, you might be left feeling guilty."
az; hogy | ez; az | lenni | mert | -nak; -nek; valaminek a | te; ön,that | it | be | because | of | you,Hogy miattad történt.,That it was because of you.
de | ne; nem | aggódni; gond,but | don't | worry,De ne aggódj.,But don't worry.
te; ön | csinálni | ez; az,you | do | it,Te tetted.,You did it.
a te; az ön | lelkiismeret | lenni | tiszta; világos,your | conscience | be | clear,Tiszta a lelkiismereted.,Your conscience is clear.
ó | az én | Isten,oh | my | god,Te jó ég.,"Oh, my God."
letekerni; gurulni | le; lent | a; az | ablak,roll | down | the | window,Húzd le az ablakot.,Roll down the window.
lenni | te; ön | Kenna | apa,be | you | kenna | dad,Te vagy Kenna apja?,Are you Kenna's dad?
rendben | ő; ő van,okay | he's,"Rendben, ő...","Okay, he's..."
öö,uh,Ööö...,Uh...
ő; ő van | határozottan; biztosan | nem | az én | apa,he's | definitely | not | my | dad,Biztosan nem ő az apám.,He's definitely not my dad.
nem,no,Nem.,No.
ő; ő van | a; az | srác; fickó | ki | nem fog | engedni | engem; nekem | találkozni; megismerni | az én | lánya; lánygyermek,he's | the | guy | who | won't | let | me | meet | my | daughter,"Ő az a férfi, aki nem engedi, hogy találkozzam a lányommal.",He's the guy who won't let me meet my daughter.
bunkó,jerk,Seggfej.,Jerk.
megköszönni | te; ön | neki; számára | lenni | rajta; -on; -en; -ön | az én | oldal,thank | you | for | be | on | my | side,"Köszönöm, hogy mellettem állsz.",Thank you for being on my side.
a mi | ügyvéd | mondani; elmondani | minket; nekünk | van | semmi | ő | tud/képes | csinálni | jogilag,our | lawyer | tell | us | there's | nothing | she | can | do | legally,Az ügyvédünk szerint jogilag semmit sem tehet.,Our lawyer told us there's nothing she can do legally.
jogilag | lenni | nem | a; az | probléma; kérdés,legally | be | not | the | issue,Jogilag nem ez a kérdés.,Legally is not the issue.
én vagyok | aggódni; gond | ő; ő van | fog; készül valamire | elragadni; ellopni | őt; neki; az ő | mikor; amikor | nem | egy | nézni,i'm | worry | she's | gonna | swipe | her | when | no | one | look,"Attól tartok, hogy elragadja, amikor senki sem figyel.",I'm worried she's gonna swipe her when no one's looking.
mi | nem tud | megbízni | őt; neki; az ő,we | can't | trust | her,Nem bízhatunk benne.,We can't trust her.
én | ne; nem | tudni; ismerni,i | don't | know,Nem tudom.,I don't know.
én | ne; nem | gondolni | ő ...na; neki volna | csinálni | valami | mint; kedvelni | az; hogy,i | don't | think | she'd | do | something | like | that,"Nem hiszem, hogy ilyesmit tenne.",I don't think she'd do something like that.
mi | csinálni | te; ön | gondolni; komolyan mondani,what | do | you | mean,Hogyhogy?,Wh-What do you mean?
hogyan | volna; tenne | te; ön | tudni; ismerni | mi | ő | volna; tenne | csinálni,how | would | you | know | what | she | would | do,"Honnan tudhatnád, mit tenne?",How would you know what she would do?
mi | ne; nem | tudni; ismerni | mi | ő; ő van | képes | -nak; -nek; valaminek a,we | don't | know | what | she's | capable | of,"Nem tudjuk, mire képes.",We don't know what she's capable of.
semmi; egyik sem | -nak; -nek; valaminek a | minket; nekünk | tudni; ismerni | őt; neki; az ő | rendben; helyes,none | of | us | know | her | right,"Egyikünk sem ismeri őt, igaz?","None of us know her, right?"
talán | te; ön | kellene | találkozni; megismerni | fel; fent; várj | -val; -vel | őt; neki; az ő | látni | mi | ő | van neki; birtokolni; kell | -hoz; -hez; felé | mondani,maybe | you | should | meet | up | with | her | see | what | she | have | to | say,"Talán találkoznod kellene vele, és meghallgatni, mit akar mondani.","Maybe you should meet up with her, see what she has to say?"
mi | volna; tenne | ő | esetleg; ugyan mit | van neki; birtokolni; kell | -hoz; -hez; felé | mondani,what | would | she | possibly | have | to | say,Mit tudna egyáltalán m-mondani?,What would she possibly have to s-say?
Ledge | nem,ledge | no,"Ledge, ne.","Ledge, no."
ő; ő van | megkapni; megérteni | nem | rendben; helyes,she's | get | no | right,Nincsenek jogai.,She's got no rights.
te; ön | tudni; ismerni | hogyan | nehéz; kemény | ez | van neki; birtokolni; kell | lenni | rendben | mi vagyunk | végre | be; bent; -ban; -ben | egy | jó; jól | hely,you | know | how | hard | this | have | be | okay | we're | finally | in | a | good | place,"Tudod, milyen nehéz volt ez nekünk, jó? – Végre rendbe jött az életünk.","Y-You know how hard this has been, okay? - We're finally in a good place."
mi vagyunk | nem | megosztani | Scotty | lánya; lánygyermek | -val; -vel | a; az | nő,we're | not | share | scotty | daughter | with | the | woman,Nem fogunk osztozni Scotty lányán azzal a nővel...,We're not sharing Scotty's daughter with the woman...
az én | ló | elindulni; tartani valahová | jönni | le; távol,my | horse | head | come | off,Leesett a lovam feje.,My horse's head came off.
hoppá,uh-oh,Hoppá.,Uh-oh.
ó | fiú,oh | boy,"Jaj, ne.","Oh, boy."
hogyan | csinálni | az; hogy | történni,how | do | that | happen,Hogy történt ez?,How did that happen?
én | húzni; leszedni | ez; az | le; távol,i | pull | it | off,Leszedtem.,I pulled it off.
igen,yeah,Igen.,Yeah.
nos; jól | ez van; ez az | nem | egy | meglepetés | akkor; aztán,well | it's | not | a | surprise | then,Akkor nem is meglepetés.,"Well, it's not a surprise, then."
itt; tessék | gyerünk; csináljuk | menni,here | let's | go,"Tessék, menjünk.","Here, let's go."
sajnálom | Patrick | én | nem ...t | gondolni; komolyan mondani | -hoz; -hez; felé | túllépni a határt,sorry | patrick | i | didn't | mean | to | overstep,"Bocsánat, Patrick, nem akartam átlépni a határt.","Sorry, Patrick, I didn't mean to overstep."
nem | nem | nem,no | no | no,"Nem, nem, nem.","No, no, no."
csak; éppen | csinálni; készíteni; elkövetni | magad; önmagad | hasznos,just | make | yourself | useful,Csak tedd magad hasznossá.,Just make yourself useful.
nem | aggódni; gond,no | worry,Semmi gond.,No worries.
csak; éppen | hozni | az; hogy | fa; faanyag | félre,just | bring | that | wood | over,Csak hozd ide azt a fát.,Just bring that wood over.
igen | uram,yes | sir,"Igenis, uram.","Yes, sir."
te; ön | akarni | -hoz; -hez; felé | tudni; ismerni | valami | vicces,you | want | to | know | something | funny,Akarsz hallani valami vicceset?,You want to know something funny?
te; ön | tudni; ismerni | Scotty | van neki; birtokolni; kell | az ő; övé | első | megcsókolni; csók | fel; fent; várj | itt; tessék,you | know | scotty | have | his | first | kiss | up | here,"Tudtad, hogy Scotty itt csókolózott először?",You know Scotty had his first kiss up here?
igen | ő | mondani; elmondani | engem; nekem | az; hogy,yeah | he | tell | me | that,"Igen, ezt mondta.","Yeah, he told me that."
ki | lenni | ez; az,who | be | it,Ki volt az?,Who was it?
Dana,dana,Dana?,Dana?
igen,yep,Aha.,Yep.
én | emlékezni | én | lenni | felbosszantani; dühösnek lenni; pisilni,i | remember | i | be | piss,"Emlékszem, dühös voltam.",I remember I was pissed.
hívni | előjog; lefoglalva | rajta; -on; -en; -ön | őt; neki; az ő | első,call | dibs | on | her | first,Én csaptam le rá először.,Called dibs on her first.
nos; jól | ő; ő van | nagyon; sok | jó; jól | nézni | mint | te; ön | lenni,well | he's | much | good | look | than | you | be,"Hát, sokkal jobban néz ki, mint te.","Well, he's much better looking than you are."
igen,yeah,Igen.,Yeah.
ő | lenni,he | be,Az volt.,He was.
én vagyok | fog; készül valamire | megkapni; megérteni | egy | sör,i'm | gonna | get | a | beer,Hozok egy sört.,I'm gonna get a beer.
te; ön | akarni | egy,you | want | one,Kérsz?,You want one?
igen | fogok | vinni; elvenni | egy,yeah | i'll | take | one,"Igen, kérek egyet.","Yeah, I'll take one."
mikor; amikor | én vagyok | régi; idős,when | i'm | old,Ha nagyobb leszek...,When I'm older...
aha,uh-huh,Aha.,Uh-huh.
én vagyok | fog; készül valamire | tenni | a; az | L | be; bent; -ban; -ben | NFL,i'm | gonna | put | the | l | in | nfl,...én leszek az „L” az NFL-ben.,"...I'm gonna put the ""L"" in NFL."
én | gyűlölni | te; ön | annyira; így | nagyon; sok,i | hate | you | so | much,Annyira utállak.,I hate you so much.
csapat,team,Csapat?,Team?
Broncos,broncos,Broncos.,Broncos.
most | te vagy; ön van | beszélni,now | you're | talk,"Na, így már tetszik.",Now you're talking.
én vagyok | több | -nak; -nek; valaminek a | egy | egyszerű életet kedvelő | fajta; kedves | -nak; -nek; valaminek a | srác; fickó,i'm | more | of | a | simple-life | kind | of | guy,Inkább az egyszerű életet kedvelem.,I'm more of a simple-life kind of guy.
az én | terv | lenni | -hoz; -hez; felé | megkapni; megérteni | összeházasodni | lenni | egy | apa,my | plan | be | to | get | marry | be | a | dad,"Az a tervem, hogy megházasodom és apa leszek.","My plan is to get married, be a dad."
az; ez az | mi | én vagyok | fog; készül valamire | csinálni,that's | what | i'm | gonna | do,Ezt fogom tenni.,That's what I'm gonna do.
egy ideje; miközben | te; ön | menni | le; távol | és | vinni; elvenni | le; lent | Brady,while | you | go | off | and | take | down | brady,Amíg te elmész és legyőzöd Bradyt.,While you go off and take down Brady.
várni,wait,Várj.,Wait.
mi,what,Mi?,What?
mi | lenni | az; hogy,what | be | that,Mi az?,What is that?
mi,what,Mi?,What?
mi | a; az | pokol,what | the | hell,Mi a fene?,What the hell?
mi,what,Mi?,What?
lenni | az; hogy | egy | átkozott | galamb,be | that | a | freakin | pigeon,Az ott egy rohadt galamb?,Is that a freakin' pigeon?
az; hogy,that,Az?,That?
igen,yes,Igen.,Yes.
egy | átkozott | galamb,a | freakin | pigeon,Egy rohadt galamb?,A freakin' pigeon?
az; ez az | az én | baseball | kesztyű,that's | my | baseball | glove,Az az én baseballkesztyűm.,That's my baseball glove.
az; ez az | az én | átkozott | baseball | kesztyű,that's | my | freakin | baseball | glove,Az a rohadt baseballkesztyűm.,That's my freakin' baseball glove.
szent | ó,holy | oh,Szent ég... Ó!,Holy-- Oh!
és | ki | mondani | átkozott | mindenesetre; egyébként,and | who | say | freakin | anyway,"És ki mondja egyáltalán azt, hogy „rohadt”?","And who says ""freakin',"" anyway?"
te vagy; ön van | annyira; így | átkozott | betépett; magas,you're | so | freakin | high,Nagyon be vagy tépve.,You're so freakin' high.
ó | szuper,oh | super,"Ó, remek!","Oh, super!"
Kenna | én | kell; szüksége van | te; ön | rajta; -on; -en; -ön | kettő,kenna | i | need | you | on | two,"Kenna, szükség van rád a kettes asztalnál.","Kenna, I need you on two."
csinálni | te; ön | van neki; birtokolni; kell | becsomagolni; táska; zacskó,do | you | have | bag,Van nálad táska?,Do you have bags?
nem | becsomagolni; táska; zacskó,no | bag,Zacskót nem kérek.,No bags.
csinálni | ő | nézni | mint; kedvelni | engem; nekem,do | she | look | like | me,Hasonlít rám?,Does she look like me?
igen | ő | csinálni,yeah | she | do,De igen.,"Yeah, she does."
mi van; mi a | ő | mint; kedvelni,what's | she | like,Milyen ő?,What's she like?
csinálni | te; ön | gyalogolni; sétálni | -hoz; -hez; felé | dolgozni; munka,do | you | walk | to | work,Gyalog jársz dolgozni?,Do you walk to work?
igen,yeah,Igen.,Yeah.
megkapni; megérteni | egy | esernyő,get | an | umbrella,Van esernyőd?,Got an umbrella?
nem,nope,Nem.,Nope.
te; ön | tudna; lehetne | hívni | egy | Uber,you | could | call | a | uber,Hívhatnál egy Ubert.,You could call a Uber.
csinálni | ők | van neki; birtokolni; kell | Uber | korábban; előtt | te; ön,do | they | have | uber | before | you,"Volt már Uber, mielőtt te...",Did they have Uber before you...
menni | -hoz; -hez; felé | börtön,go | to | prison,Börtönbe került?,Went to prison?
igen,yeah,Igen.,Yeah.
igen | ők | van neki; birtokolni; kell | Uber,yeah | they | have | uber,"Igen, már volt Uber.","Yeah, they had Uber."
még; mozdulatlan | ne; nem | van neki; birtokolni; kell | egy | telefon,still | don't | have | a | phone,Még mindig nincs telefonod.,Still don't have a phone.
bunkó,jerk,Seggfej.,Jerk.
mikor; amikor | a; az | éjszaka; este,when | the | night,Amikor az éj,When the night
a; az | éjszaka; este | van neki; birtokolni; kell | jönni,the | night | have | come,Eljön az éjszaka,The night has come
és | minden | a; az | föld; táj | lenni | sötét,and | all | the | land | be | dark,És az egész föld sötét.,And all the land is dark
és | a; az | hold,and | the | moon,És csak a hold,And the moon
lenni | a; az | csak | fény; könnyű | mi majd | látni,be | the | only | light | we'll | see,"Lesz az egyetlen fény, amit látunk",Is the only light we'll see
nem | én | nem fog | lenni | fél,no | i | won't | be | afraid,"Nem, nem fogok félni.","No, I won't be afraid"
nem | én | nem fog | hullatni | egy | egyetlen; egyedülálló | könny,no | i | won't | shed | a | single | tear,"Nem, egyetlen könnycseppet sem hullatok.","No, I won't shed a single tear"
csak; éppen | mint; ahogy | hosszú | mint; ahogy | te; ön | csak; éppen | mint; ahogy | hosszú | mint; ahogy | te; ön,just | as | long | as | you | just | as | long | as | you,"Amíg te, amíg te","Just as long as you, just as long as you"
állni; kitartani valaki mellett | mellett; által | engem; nekem,stand | by | me,Mellettem állsz,Stand by me
annyira; így | nem fog | te; ön | állni; kitartani valaki mellett,so | won't | you | stand,Hát nem állsz,So won't you stand
mellett; által | engem; nekem,by | me,Mellettem?,By me?
nem fog | te; ön | nem fog | te; ön,won't | you | won't | you,"Nem állsz, nem állsz","Won't you, won't you"
állni; kitartani valaki mellett | mellett; által | engem; nekem | állni; kitartani valaki mellett | mellett; által | engem; nekem,stand | by | me | stand | by | me,"Állj mellém, állj mellém?","Stand by me, stand by me?"
nem fog | te; ön | állni; kitartani valaki mellett,won't | you | stand,Nem állsz mellém...,Won't you stand...
lenni | az; hogy | egy | átkozott | galamb,be | that | a | freakin | pigeon,Az ott egy rohadt galamb?,Is that a freakin' pigeon?
mély; mélyen | -hoz; -hez; felé | a; az | vonal; sor,deep | to | the | line,Mélyen a vonalig...,Deep to the line...
te; ön | rendben,you | okay,Jól vagy?,You okay?
csak; éppen | egy | kicsi; kevés | kicsi; darab | -nak; -nek; valaminek a | eső,just | a | little | bit | of | rain,Csak egy kis eső.,Just a little bit of rain.
te; ön | kell; szüksége van | egy | fuvar; utazás | haza; otthon,you | need | a | ride | home,Hazavigyelek?,You need a ride home?
nem | én vagyok | rendben; jól,no | i'm | fine,"Nem, jól vagyok.","No, I'm fine."
fogok | csak; éppen | várni | ez; az | ki; végig,i'll | just | wait | it | out,"Csak megvárom, amíg eláll.",I'll just wait it out.
ez van; ez az | egy | lassú | éjszaka; este,it's | a | slow | night,Csendes este van.,It's a slow night.
engedni | engem; nekem | adni | te; ön | egy | fuvar; utazás,let | me | give | you | a | ride,Hadd vigyelek el.,Let me give you a ride.
ez van; ez az | rendben; jól,it's | fine,Semmi baj.,It's fine.
minden | rendben; helyes,all | right,Rendben.,All right.
eltörni; megszakítani | az én | szív,break | my | heart,Törd össze a szívem...,Break my heart...
nem | csoda; tűnődni | nem | egy | be; bent; -ban; -ben | itt; tessék,no | wonder | no | one | in | here,"Nem csoda, hogy senki sincs itt.",No wonder no one's in here.
a; az | zene | nyomorult; lehangoló,the | music | miserable,Nyomorúságos ez a zene.,The music's miserable.
én | gondolni | nyomorúság; szenvedés | szeretni; szerelem | társaság,i | think | misery | love | company,"Azt hittem, a nyomorúság szereti a társaságot.",I thought misery loved company.
nyomorúság; szenvedés | szeretni; szerelem | nem | zene | mert | minden | zene | lenni | nyomorult; lehangoló,misery | love | no | music | because | all | music | be | miserable,"A nyomorúság nem szereti a zenét, mert minden zene nyomorúságos.",Misery loves no music because all music is miserable.
de | én | hallani | nyomorúság; szenvedés | szeretni; szerelem | karamell,but | i | hear | misery | love | caramel,"De úgy hallottam, a nyomorúság szereti a karamellt.",But I heard misery loves caramel.
ó | tudna; lehetne | én | megkapni; megérteni | ez; az | be; bent; -ban; -ben | egy | elvitelre | pohár; csésze,oh | could | i | get | it | in | a | to-go | cup,"Ó, kérhetném elviteles pohárban?","Oh, could I get it in a to-go cup?"
ne; nem | lökni; erőltetni | ez; az,don't | push | it,Ne feszítsd túl a húrt.,Don't push it.
még; mozdulatlan | nem | egy | kávé | üzlet; bolt,still | not | a | coffee | shop,Ez továbbra sem kávézó.,Still not a coffee shop.
lenni | te; ön | persze; biztos | te; ön | ne; nem | akarni | egy | fuvar; utazás,be | you | sure | you | don't | want | a | ride,"Biztos, hogy nem szeretnéd, ha elvinnélek?",Are you sure you don't want a ride?
csinálni | te; ön | megmutatni; megjelenni; műsor | fel; fent; várj | -hoz; -hez; felé | az én | bár; kocsma | az; hogy | éjszaka; este | mert | te; ön | akarni | engem; nekem | -hoz; -hez; felé | vezetni; elvezetni | te; ön | -hoz; -hez; felé | őt; neki; az ő,do | you | show | up | to | my | bar | that | night | because | you | want | me | to | lead | you | to | her,"Azért jöttél el aznap este a báromba, mert azt akartad, hogy elvezesselek hozzá?",Did you show up to my bar that night because you wanted me to lead you to her?
nem | én | csak | megmutatni; megjelenni; műsor | fel; fent; várj | mert | ez; az | lenni | a; az | könyvesbolt | Scotty | és | én | szeretni; szerelem,no | i | only | show | up | because | it | be | the | bookstore | scotty | and | i | love,"Nem, csak azért mentem oda, mert ez volt az a könyvesbolt, amelyet Scottyval szerettünk.","No, I only showed up because it was the bookstore Scotty and I loved."
én | van neki; birtokolni; kell | nem | ötlet | ki | te; ön | lenni | amíg | én | hallani | a te; az ön | név | mert | te; ön | lenni | soha | errefelé; körül,i | have | no | idea | who | you | be | until | i | hear | your | name | because | you | be | never | around,"Fogalmam sem volt, ki vagy, amíg meg nem hallottam a nevedet, mert sosem voltál a közelben.","I had no idea who you were until I heard your name, because you were never around."
annyira; így | te vagy; ön van | mondani; elmondani | engem; nekem,so | you're | tell | me,Azt akarod mondani...,So you're telling me...
mi,what,Mi?,What?
Scotty | tudni; ismerni | mi | egy | könyv; lefoglalni | lenni,scotty | know | what | a | book | be,"Scotty tudta, mi az a könyv?",Scotty knew what a book was?
megköszönni | te; ön | neki; számára | a; az | fuvar; utazás,thank | you | for | the | ride,Köszönöm a fuvart.,Thank you for the ride.
és | a; az | karamell,and | the | caramel,És a karamellt.,And the caramel.
csinálni | te; ön | mondani | te vagy; ön van | menni | -hoz; -hez; felé | megkérni a kezét; javasolni,do | you | say | you're | go | to | propose,"Azt mondtad, megkéred a kezét?",Did you say you're going to propose?
te; ön | hallani | engem; nekem | helyes,you | hear | me | correct,Jól hallottál.,You heard me correct.
ne; nem | te; ön | gondolni | ez van; ez az | egy | kicsi; kevés | is; túl | hamarosan,don't | you | think | it's | a | little | too | soon,"Nem gondolod, hogy ez egy kicsit korai?",Don't you think it's a little too soon?
nem,no,Nem.,No.
nem | én | ne; nem | gondolni | ez van; ez az | is; túl | hamarosan,no | i | don't | think | it's | too | soon,"Nem, szerintem nem túl korai.","No, I don't think it's too soon."
én | szeretni; szerelem | őt; neki; az ő,i | love | her,Szeretem.,I love her.
én vagyok | fog; készül valamire | kérdezni; kérni | őt; neki; az ő | rajta; -on; -en; -ön | az én | születésnap | és | én | akarni | te; ön | -hoz; -hez; felé | lenni | ott; tessék,i'm | gonna | ask | her | on | my | birthday | and | i | want | you | to | be | there,"A születésnapomon megkérem a kezét, és szeretném, ha ott lennél.","I'm gonna ask her on my birthday, and I want you to be there."
rendben,okay,Rendben?,Okay?
hé; szia | huszonhét,hey | two-seven,"Hé, huszonhetes.","Hey, two-seven."
gyerünk; csináljuk | csinálni; készíteni; elkövetni | mozogni; költözni,let's | make | move,Induljunk.,Let's make moves.
Ledge,ledge,Ledge.,Ledge.
hé; szia | hé; szia,hey | hey,"Hé, hé.","Hey, hey."
ígérni; ígéret | engem; nekem,promise | me,Ígérd meg.,Promise me.
te vagy; ön van | fog; készül valamire | szeretni; szerelem | őt; neki; az ő,you're | gonna | love | her,Imádni fogod.,You're gonna love her.
én | ígérni; ígéret | fogok | lenni | ott; tessék,i | promise | i'll | be | there,"Ígérem, ott leszek.",I promise I'll be there.
én | megkapni; megérteni | -hoz; -hez; felé | futni; mennie kell | minden | rendben; helyes,i | get | to | run | all | right,"Mennem kell, rendben?","I got to run, all right?"
minden | rendben; helyes,all | right,Rendben.,All right.
szia; viszlát,bye,Szia.,Bye.
mit; mi történt | te; ön | mondani,what'd | you | say,Mit mondtál?,What'd you say?
mi | lenni | te; ön | csinálni,what | be | you | do,Mit csinálsz?,What are you doing?
dolgozni; munka,work,Dolgozom.,Working.
nem | te vagy; ön van | nem,no | you're | not,"Nem, nem mész.","No, you're not."
te vagy; ön van | ital; inni | egy | szénsavas üdítő,you're | drink | a | soda,Üdítőt iszol.,You're drinking a soda.
mi | csinálni | te; ön | tudni; ismerni | -ról; -ről; körülbelül | dolgozni; munka,what | do | you | know | about | work,Mit tudsz te a munkáról?,What do you know about work?
hogyan | sok | munka | van neki; birtokolni; kell | te; ön | van neki; birtokolni; kell,how | many | job | have | you | have,Hány munkahelyed volt már?,How many jobs have you had?
én vagyok | egy | gyerek,i'm | a | kid,Gyerek vagyok!,I'm a kid!
és | mi | lenni | te; ön | fel; fent; várj | -hoz; -hez; felé | gyerek,and | what | be | you | up | to | kid,"És te miben sántikálsz, kölyök?","And what are you up to, kid?"
menni | élelmiszer | üzlet; bolt | -val; -vel | nagyi,go | grocery | shop | with | nana,Megyek bevásárolni Nanával.,Going grocery shopping with Nana.
ó | igen,oh | yeah,"Ó, igen?","Oh, yeah?"
mi | üzlet,what | store,Melyik boltba?,What store?
mi | Diem,what | diem,Mi a... Diem!,What s-- Diem!
mi | lenni | mi | fog; készül valamire | megkapni; megérteni | rajta; -on; -en; -ön | a mi | gyümölcs | tál | sajt,what | be | we | gonna | get | on | our | fruit | platter | cheese,Mit teszünk a gyümölcstálra? – Sajtot.,What are we gonna get on our fruit platter? -Cheese.
sajt | rajta; -on; -en; -ön | a mi | gyümölcs | tál,cheese | on | our | fruit | platter,Sajt a gyümölcstálunkon?,Cheese on our fruit platter?
Grace; kegyelem,grace,Grace!,Grace!
Ledger,ledger,Ledger!,Ledger!
fogni; tartani | fel; fent; várj,hold | up,Várj!,Hold up!
fogni; tartani | fel; fent; várj | fogni; tartani | fel; fent; várj,hold | up | hold | up,"Várj, várj.","Hold up, hold up."
mi,what,Mi?,What?
megkapni; megérteni | őt; neki; az ő | vissza | -hoz; -hez; felé | a; az | autó,get | her | back | to | the | car,Vidd vissza a kocsihoz.,Get her back to the car.
most,now,Most.,Now.
jönni | rajta; -on; -en; -ön,come | on,Gyere már.,Come on.
jönni | rajta; -on; -en; -ön,come | on,Gyere már.,Come on.
jönni | rajta; -on; -en; -ön,come | on,Gyere már.,Come on.
én | tud/képes | gyalogolni; sétálni | te; ön | tudni; ismerni,i | can | walk | you | know,"Tudok járni, tudod.","I can walk, you know."
Grace; kegyelem,grace,Grace!,Grace!
Grace; kegyelem | kérem; kérlek,grace | please,"Grace, kérlek!","Grace, please!"
kérem; kérlek,please,Kérlek!,Please!
miért | csinálni | te; ön | csinálni | az; hogy,why | do | you | do | that,Miért tetted ezt?!,Why did you do that?!
miért | a; az | pokol | csinálni | te; ön | csinálni | az; hogy,why | the | hell | do | you | do | that,Mi a fenéért tetted ezt?!,Why the hell did you do that?!
minden | rendben,everything | okay,Minden rendben?,Everything okay?
csak; éppen | menni,just | go,Csak menj.,Just go.
te; ön | kell; szüksége van | -hoz; -hez; felé | vinni; elvenni | néhány; valamennyi | idő,you | need | to | take | some | time,Szükséged van egy kis időre?,You need to take some time?
én vagyok | sajnálom,i'm | sorry,Sajnálom.,I'm sorry.
én,i,Én...,I...
fogok | elintézni; foglalkozni vele | -val; -vel | őt; neki,i'll | deal | with | him,Majd én elintézem.,I'll deal with him.
fogok | látni | te; ön | holnap,i'll | see | you | tomorrow,Holnap találkozunk.,I'll see you tomorrow.
rendben,okay,Rendben.,Okay.
megköszönni | te; ön,thank | you,Köszönöm.,Thank you.
Kenna,kenna,Kenna!,Kenna!
Kenna,kenna,Kenna.,Kenna.
megkapni; megérteni | be; bent; -ban; -ben,get | in,Szállj be.,Get in.
Kenna,kenna,Kenna.,Kenna.
tud/képes | mi | beszélni,can | we | talk,Beszélhetünk?,Can we talk?
másik | anya | mondani; elmondani | engem; nekem | mi | ez; az | volna; tenne | lenni | mint; kedvelni,other | mother | tell | me | what | it | would | be | like,"Más anyák mesélték, milyen lesz.",Other mothers told me what it would be like.
szeretnék; én ...nék | lenni | vinni; elvenni | -hoz; -hez; felé | a; az | kórház | -hoz; -hez; felé | adni | szülés; születés | és | az; hogy | én | volna; tenne | megkapni; megérteni | kettő | nap | -val; -vel | őt; neki; az ő,i'd | be | take | to | the | hospital | to | give | birth | and | that | i | would | get | two | day | with | her,"Úgy volt, hogy bevisznek a kórházba szülni, és két napot tölthetek vele.",I'd be taken to the hospital to give birth and that I would get two days with her.
kettő | teljes; egész | nap | csak; éppen | engem; nekem | és | őt; neki; az ő,two | whole | day | just | me | and | her,"Két teljes nap, csak ketten, ő és én.","Two whole days, just me and her."
ez; az | lenni | a; az | csak | dolog | én | van neki; birtokolni; kell | -hoz; -hez; felé | nézni | előre | -hoz; -hez; felé,it | be | the | only | thing | i | have | to | look | forward | to,"Ez volt az egyetlen dolog, amit várhattam.",It was the only thing I had to look forward to.
de | ő | lenni | született | korán; korai,but | she | be | born | early,De koraszülött volt.,But she was born early.
öö | hat | hét,um | six | week,"Öö, hat héttel.","Um, six weeks."
én | ne; nem | tudni; ismerni | ha | te; ön | tudni; ismerni | az; hogy,i | don't | know | if | you | know | that,"Nem tudom, tudtad-e ezt.",I don't know if you knew that.
őt; neki; az ő | tüdő | nem voltak | teljesen | kifejlődni; fejleszteni | annyira; így | ők | siettetni; rohanni | őt; neki; az ő | -hoz; -hez; felé | a; az | újszülött intenzív osztály,her | lung | weren't | fully | develop | so | they | rush | her | to | the | nicu,"A tüdeje még nem fejlődött ki teljesen, ezért az újszülött intenzív osztályra vitték.","Her lungs weren't fully developed, so they rushed her to the NICU."
egy ideje; miközben | én | van neki; birtokolni; kell | -hoz; -hez; felé | tölteni; költeni | azok | kettő | nap | egyedül,while | i | have | to | spend | those | two | day | alone,Nekem pedig azt a két napot egyedül kellett töltenem.,While I had to spend those two days alone.
én | soha | megkapni; megérteni | -hoz; -hez; felé | fogni; tartani | őt; neki; az ő,i | never | get | to | hold | her,Soha nem tarthattam a karomban.,I never got to hold her.
Kenna | én,kenna | i,"Kenna, én...","Kenna, I..."
kérem; kérlek | ne; nem,please | don't,"Kérlek, ne.",Please don't.
ez; az | lenni | buta | -hoz; -hez; felé,it | be | stupid | to,Ostobaság volt...,It was stupid to...
feltételezni | az; hogy | ők | volna; tenne | csak; éppen | engedni | engem; nekem | lenni | egy | rész | -nak; -nek; valaminek a | őt; neki; az ő | élet,assume | that | they | would | just | let | me | be | a | part | of | her | life,"Azt feltételezni, hogy csak úgy megengedik, hogy része legyek az életének.",assume that they would just let me be a part of her life.
én | nem ...t | jönni | itt; tessék | mert | én | gondolni | az; hogy | én | megérdemelni | őt; neki; az ő,i | didn't | come | here | because | i | think | that | i | deserve | her,"Nem azért jöttem ide, mert úgy gondolom, hogy megérdemlem őt.",I didn't come here because I think that I deserve her.
de | Isten | én | csak; éppen,but | god | i | just,"De istenem, én csak...","But, God, I just..."
én | akarni | -hoz; -hez; felé | találkozni; megismerni | a; az | ember | az; hogy,i | want | to | meet | the | human | that,"Találkozni akarok azzal az emberrel, aki...",I want to meet the human that...
az; hogy | Scotty | és | én | csinálni; készíteni; elkövetni,that | scotty | and | i | make,...akit Scottyval együtt hoztunk a világra.,...that Scotty and I made.
hangya | be; bent; -ban; -ben | az én | nadrág | csinálni; készíteni; elkövetni | az én | has | gomb; köldök | táncolni,ant | in | my | pant | make | my | belly | button | dance,"Hangyák vannak a gatyámban, táncol tőlük a köldököm.",Ants in my pants make my belly button dance.
a te; az ön | fordulni; sor | Ledger,your | turn | ledger,"Te jössz, Ledger.","Your turn, Ledger."
mondani | hangya | be; bent; -ban; -ben | az én | nadrág | csinálni; készíteni; elkövetni | az én | has | gomb; köldök | táncolni,say | ant | in | my | pant | make | my | belly | button | dance,"Mondd: „Hangya mászik a gatyámban, táncot jár a köldököm.”","Say, ""Ants in my pants make my belly button dance."""
minden | rendben; helyes,all | right,Rendben.,All right.
hangya | be; bent; -ban; -ben | az én | nadrág | csinálni; készíteni; elkövetni | az én | has | ez van; ez az | egy | jó; jól | dolog | az; hogy | én | csinálni; készíteni; elkövetni | te; ön,ant | in | my | pant | make | my | belly | it's | a | good | thing | that | i | make | you,"Hangya mászik a gatyámban, a köldököm... – Még jó, hogy rávettem, hogy...",Ants in my pants make my belly... - It's a good thing that I made you...
csinálni; készíteni; elkövetni | te; ön | ellenőrizni | a te; az ön | has | gomb; köldök | rendben; helyes,make | you | check | your | belly | button | right,Ugye megnézted a köldöködet?,"made you check your belly button, right?"
ó,oh,Ó.,Oh.
hűha,whoa,Hűha.,Whoa.
mi | te; ön | csinálni,what | you | do,Mit csinálsz?,What you doing?
minden | rendben; helyes,all | right,Rendben.,All right.
ó,oh,Ó!,Oh!
ne; nem | elesni; esni,don't | fall,Ne ess el.,Don't fall.
hm,mmm,Mmm.,Mmm.
ó; jaj,aw,Jaj.,Aw.
ő; ő van | csodálatos,she's | amazing,Csodálatos.,She's amazing.
megköszönni | te; ön,thank | you,Köszönöm.,Thank you.
igen,yeah,Igen.,Yeah.
ez van; ez az | egy | jó; jól | dolog | az; hogy | én | csinálni; készíteni; elkövetni | te; ön,it's | a | good | thing | that | i | make | you,"Még jó, hogy rávettem, hogy...",It's a good thing that I made you...
csinálni; készíteni; elkövetni | te; ön | ellenőrizni | a te; az ön | has | gomb; köldök | rendben; helyes,make | you | check | your | belly | button | right,"...megnézd a köldöködet, igaz? –","made you check your belly button, right? -"
tud/képes | én | kérdezni; kérni | te; ön | valami,can | i | ask | you | something,Kérdezhetek valamit?,Can I ask you something?
csinálni | te; ön | gyűlölni | engem; nekem,do | you | hate | me,Gyűlölsz engem?,Do you hate me?
te; ön | tudni; ismerni | a; az,you | know | the,"Tudod, az...","You know, the..."
másik | éjszaka; este | mikor; amikor | mi | találkozni; megismerni | -nál; -nél | a; az | bár; kocsma | én | gondolni | te; ön | lenni | én | ne; nem | tudni; ismerni | érdekes; izgalmas,other | night | when | we | meet | at | the | bar | i | think | you | be | i | don't | know | intriguing,"Amikor a minap találkoztunk a bárban, azt gondoltam rólad, hogy... nem is tudom, érdekes vagy.","other night when we met at the bar, I thought you were, I don't know, intriguing."
akkor; aztán | a; az | következő | nap | be; bent; -ban; -ben | eleje; előtt | -nak; -nek; valaminek a | Patrick | és | Grace; kegyelem | én,then | the | next | day | in | front | of | patrick | and | grace | i,Aztán másnap Patrick és Grace háza előtt én...,"Then the next day in front of Patrick and Grace's, I..."
gondolni | te; ön | lenni | a; az | rossz | ember | valaha,think | you | be | the | bad | person | ever,"...azt hittem, te vagy a világ legrosszabb embere.",...thought you were the worst person ever.
és | mi | -ról; -ről; körülbelül | most,and | what | about | now,És most?,And what about now?
most,now,Most...,Now...
én vagyok | kezdeni | -hoz; -hez; felé | csoda; tűnődni | ha | te vagy; ön van | a; az | szomorú | lány | nekem van; én már | valaha | találkozni; megismerni,i'm | start | to | wonder | if | you're | the | sad | girl | i've | ever | meet,"...kezdem azt hinni, hogy te vagy a legszomorúbb lány, akivel valaha találkoztam.",I'm starting to wonder if you're the saddest girl I've ever met.
minden | -nak; -nek; valaminek a | a; az | fent; a fentiek | én | kitalálni; gondolni,all | of | the | above | i | guess,"Azt hiszem, mindegyik.","All of the above, I guess."
igen | mi | kellene | öö,yeah | we | should | uh,"Igen, szerintem, ööö...","Yeah, we should, uh..."
fogok | vinni; elvenni | a; az,i'll | take | the,Én kérem a...,I'll take the...
lenni | te; ön | csinálni | -val; -vel | az; hogy,be | you | do | with | that,Befejezted?,Are you done with that?
ez; az | nem volt | egy | jó; jól | nézni | te; ön | tudni; ismerni,it | wasn't | a | good | look | you | know,"Nem festettél valami jól, tudod.","It wasn't a good look, you know."
öö | -hoz; -hez; felé | az ő; övé | szülő | -hoz; -hez; felé | a; az | megítélni; bíró | -hoz; -hez; felé | bárki | be; bent; -ban; -ben | az; hogy | tárgyalóterem,uh | to | his | parent | to | the | judge | to | anybody | in | that | courtroom,"Öö, a szüleinek, a bírónak, bárkinek abban a tárgyalóteremben.","Uh, to his parents, to the judge, to anybody in that courtroom."
ők | mondani; elmondani | engem; nekem | te; ön | csak; éppen | tűnni | annyira; így,they | tell | me | you | just | seem | so,"Azt mondták, olyan...",They told me you just seemed so...
én | tűnni | annyira; így | mi,i | seem | so | what,Milyennek tűntem?,I seemed so what?
megbánást nem tanúsító,unremorseful,Bűnbánat nélkülinek.,Unremorseful.
megbánást nem tanúsító,unremorseful,Megbánást nem mutató?,Unremorseful?
én | lenni | eltörni; megszakítani,i | be | break,Össze voltam törve.,I was broken.
Scotty | lenni | a; az | közel; közeli | dolog | -hoz; -hez; felé | egy | haza; otthon | az; hogy | én | valaha | van neki; birtokolni; kell,scotty | be | the | close | thing | to | a | home | that | i | ever | have,"Scotty állt a legközelebb ahhoz, hogy valaha is otthonom legyen.",Scotty was the closest thing to a home that I ever had.
néha | én | megkapni; megérteni | a; az | késztetés | -hoz; -hez; felé | vinni; elvenni | őt; neki; az ő,sometimes | i | get | the | urge | to | take | her,"Néha késztetést érzek rá, hogy magammal vigyem.",Sometimes I get the urge to take her.
te; ön | tudni; ismerni,you | know,Érted?,You know?
de | nyilvánvalóan | én vagyok | nem | fog; készül valamire | csinálni | az; hogy,but | obviously | i'm | not | gonna | do | that,De nyilván nem fogom ezt tenni.,But obviously I'm not gonna do that.
én | csak; éppen | akarni | -hoz; -hez; felé | bizonyítani | -hoz; -hez; felé | Grace; kegyelem | és | Patrick | az; hogy | én vagyok | felelősségteljes; felelős,i | just | want | to | prove | to | grace | and | patrick | that | i'm | responsible,"Csak... be akarom bizonyítani Grace-nek és Patricknek, hogy felelősségteljes vagyok.",I... just want to prove to Grace and Patrick that I'm responsible.
nos; jól | én | akarni | -hoz; -hez; felé | lenni | kész | neki; számára | mikor; amikor | ők | engedni | engem; nekem | találkozni; megismerni | őt; neki; az ő,well | i | want | to | be | ready | for | when | they | let | me | meet | her,"Szeretnék készen állni arra, amikor megengedik, hogy találkozzam vele.","Well, I want to be ready for when they let me meet her."
és | mi | ha | az; hogy | nap | nem ...ik | jönni,and | what | if | that | day | doesn't | come,És ha az a nap sosem jön el?,And what if that day doesn't come?
nos; jól | én | van neki; birtokolni; kell | -hoz; -hez; felé | élni | be; bent; -ban; -ben | remélni; remény | az; hogy | ez; az | fog,well | i | have | to | live | in | hope | that | it | will,"Abban a reményben kell élnem, hogy eljön.","Well, I have to live in hope that it will."
de | én | tud/képes | öö | alig | fizetni | az én | bérelni; bérleti díj,but | i | can | uh | barely | pay | my | rent,De még a lakbéremet is alig tudom kifizetni.,"But I can, uh, barely pay my rent."
igen,yeah,Igen.,Yeah.
öö,um,Ööö...,Um...
mi | ha | te; ön | jönni | és | dolgozni; munka | neki; számára | engem; nekem,what | if | you | come | and | work | for | me,"Mi lenne, ha nekem dolgoznál?",What if you come and work for me?
neki; számára | te; ön,for | you,Neked?,For you?
péntek | és | szombat,friday | and | saturday,Péntekenként és szombatonként.,Fridays and Saturdays.
öö | nyilvánvalóan | be; bent; -ban; -ben | a; az | vissza,um | obviously | in | the | back,"Öö, nyilván hátul.","Um, obviously in the back."
az; hogy | út; mód | nem | egy | van neki; birtokolni; kell | -hoz; -hez; felé | tudni; ismerni,that | way | no | one | have | to | know,Így senkinek sem kell megtudnia.,"That way, no one has to know."
lenni | te; ön | lenni | komoly,be | you | be | serious,Ezt komolyan mondod?,Are you being serious?
igen,yes,Igen.,Yes.
rendben,okay,Rendben.,Okay.
hé; szia | jönni | -nál; -nél | rajta; -on; -en; -ön | péntek,hey | come | at | on | friday,Gyere pénteken négyre.,"Hey, come at 4:00 on Friday."
te; ön | jó; jól | megkapni; megérteni | fel; fent; várj | neki; számára | a te; az ön | anya,you | good | get | up | for | your | mama,Fel kell kelned az anyukádért,You better get up for your mama
te; ön | jó; jól | megfogni; elhozni | a; az | jó; jól | -nak; -nek; valaminek a | a te; az ön | élet,you | good | grab | the | good | of | your | life,Ragadd meg életed legjavát,You better grab the best of your life
én | tudni; ismerni | te vagy; ön van | kész,i | know | you're | ready,"Tudom, hogy készen állsz",I know you're ready
-hoz; -hez; felé | megkapni; megérteni | régi; idős,to | get | old,"Arra, hogy felnőj",To get older
mindenesetre,anyhow,Mindegy...,Anyhow...
beteg; elege van | -nak; -nek; valaminek a | van neki; birtokolni; kell | ez | beszélgetés | -val; -vel | te; ön,sick | of | have | this | conversation | with | you,Elegem van ebből a beszélgetésből.,Sick of having this conversation with you.
te; ön | csinálni | semmi | de | panaszkodni | és | panaszkodni,you | do | nothing | but | complain | and | complain,"Semmi mást nem csinálsz, csak panaszkodsz és panaszkodsz.",You do nothing but complain and complain.
te; ön | nem tud | kilakoltatni | engem; nekem | neki; számára | csinálni; készíteni; elkövetni | művészet,you | can't | evict | me | for | make | art,"Nem lakoltathatsz ki azért, mert művészetet alkotok.",You can't evict me for making art.
villany; elektromos | gitár | -nál; -nél | éjfél | nem; nincs | művészet,electric | guitar | at | midnight | isn't | art,Az éjféli elektromos gitározás nem művészet.,Electric guitar at midnight isn't art.
ez van; ez az | egy | megszegés; szabálysértés | -nak; -nek; valaminek a | a te; az ön | bérleti szerződés,it's | a | violation | of | your | lease,Ez megsérti a bérleti szerződésedet.,It's a violation of your lease.
én | nem ...t | aláírni; jel | egy | bérleti szerződés,i | didn't | sign | a | lease,Nem írtam alá bérleti szerződést.,I didn't sign a lease.
csinálni | te; ön | aláírni; jel | bármi | mikor; amikor | te; ön | mozogni; költözni | be; bent; -ban; -ben,do | you | sign | anything | when | you | move | in,"Aláírtál valamit, amikor beköltöztél?",Did you sign anything when you moved in?
te; ön | elhagyni; békén hagyni | őt; neki; az ő | ki; végig | -nak; -nek; valaminek a | ez; az | Doug,you | leave | her | out | of | it | doug,"Őt hagyd ki ebből, Doug.","You leave her out of it, Doug."
ő | vinni; elvenni | egy | kiscica,she | take | a | kitten,Elvitt egy kiscicát.,She took a kitten.
a; az | szabály | ne; nem | vonatkozni; jelentkezni,the | rule | don't | apply,A szabályok nem érvényesek.,The rules don't apply.
mint; ahogy | hosszú | mint; ahogy | én | tartani; figyelni | fizetni | az én | bérelni; bérleti díj | én vagyok | fog; készül valamire | tartani; figyelni | játszani | az én | gitár,as | long | as | i | keep | pay | my | rent | i'm | gonna | keep | play | my | guitar,"Amíg fizetem a lakbért, addig gitározni is fogok.","As long as I keep paying my rent, I'm gonna keep playing my guitar."
talán | ha | te; ön | játszani | valami | ő | mint; kedvelni | ő | nem fog | megkapni; megérteni | mint; ahogy | dühös,maybe | if | you | play | something | she | like | she | won't | get | as | mad,"Talán ha olyat játszol, amit szeret, nem lesz annyira mérges.","Maybe if you play something she likes, she won't get as mad."
ő | lenni | született | dühös,she | be | born | mad,Már dühösen született.,She was born mad.
én | mint; kedvelni | a; az | ukulele,i | like | the | ukulele,Szeretem az ukulelét!,I like the ukulele!
te; ön | volna; tenne,you | would,"Persze, hogy szereted.",You would.
és | fordulni; sor | és | fordulni; sor | -nál; -nél | éjszaka; este,and | turn | and | turn | at | night,És csak forgolódsz éjszaka?,And turn and turn at night?
és | lenni | te; ön | fogni; tartani,and | be | you | hold,És kapaszkodsz,And are you holding
fogni; tartani | rajta; -on; -en; -ön | annyira; így | szorosan; tarts ki,hold | on | so | tight,Olyan erősen kapaszkodsz?,Holding on so tight?
hé; szia | én vagyok | Kenna,hey | i'm | kenna,"Szia, Kenna vagyok.","Hey, I'm Kenna."
öö | jelentkezni; jelenteni | neki; számára | szolgálat; kötelesség,uh | report | for | duty,"Öö, szolgálatra jelentkezem.","Uh, reporting for duty."
én vagyok | sajnálom | én | elfelejteni | -hoz; -hez; felé | mondani; elmondani | te; ön,i'm | sorry | i | forget | to | tell | you,"Sajnálom, elfelejtettem szólni.","I'm sorry, I forgot to tell you."
ő; ő van | fog; készül valamire | segíteni; segítség | minket; nekünk | ki; végig | be; bent; -ban; -ben | a; az | vissza,she's | gonna | help | us | out | in | the | back,Hátul fog nekünk segíteni.,She's gonna help us out in the back.
öö,um,Ööö...,Um...
öö | ez | lenni | Roman,uh | this | be | roman,Ő Roman.,"Uh, this is Roman."
öö,um,Ööö...,Um...
rendben,okay,Rendben.,Okay.
öö | váratlan,uh | unexpected,"Öö, erre nem számítottam.","Uh, unexpected."
öö | csinálni | te; ön | csinálni | te; ön | tudni; ismerni | hogyan | -hoz; -hez; felé | mosogatni; mosni | edény; fogás,um | do | you | do | you | know | how | to | wash | dish,"Öö, tudsz... tudsz mosogatni?","Um, do you... do you know how to wash dishes?"
hat | év | tapasztalat,six | year | experience,Hat év tapasztalatom van.,Six years' experience.
rendben,okay,Rendben.,Okay.
én vagyok | nem,i'm | not,Én nem...,I'm not...
én vagyok | nem | fog; készül valamire | kérdezni; kérni | te; ön | -hoz; -hez; felé | részletezni | rajta; -on; -en; -ön | az; hogy,i'm | not | gonna | ask | you | to | elaborate | on | that,"Nem fogom kérni, hogy ezt részletezd.",I'm not gonna ask you to elaborate on that.
én vagyok | sajnálom | én | megkapni; megérteni | -hoz; -hez; felé | menni,i'm | sorry | i | get | to | go,"Sajnálom, mennem kell.","I'm sorry, I got to go."
öö | tud/képes | te; ön | megmutatni; megjelenni; műsor | őt; neki; az ő | errefelé; körül,um | can | you | show | her | around,Körbevezetnéd?,"Um, can you show her around?"
fogok | lenni | vissza,i'll | be | back,Visszajövök.,I'll be back.
követni | engem; nekem,follow | me,Kövess.,Follow me.
ez | út; mód,this | way,Erre.,This way.
rendben,okay,Rendben.,Okay.
igen | mikor; amikor | te vagy; ön van | adni | engem; nekem | szeretni; szerelem,yeah | when | you're | give | me | love,"Igen, amikor szeretsz engem...","Yeah, when you're giving me love..."
hűha,wow,Hűha.,Wow.
én | még nem; nem ...tam | látni | ez | padló | be; bent; -ban; -ben | egy | rohadt hosszú | idő,i | haven't | see | this | floor | in | a | long-ass | time,Rohadt rég nem láttam ezt a padlót.,I haven't seen this floor in a long-ass time.
vagy | az én | cipő | neki; számára | az; hogy | ügy; ami azt illeti,or | my | shoe | for | that | matter,Ahogy a cipőimet sem.,"Or my shoes, for that matter."
öö | csinálni | te; ön | akarni | egy | ital; inni,uh | do | you | want | a | drink,Kérsz valamit inni?,"Uh, do you want a drink?"
igen,yeah,Igen.,Yeah.
rendben,okay,Rendben.,Okay.
megköszönni | te; ön,thank | you,Köszönöm.,Thank you.
hú,whew,Hú!,Whew!
ó | férfi; ember,oh | man,"Jaj, ne.","Oh, man."
tud/képes | én | kérdezni; kérni | te; ön | valami,can | i | ask | you | something,Kérdezhetek valamit?,Can I ask you something?
aha,mm-hmm,Aha.,Mm-hmm.
ki | lenni | ez | öö | Leah,who | be | this | uh | leah,Ki ez a Leah?,"Who is this, uh, Leah?"
Leah | lenni | Ledger | volt menyasszony,leah | be | ledger | ex-fiancee,Leah Ledger volt menyasszonya.,Leah is Ledger's ex-fiancée.
ők | eltörni; megszakítani | fel; fent; várj | -ról; -ről; körülbelül | egy | év | ezelőtt,they | break | up | about | a | year | ago,Körülbelül egy éve szakítottak.,They broke up about a year ago.
hűha,wow,Hűha.,Wow.
én | van neki; birtokolni; kell | nem | ötlet,i | have | no | idea,Fogalmam sem volt.,I had no idea.
ő | akarni | -hoz; -hez; felé | lenni | a; az | csak | lány | be; bent; -ban; -ben | az ő; övé | élet,she | want | to | be | the | only | girl | in | his | life,Ő akart lenni az egyetlen lány az életében.,She wanted to be the only girl in his life.
ő | megcsalni; csalni,he | cheat,Megcsalta?,He cheated?
nem,no,Nem.,No.
ő | lenni | féltékeny | -nak; -nek; valaminek a | Diem,she | be | jealous | of | diem,Féltékeny volt Diemre.,She was jealous of Diem.
Diem | mint; kedvelni | az ő; övé | afféle; ál- | unokahúg,diem | like | his | pseudo | niece,"Diem olyan neki, mint egy afféle unokahúg.",Diem's like his-his pseudo niece.
ez van; ez az | nehéz; kemény | -hoz; -hez; felé | megmagyarázni,it's | hard | to | explain,Nehéz elmagyarázni.,It's hard to explain.
de | ő | lenni | reménytelenül | odaadó | -hoz; -hez; felé | az; hogy | kicsi; kevés | lány,but | he | be | hopelessly | devoted | to | that | little | girl,De reménytelenül ragaszkodik ahhoz a kislányhoz.,But he is hopelessly devoted to that little girl.
várni; lógni | ki; végig | -nál; -nél | az én | hely | valamikor,hang | out | at | my | place | sometime,...találkozhatnánk nálam valamikor?,...hang out at my place sometime?
ez van; ez az | az én | harmadik,it's | my | third,Ez már a harmadik.,It's my third.
mikor; amikor | te; ön | találkozni; megismerni | az én | férj | te majd | tudni; ismerni | miért,when | you | meet | my | husband | you'll | know | why,"Ha találkozol a férjemmel, megérted, miért.","When you meet my husband, you'll know why."
ő; ő van | egy | villám | rúd,he's | a | lightning | rod,Villámhárítóként vonzza a bajt.,He's a lightning rod.
Kenna | van neki; birtokolni; kell | forradalmasítani | ez | hely,kenna | have | revolutionize | this | place,Kenna forradalmasította ezt a helyet.,Kenna has revolutionized this place.
és | ő | megtalálni | a; az | hideg; fázik | patak | rendelés; sorrend,and | she | find | the | cold | creek | order,És megtalálta a Cold Creek rendelést.,And she found the Cold Creek order.
ó,oh,Ó.,Oh.
ez | lenni | jó; jól,this | be | good,Ez jó.,This is good.
ez | lenni | nagyszerű | valójában,this | be | great | actually,Ez tulajdonképpen nagyszerű.,"This is great, actually."
köszönöm,thanks,Köszönöm.,Thanks.
Roman | én vagyok | elhagyni; békén hagyni | te; ön | -hoz; -hez; felé | közel; közeli,roman | i'm | leave | you | to | close,"Roman, rád bízom a zárást.","Roman, I'm leaving you to close."
az; hogy | menő; rendben,that | cool,Így jó?,That cool?
igen,yep,Aha.,Yep.
öö | kell; szüksége van | egy | fuvar; utazás | haza; otthon,uh | need | a | ride | home,Haza kell vinni?,"Uh, need a ride home?"
igen | persze; biztos,yeah | sure,"Igen, köszönöm.","Yeah, sure."
hogyan | jönni | őt; neki; az ő | munka | jönni | -val; -vel | juttatás; előny,how | come | her | job | come | with | perk,Az ő munkájához miért járnak kiváltságok?,How come her job comes with perks?
látni | te; ön | srác; fickó,see | you | guy,"Sziasztok, srácok.","See you, guys."
ő | valaha | adni | te; ön | egy | fuvar; utazás | haza; otthon,he | ever | give | you | a | ride | home,Szokott hazavinni?,He ever give you a ride home?
nem,no,Nem.,No.
csinálni | ő | valaha | kérdezni; kérni | -ról; -ről; körülbelül | engem; nekem,do | she | ever | ask | about | me,Szokott rólam kérdezni?,Does she ever ask about me?
ő | nem ...ik | tényleg; igazán | megérteni | család | dinamika | még | annyira; így | ő | nem ...ik | tényleg; igazán | gondolni | bárki | hiányolni; lemaradni | -ból; -ből; -tól; -től | őt; neki; az ő | élet,she | doesn't | really | understand | family | dynamic | yet | so | she | doesn't | really | think | anyone | miss | from | her | life,"Még nem igazán érti a családi viszonyokat, ezért nem is érzi úgy, hogy bárki hiányozna az életéből.","She doesn't really understand family dynamics yet, so she doesn't really think anyone's missing from her life."
rendben; helyes | most | ő | gondolni | te vagy; ön van | nem | be; bent; -ban; -ben | őt; neki; az ő | élet | mert | a te; az ön | autó | nem | nagy | elég,right | now | she | think | you're | not | in | her | life | because | your | car | not | big | enough,"Most azt hiszi, azért nem vagy az életében, mert nem elég nagy az autód.","Right now, she thinks you're not in her life because your car's not big enough."
mi,what,Mi?,What?
igen | én | tudni; ismerni,yeah | i | know,"Igen, tudom.","Yeah, I know."
ez van; ez az | öö | ez van; ez az | egy | hosszú | történet,it's | uh | it's | a | long | story,Ez... hosszú történet.,"It's, uh... it's a long story."
tud/képes | te; ön | mondani; elmondani | engem; nekem | mi | ő; ő van | mint; kedvelni,can | you | tell | me | what | she's | like,"Elmesélnéd, milyen ő?",Can you tell me what she's like?
ő | szeretni; szerelem | állat,she | love | animal,Imádja az állatokat.,She loves animals.
különösen | kutya,especially | dog,Különösen a kutyákat.,Especially dogs.
ő | gyűlölni | földimogyoró | vaj | de | szeretni; szerelem | hó | tölcsér,she | hate | peanut | butter | but | love | snow | cone,"Utálja a mogyoróvajat, de imádja a jégkását.",She hates peanut butter but loves snow cones.
és | ő,and | she,És ő...,And she...
ő | van neki; birtokolni; kell | egy | tüzes | lelkület; szellem,she | have | a | fiery | spirit,Tüzes a természete.,she has a fiery spirit.
csak; éppen | mint; kedvelni | te; ön,just | like | you,"Pont, mint te.",Just like you.
én vagyok | sajnálom | -ról; -ről; körülbelül | öö,i'm | sorry | about | uh,"Sajnálom, ami, ööö...","I'm sorry about, uh..."
lenni | ez; az | Leah,be | it | leah,"Leah, ugye?",is it Leah?
hűha,wow,Hűha.,Wow.
Mary | Anne | dolgozni; munka | gyors; gyorsan,mary | anne | work | fast,Mary Anne gyorsan dolgozik.,Mary Anne works fast.
hm,mm,Hm.,Mm.
-hoz; -hez; felé | lenni | méltányos; igazságos | öö | én | tanulni | legtöbb; leginkább | -nak; -nek; valaminek a | az én | információ | -ból; -ből; -tól; -től | Scotty,to | be | fair | um | i | learn | most | of | my | info | from | scotty,"Az igazság kedvéért, a legtöbb információt Scottytól tudom.","To be fair, um, I learned most of my info from Scotty."
ó | igen,oh | yeah,"Ó, igen?","Oh, yeah?"
mint; kedvelni | mi,like | what,Például mit?,Like what?
nos; jól | én | tudni; ismerni | az; hogy | te; ön | mindkettő | sírni | nézni; figyelni | hercegnő | napló,well | i | know | that | you | both | cry | watch | princess | diary,"Tudom például, hogy mindketten sírtatok A neveletlen hercegnő nézése közben.","Well, I know that you both cried watching Princess Diaries."
ó | az én | Isten,oh | my | god,Te jó ég.,"Oh, my God."
ő | volna; tenne | mindig | mondani | az; hogy | szállóige,he | would | always | say | that | catchphrase,Mindig azt a szállóigét mondta.,He would always say that catchphrase.
ez van; ez az | átkozott; a fenébe | galamb | vagy | valami,it's | damn | pigeon | or | something,"Valami olyasmi volt, hogy „az átkozott galamb”.","It's... ""damn pigeon,"" or something."
ez van; ez az | valójában | átkozott | galamb,it's | actually | freakin | pigeon,"Valójában úgy van, hogy „rohadt galamb”.","It's actually ""freakin' pigeon."""
most | mi vagyunk | egyenlőtlen,now | we're | uneven,Most már nem vagyunk egálban.,Now we're uneven.
én | kell; szüksége van | -hoz; -hez; felé | tudni; ismerni | több | rajta; -on; -en; -ön | te; ön,i | need | to | know | more | on | you,Többet kell tudnom rólad.,I need to know more on you.
mi | csinálni | te; ön | akarni | -hoz; -hez; felé | tudni; ismerni,what | do | you | want | to | know,Mit szeretnél tudni?,What do you want to know?
mi | csinálni | te; ön | írni | -ról; -ről; körülbelül | be; bent; -ban; -ben | a te; az ön | jegyzetfüzet,what | do | you | write | about | in | your | notebook,Miről írsz a füzetedben?,What do you write about in your notebook?
mi | csinálni | te; ön | mondani | be; bent; -ban; -ben | terápia,what | do | you | say | in | therapy,Miről beszélsz a terápián?,What do you say in therapy?
én | ne; nem | menni | -hoz; -hez; felé | terápia,i | don't | go | to | therapy,Nem járok terápiára.,I don't go to therapy.
nos; jól | talán | te; ön | kellene,well | maybe | you | should,Talán kellene.,"Well, maybe you should."
én | írni | levél | -hoz; -hez; felé | Scotty,i | write | letter | to | scotty,Leveleket írok Scottynak.,I write letters to Scotty.
csinálni | te; ön | írni | -ról; -ről; körülbelül | az; hogy | éjszaka; este,do | you | write | about | that | night,Írtál arról az éjszakáról?,Did you write about that night?
igen,yes,Igen.,Yes.
öö | tud/képes | te; ön | nem | játszani | zene,uh | can | you | not | play | music,"Öö, nem hagynád abba a zenélést?","Uh, can you not play music?"
miért,why,Miért?,Why?
én | csak; éppen | én | ne; nem | mint; kedvelni | ez; az,i | just | i | don't | like | it,Én csak... nem tetszik.,I just-- I don't like it.
ez van; ez az | minden | szomorú | és | mindenki | be; bent; -ban; -ben | fájdalom,it's | all | sad | and | everyone | in | pain,"Az egész olyan... szomorú, és mindenki szenved.","It's all... sad, and everyone's in pain."
rendben,okay,Rendben.,Okay.
nos; jól | gyerünk; csináljuk | látni,well | let's | see,Lássuk.,"Well, let's see."
Jézus | Krisztus | én vagyok | annyira; így | kék | minden | a; az | idő,jesus | christ | i'm | so | blue | all | the | time,"Jézusom, állandóan olyan szomorú vagyok...","Jesus Christ, I'm so blue all the time..."
látni,see,Látod?,See?
az; ez az | szomorú,that's | sad,Ez szomorú.,That's sad.
minden | rendben; helyes | gyerünk; csináljuk,all | right | let's,"Rendben, akkor...","All right, let's..."
én vagyok | minden | ki; végig | -nak; -nek; valaminek a | szeretni; szerelem,i'm | all | out | of | love,Már semmi szeretet nem maradt bennem,I'm all out of love
mi | lenni | én | nélkül | te; ön,what | be | i | without | you,Mi vagyok nélküled...,What am I without you...
ott; tessék | te; ön | menni,there | you | go,Tessék.,There you go.
annyira; így | magányos,so | lonely,Olyan magányos,So lo-o-o-onely
magányos,lonely,Magányos...,Lo-o-o-onely...
igen | gyerünk; csináljuk | csak; éppen | fordulni; sor | az; hogy | le; távol,yeah | let's | just | turn | that | off,"Igen, ezt inkább kapcsoljuk ki.","Yeah, let's just turn that off."
hé; szia,hey,Szia.,Hey.
hogyan | lenni | te; ön | srác; fickó,how | be | you | guy,"Hogy vagytok, srácok?",How are you guys?
szia,hi,Szia.,Hi.
ez | lenni | az én | anya,this | be | my | mom,Ő az anyukám.,This is my mom.
ő; ő van | soha | lenni | -hoz; -hez; felé | börtön,she's | never | be | to | prison,Ő még sosem volt börtönben.,She's never been to prison.
ó,oh,Ó.,Oh.
én | akarni | -hoz; -hez; felé | engedni | te; ön | tudni; ismerni | az; hogy | mi | lenni | van neki; birtokolni; kell | egy | anya | nap | ebéd | be; bent; -ban; -ben | egy | pár | -nak; -nek; valaminek a | hét | be; bent; -ban; -ben | a; az | udvar,i | want | to | let | you | know | that | we | be | have | a | mother | day | lunch | in | a | couple | of | week | in | the | courtyard,"Szerettem volna szólni, hogy pár hét múlva anyák napi ebédet tartunk az udvaron.",I wanted to let you know that we are having a Mother's Day lunch in a couple of weeks in the courtyard.
jönni,come,Gyere el.,Come.
ez majd; ez fog | lenni | szórakoztató; móka,it'll | be | fun,Jó móka lesz.,It'll be fun.
ez van; ez az | egy | batyus étkezés,it's | a | potluck,Mindenki hoz valamit.,It's a potluck.
öö,um,Ööö...,Um...
igen,yeah,Igen.,Yeah.
rendben,okay,Rendben.,Okay.
igen,yeah,Igen.,Yeah.
én | volna; tenne | szeretni; szerelem | -hoz; -hez; felé,i | would | love | to,Nagyon szeretném.,I-I would love to.
ha | te; ön | van neki; birtokolni; kell | bármilyen; valamennyi | extra; plusz | szék | mi | soha | van neki; birtokolni; kell | elég,if | you | have | any | extra | chair | we | never | have | enough,"Ha van néhány fölösleges széketek, nekünk sosem elég.","If you have any extra chairs, we never have enough."
ő | nem ...ik | még; páros | van neki; birtokolni; kell | egy | ágy,she | doesn't | even | have | a | bed,Még ágya sincs.,She doesn't even have a bed.
ez; az | lenni | jó; kedves | találkozni; megismerni | te; ön,it | be | nice | meet | you,"Örülök, hogy megismertelek.",It was nice meeting you.
korábban; előtt | én | találkozni; megismerni | te; ön | kedves,before | i | meet | you | dear,"Mielőtt megismertelek, kedvesem","Before I met you, dear"
én | nem tudott | szembenézni; arc | az én | félelem,i | couldn't | face | my | fear,Nem tudtam szembenézni a félelmeimmel.,I couldn't face my fears
én | lenni | őszintétlen | ott; tessék | lenni,i | be | insincere | there | be,"Nem voltam őszinte, volt...","I was insincere, there was..."
ó | ez van; ez az | forgalmas; elfoglalt,oh | it's | busy,"Ó, nagy a forgalom.","Oh, it's busy."
te; ön | rendben,you | okay,Jól vagy?,You okay?
igen,yeah,Igen.,Yeah.
igen,yeah,Igen.,Yeah.
igen,yeah,Igen?,Yeah?
öö | én | akarni | -hoz; -hez; felé | kérdezni; kérni | ha | öö | te; ön | srác; fickó | van neki; birtokolni; kell | bármilyen; valamennyi | tartalék; fölösleges | mint; kedvelni | asztal | vagy | szék | az; hogy | én | tudna; lehetne | kölcsönkérni,uh | i | want | to | ask | if | um | you | guy | have | any | spare | like | table | or | chair | that | i | could | borrow,"Öö, azt akartam kérdezni, nincs-e esetleg néhány fölösleges asztalotok vagy széketek, amit kölcsönkérhetnék?","Uh, I wanted to ask if, um, you guys had any spare, like, tables or chairs that I could borrow?"
igen | én | gondolni | annyira; így,yeah | i | think | so,"Igen, azt hiszem, van.","Yeah, I think so."
én | tudna; lehetne | megmutatni; megjelenni; műsor | te; ön | igazi; valódi; nagyon | gyors; gyorsan,i | could | show | you | real | fast,Gyorsan megmutatom.,I could show you real fast.
rendben,okay,Rendben.,Okay.
igen,yeah,Igen.,Yeah.
megköszönni | te; ön,thank | you,Köszönöm.,Thank you.
igen,yeah,Igen?,Yeah?
öö,uh,Ööö...,Uh...
igen,yeah,Igen.,Yeah.
ó | igen,oh | yeah,"Ó, igen.","Oh, yeah."
tökéletes,perfect,Tökéletes.,Perfect.
igen,yeah,Igen?,Yeah?
megköszönni | te; ön | annyira; így | nagyon; sok,thank | you | so | much,Nagyon köszönöm.,Thank you so much.
te vagy; ön van | szívesen; üdvözölni,you're | welcome,Szívesen.,You're welcome.
annyira; így | mi van; mi a | -val; -vel | minden | a; az | bögre,so | what's | with | all | the | mug,Mi ez a sok bögre?,"So, what's with all the mugs?"
valaki | van neki; birtokolni; kell | egy | kávé | függőség,someone | have | a | coffee | addiction,Valaki kávéfüggő?,Someone have a coffee addiction?
öö | alkohol | valójában,uh | alcohol | actually,"Öö, valójában alkoholfüggő.","Uh, alcohol, actually."
ó | Isten,oh | god,Istenem.,"Oh, God."
én vagyok | annyira; így | sajnálom,i'm | so | sorry,Nagyon sajnálom.,I'm so sorry.
nem,no,Nem.,No.
rossz | rossz | vicc,bad | bad | joke,Rossz... rossz vicc volt.,Bad... bad joke.
nem | te vagy; ön van | jó; jól,no | you're | good,"Nem, semmi baj.","No, you're good."
nem | van | nem | titok | itt; tessék,no | there's | no | secret | here,"Nem, itt nincsenek titkok.","No, there's no secrets here."
minden | hét | -hoz; -hez; felé | megemlékezni | az én | józanság | Ledger | megkapni; megérteni | engem; nekem | egy | bögre,every | week | to | commemorate | my | sobriety | ledger | get | me | a | mug,Ledger minden héten vesz nekem egy bögrét a józanságom megünneplésére.,"Every week, to commemorate my sobriety, Ledger gets me a mug."
az; ez az | jó; kedves,that's | nice,Ez kedves.,That's nice.
igen,yeah,Igen.,Yeah.
kell; biztosan | lenni | nehéz; kemény | dolgozni; munka | be; bent; -ban; -ben | egy | bár; kocsma | azért; bár,must | be | hard | work | in | a | bar | though,Azért nehéz lehet egy bárban dolgozni.,"Must be hard working in a bar, though."
hm | néha,mm | sometimes,"Hm, néha.","Mm, sometimes."
ez; az | volna; tenne | lenni | ha | ő | valójában | csinálni | bármilyen; valamennyi | dolgozni; munka,it | would | be | if | he | actually | do | any | work,"Az lenne, ha valóban végezne is valami munkát.",It would be if he actually did any work.
te; ön | srác; fickó | lenni | tisztában van | ez van; ez az | péntek | éjszaka; este | rendben; helyes,you | guy | be | aware | it's | friday | night | right,"Ugye tudjátok, hogy péntek este van?","You guys are aware it's Friday night, right?"
én vagyok | sajnálom,i'm | sorry,Sajnálom.,I'm sorry.
én | kérdezni; kérni | őt; neki | neki; számára | segíteni; segítség,i | ask | him | for | help,"Megkértem, hogy segítsen.",I asked him for help.
igen,yeah,Igen.,Yeah.
aha,mm-hmm,Aha.,Mm-hmm.
megköszönni | te; ön,thank | you,Köszönöm.,Thank you.
öö | fogok | lenni | vissza | késő; késésben,uh | i'll | be | back | late,Később visszajövök.,"Uh, I'll be back later."
te; ön | srác; fickó | lenni | tisztában van | ez van; ez az | péntek | éjszaka; este | rendben; helyes | aha,you | guy | be | aware | it's | friday | night | right | uh-huh,"„Ugye tudjátok, hogy péntek este van?” – Aha.","""You guys are aware it's Friday night, right?"" -Uh-huh."
mikor; amikor | a; az | nap | menni | le; lent | rajta; -on; -en; -ön | az én | oldal | -nak; -nek; valaminek a | város,when | the | sun | go | down | on | my | side | of | town,Amikor lemegy a nap a városnak ezen a felén.,When the sun goes down on my side of town
az; hogy | magányos | érezni | jönni | -hoz; -hez; felé | az én | ajtó,that | lonesome | feel | come | to | my | door,Az a magányos érzés bekopog hozzám.,That lonesome feeling comes to my door
és | a; az | teljes; egész | világ,and | the | whole | world,És az egész világ,And the whole world
fordulni; sor | kék,turn | blue,Kékbe borul,Turns blue
én | tölteni; költeni | legtöbb; leginkább | minden | éjszaka; este,i | spend | most | every | night,Szinte minden éjszakát,I spend most every night
alatt | a; az | fény; könnyű,beneath | the | light,A fény alatt.,Beneath the light
-nak; -nek; valaminek a | egy | neon | hold,of | a | neon | moon,Egy neonhold fénye alatt töltök,Of a neon moon
ha | te; ön | elveszíteni | a te; az ön | egy | és | csak,if | you | lose | your | one | and | only,Ha elveszíted az egyetlent,If you lose your one and only
van | mindig | szoba; terem | itt; tessék | neki; számára | a; az | magányos,there's | always | room | here | for | the | lonely,Itt mindig jut hely a magányosaknak,There's always room here for the lonely
-hoz; -hez; felé | nézni; figyelni | a te; az ön | eltörni; megszakítani | álom,to | watch | your | break | dream,Hogy nézzék szertefoszlott álmaikat,To watch your broken dreams
táncolni | be; bent; -ban; -ben | és | ki; végig | -nak; -nek; valaminek a | a; az | fénysugár,dance | in | and | out | of | the | beam,Táncolj ki-be a fénysugarak közé.,Dance in and out of the beams
-nak; -nek; valaminek a | egy | neon | hold,of | a | neon | moon,Egy neonhold fényében.,Of a neon moon.
várni,wait,Várj.,Wait.
te; ön | megkapni; megérteni | egy | telefon,you | get | a | phone,Van telefonod?,You got a phone?
végre,finally,Végre.,Finally.
nézni | -nál; -nél | te; ön,look | at | you,Nézzenek oda.,Look at you.
itt; tessék,here,Tessék.,Here.
adni | engem; nekem | a te; az ön | szám,give | me | your | number,Add meg a számodat.,Give me your number.
nos; jól | mi | ha | én | ne; nem | akarni | -hoz; -hez; felé | adni | ez; az | -hoz; -hez; felé | te; ön,well | what | if | i | don't | want | to | give | it | to | you,És ha nem akarom odaadni?,"Well, what if I don't want to give it to you?"
nos; jól | én vagyok | a te; az ön | főnök | és | én | kell; szüksége van | -hoz; -hez; felé | hívni | az én | alkalmazott,well | i'm | your | boss | and | i | need | to | call | my | employee,"A főnököd vagyok, fel kell tudnom hívni az alkalmazottaimat.","Well, I'm your boss, and I need to call my employees."
hm,mm,Hm.,Mm.
rendben; helyes,right,Rendben.,Right.
-nak; -nek; valaminek a | természetesen; irány,of | course,Persze.,Of course.
mi | lenni | az; hogy | neki; számára,what | be | that | for,Ezt miért kaptam?,What was that for?
csak; éppen | be; bent; -ban; -ben | eset | én | nem tud | hely | a; az | név,just | in | case | i | can't | place | the | name,"Arra az esetre, ha nem tudnám hová tenni a nevet.",Just in case I can't place the name.
én | akarni | -hoz; -hez; felé | megmutatni; megjelenni; műsor | te; ön | valami,i | want | to | show | you | something,Mutatni akarok valamit.,I want to show you something.
ellenőrizni | a te; az ön | telefon,check | your | phone,Nézd meg a telefonodat.,Check your phone.
ez van; ez az | egy | lejátszási lista,it's | a | playlist,Ez egy lejátszási lista.,It's a playlist.
én | mondani; elmondani | te; ön | az; hogy,i | tell | you | that,"Mondtam, hogy...",I told you that...
csak; éppen | nézni | -nál; -nél | ez; az,just | look | at | it,Csak nézd meg.,Just look at it.
ez van; ez az | egy | boldog | lejátszási lista,it's | a | happy | playlist,Ez egy vidám lejátszási lista.,It's a happy playlist.
nem | minden | zene | nyomorult; lehangoló,not | all | music | miserable,Nem minden zene nyomorúságos.,Not all music's miserable.
lenni | az; hogy | buta,be | that | stupid,Ez hülyeség volt?,Was that stupid?
nem | buta | -nál; -nél | minden,not | stupid | at | all,Egyáltalán nem ostobaság.,Not stupid at all.
te; ön | aludni | rajta; -on; -en; -ön | a; az | kanapé,you | sleep | on | the | couch,A kanapén alszol?,You sleep on the couch?
én | megkapni; megérteni | valami | neki; számára | te; ön,i | get | something | for | you,Hoztam neked valamit.,I got something for you.
várni; lógni | szorosan; tarts ki,hang | tight,Tarts ki.,Hang tight.
mi | lenni | én | csinálni | Ivy,what | be | i | do | ivy,"Mit művelek, Ivy?","What am I doing, Ivy?"
mi van; mi a | öö,what's | um,"Mi is az, ööö...","What's, um..."
én | ne; nem | tudni; ismerni | ha | te; ön | akarni | ez,i | don't | know | if | you | want | this,"Nem tudom, szeretnéd-e ezt.",I don't know if you want this.
öö,uh,Ööö...,Uh...
ez,this,Ez...,This...
ó,oh,Ó.,Oh.
ó,oh,Ó.,Oh.
hűha,wow,Hűha.,Wow.
lenni | rész | -nak; -nek; valaminek a | az én | táborozni | felszerelés,be | part | of | my | camp | gear,...a kempingfelszerelésem része.,...is part of my camping gear.
én | látni | te; ön | táborozni | mint; kedvelni | egy | hercegnő,i | see | you | camp | like | a | princess,"Látom, hercegnő módjára kempingezel.",I see you camp like a princess.
te vagy; ön van | a; az | egy | ki | ellopni | ez,you're | the | one | who | steal | this,Te loptad el ezt?,You're the one who stole this?
komolyan | Kenna,seriously | kenna,"Komolyan, Kenna?","Seriously, Kenna?"
én vagyok | ki; végig | itt; tessék | elárulni | mindenki | én | szeretni; szerelem | mellett; által | segíteni; segítség | te; ön | ki; végig | és | te vagy; ön van | ellopni | a; az | egy | dolog | csinálni; készíteni; elkövetni | -hoz; -hez; felé | tisztelet; megtisztelni | őt; neki,i'm | out | here | betray | everyone | i | love | by | help | you | out | and | you're | steal | the | one | thing | make | to | honor | him,"Én itt mindenkit elárulok, akit szeretek, csak hogy segítsek neked, te pedig ellopod az egyetlen dolgot, amit az ő tiszteletére készítettek?","I'm out here betraying everyone I love by helping you out, and you're stealing the one thing made to honor him?"
Scotty | gyűlölni | emlékhely; emlékmű,scotty | hate | memorial,Scotty utálta az emlékhelyeket.,Scotty hated memorials.
én | lenni | csinálni | őt; neki | egy | szívesség,i | be | do | him | a | favor,Szívességet tettem neki.,I was doing him a favor.
Jézus | Krisztus,jesus | christ,Jézus Krisztus.,Jesus Christ.
te; ön | még; mozdulatlan | gondolni | én | menni | -hoz; -hez; felé | a te; az ön | bár; kocsma | -val; -vel | egy | hátsó szándék; napirend,you | still | think | i | go | to | your | bar | with | an | agenda,"Még mindig azt hiszed, hátsó szándékkal mentem a bárodba.",You still think I went to your bar with an agenda.
hm,hmm,Hmm.,Hmm.
nos; jól | én | nem ...t,well | i | didn't,Pedig nem.,"Well, I didn't."
te; ön | tud/képes | menni | most,you | can | go | now,Most már elmehetsz.,You can go now.
rohadt | ez; az | Kenna,goddamn | it | kenna,"A fenébe, Kenna.","Goddamn it, Kenna."
mi | nem tud,we | can't,Nem lehet.,We can't.
ez van; ez az | csak; éppen | fog; készül valamire | csinálni; készíteni; elkövetni | ez; az | annyira; így | nagyon; sok | rossz,it's | just | gonna | make | it | so | much | bad,Ettől csak sokkal rosszabb lesz.,It's just gonna make it so much worse.
én | tudni; ismerni,i | know,Tudom.,I know.
én vagyok | sajnálom,i'm | sorry,Sajnálom.,I'm sorry.
az; hogy | ez; az,that | it,Ennyi?,That it?
igen,yeah,Igen.,Yeah.
lenni | ez | a te; az ön,be | this | your,Ez a tiéd?,Is this yours?
rendben,okay,Rendben.,Okay.
megköszönni | te; ön,thank | you,Köszönöm.,Thank you.
ott; tessék,there,Tessék.,There.
Kenna | Rowan,kenna | rowan,Kenna Rowan?,Kenna Rowan?
igen,yeah,Igen.,Yeah.
te már; neked van | lenni | kézbesíteni; kiszolgálni,you've | be | serve,Megkaptad az idézést.,You've been served.
az én | láb | lenni | átázni; eláztatni | fájó,my | leg | be | soak | sore,A lábam teljesen átázott és fáj.,My legs are soaking sore.
ők; ők vannak | mi,they're | what,Micsodák?,They're what?
te; ön | és | a te; az ön,you | and | your,Te és a te...,You and your...
az; hogy | lenni | egy | jó; jól | meccs; játék | te; ön,that | be | a | good | game | you,"Jó meccs volt, ügyes vagy.","That was a good game, you."
rendben | fészkelődő,okay | squirmy,"Jól van, te kis izgő-mozgó.","Okay, squirmy."
rendben,okay,Rendben.,Okay.
minden | beállítani; kész,all | set,Minden kész.,All set.
rendben | kész,okay | ready,"Rendben, készen állsz?","Okay, ready?"
hogyan | régi; idős | fog | én | lenni | mikor; amikor | te; ön | meghalni,how | old | will | i | be | when | you | die,"Hány éves leszek, amikor meghalsz?",How old will I be when you die?
te; ön | ne; nem | kell; szüksége van | -hoz; -hez; felé | aggódni; gond | -ról; -ről; körülbelül | az; hogy,you | don't | need | to | worry | about | that,Emiatt nem kell aggódnod.,You don't need to worry about that.
Ledger,ledger,Ledger?,Ledger?
minden | rendben,everything | okay,Minden rendben?,Everything okay?
igen,yeah,Igen.,Yeah.
öö,um,Ööö...,Um...
szeretni; szerelem | te; ön | D,love | you | d,"Szeretlek, D.","Love you, D."
köszönöm,thanks,Köszönöm.,Thanks.
igen,yep,Aha.,Yep.
én | nem tud | elhinni | ők | csinálni | ez,i | can't | believe | they | do | this,"Nem hiszem el, hogy ezt tették.",I can't believe they did this.
ha | én | próbálni | és | látni | őt; neki; az ő | újra | ők | tudna; lehetne | letartóztatni | engem; nekem,if | i | try | and | see | her | again | they | could | arrest | me,"Ha megpróbálom újra látni, letartóztathatnak.","If I try and see her again, they could arrest me."
ők; ők vannak | nem | fog; készül valamire | változni; változás | az ő; az övék | bánni; elme,they're | not | gonna | change | their | mind,Nem fogják meggondolni magukat.,They're not gonna change their minds.
akarni | -hoz; -hez; felé | vinni; elvenni | a; az | éjszaka; este | le; távol,want | to | take | the | night | off,Ki akarod venni az estét?,Want to take the night off?
nem | én | nem tud,no | i | can't,"Nem, nem tehetem.","No, I-I can't."
én | kell; szüksége van | a; az | óra,i | need | the | hour,Szükségem van a munkaórákra.,I need the hours.
mi | tudna; lehetne | megmutatni; megjelenni; műsor | fel; fent; várj | késő; késésben,we | could | show | up | late,Odaérhetnénk késve.,We could show up late.
hogy van; milyen | ez; az | menni,how's | it | go,Hogy mennek a dolgok?,How's it going?
te; ön | akarni | -hoz; -hez; felé | próbálni | Diem | kedvenc,you | want | to | try | diem | favorite,Megkóstolod Diem kedvencét?,You want to try Diem's favorite?
igen,yeah,Igen.,Yeah.
minden | rendben; helyes,all | right,Rendben.,All right.
én | fog | van neki; birtokolni; kell | egy | FofanaLemonana | és | akkor; aztán | az én | szokásos,i | will | have | one | fofanalemonana | and | then | my | usual,"Kérek egy FofanaLemonanát, aztán a szokásosat.","I will have one FofanaLemonana, and then my usual."
megköszönni | te; ön,thank | you,Köszönöm.,Thank you.
ó | fiú,oh | boy,"Jaj, ne.","Oh, boy."
nem | még; páros | fog; készül valamire | kérdezni; kérni,not | even | gonna | ask,Inkább meg sem kérdezem.,Not even gonna ask.
én vagyok | kiválasztani; felvenni; észrevenni | fel; fent; várj | sárga | lenni | őt; neki; az ő | kedvenc | szín,i'm | pick | up | yellow | be | her | favorite | color,"Úgy veszem észre, a sárga a kedvenc színe.",I'm picking up yellow is her favorite color.
mi,what,Mi?,What?
te; ön | megkapni; megérteni | egy | kicsi; kevés | valami | rendben; helyes | ott; tessék,you | get | a | little | something | right | there,Van ott rajtad egy kis valami.,You got a little something right there.
ó | nem,oh | no,"Jaj, ne.","Oh, no."
nos; jól | a te; az ön | nyelv | kék,well | your | tongue | blue,"Hát, kék a nyelved.","Well, your tongue's blue."
ez; az | lenni,it | be,Tényleg?,It is?
és | a te; az ön | fog,and | your | tooth,És a fogaid.,And your teeth.
és | a te; az ön | ajak,and | your | lip,Meg az ajkaid.,And your lips.
annyira; így | miért | csinálni | te; ön | mozogni; költözni | vissza | -hoz; -hez; felé | a te; az ön | gyerekkor; gyerekkori | haza; otthon,so | why | do | you | move | back | to | your | childhood | home,Miért költöztél vissza a gyerekkori otthonodba?,"So, why did you move back to your childhood home?"
én | elfújni; tönkretenni | ki; végig | az én | váll,i | blow | out | my | shoulder,Tönkrement a vállam.,I blew out my shoulder.
ó | én vagyok | sajnálom,oh | i'm | sorry,"Ó, sajnálom.","Oh, I'm sorry."
de | ne; nem | NFL | játékos | te; ön | tudni; ismerni | általában | megkapni; megérteni | fényűző; elegáns | kastély; luxusvilla | vagy | egy | tetőtéri luxuslakás,but | don't | nfl | player | you | know | usually | get | fancy | mansion | or | a | penthouse,De az NFL-játékosok általában nem valami fényűző villában vagy tetőtéri lakásban laknak?,"But don't NFL players, you know, usually get fancy mansions or a penthouse?"
én vagyok | építeni | egy | ház,i'm | build | a | house,Házat építek.,I'm building a house.
ez van; ez az | vinni; elvenni | engem; nekem | négy | év | de,it's | take | me | four | year | but,"Négy évembe telt, de...","It's taken me four years, but..."
Jézus,jesus,Jézusom.,Jesus.
négy | év,four | year,Négy éve?,Four years?
én | gondolni; komolyan mondani | mi | kifaragni | ez; az | ki; végig | -nak; -nek; valaminek a | kő,i | mean | what | carve | it | out | of | stone,"Mégis miből faragod, kőből?","I mean, what, carving it out of stone?"
te; ön | akarni | -hoz; -hez; felé | menni | látni | ez; az,you | want | to | go | see | it,Meg akarod nézni?,You want to go see it?
fogok | vinni; elvenni | te; ön,i'll | take | you,Elviszlek.,I'll take you.
öö,um,Ööö...,Um...
aha,mm-hmm,Aha.,Mm-hmm.
igen,yeah,Igen.,Yeah.
persze; biztos,sure,Persze.,Sure.
minden | rendben; helyes,all | right,Rendben.,All right.
mi,what,Mi?,What?
ez | lenni | őrültség; őrült,this | be | insane,Ez őrület.,This is insane.
hűha,wow,Hűha.,Wow.
igen,yeah,Igen.,Yeah.
jönni | rajta; -on; -en; -ön,come | on,Gyere már.,Come on.
fogok | megmutatni; megjelenni; műsor | te; ön | a; az | többi; pihenni,i'll | show | you | the | rest,Megmutatom a többit is.,I'll show you the rest.
komolyan | azért; bár | ez | lenni | csodálatos,seriously | though | this | be | amazing,"De komolyan, ez csodálatos.","Seriously, though, this is amazing."
annyira; így | öö | mikor; amikor | lenni | te; ön | remélni; remény | -hoz; -hez; felé | mozogni; költözni | be; bent; -ban; -ben,so | um | when | be | you | hope | to | move | in,Szóval mikor szeretnél beköltözni?,"So, um, when are you hoping to move in?"
én | ne; nem | tudni; ismerni,i | don't | know,Nem tudom.,I don't know.
ez | van neki; birtokolni; kell | lenni | az én | álom | neki; számára | egy | hosszú | idő,this | have | be | my | dream | for | a | long | time,Régóta ez az álmom.,This has been my dream for a long time.
de | akkor; aztán | én | gondolni | -ról; -ről; körülbelül | nem | látni | Diem | minden | nap,but | then | i | think | about | not | see | diem | every | day,"De aztán arra gondolok, hogy nem látnám minden nap Diemet.",But then I think about not seeing Diem every day.
akkor; aztán | eladni | ez; az,then | sell | it,Akkor add el.,Then sell it.
vagy | bérelni; bérleti díj | ez; az,or | rent | it,Vagy add ki.,Or rent it.
szeretnék; én ...nék | nagyon; sok | előnyben részesíteni | te; ön | közel; közeli | -hoz; -hez; felé | őt; neki; az ő | tudni; ismerni | az; hogy | te vagy; ön van | be; bent; -ban; -ben | őt; neki; az ő | élet | minden | nap,i'd | much | prefer | you | close | to | her | know | that | you're | in | her | life | every | day,"Sokkal jobban örülnék, ha közelebb lennél hozzá, és tudnám, hogy mindennap része vagy az életének.","I'd much prefer you closer to her, knowing that you're in her life every day."
ez van; ez az | megnyugtatni; vigasz | -hoz; -hez; felé | engem; nekem,it's | comfort | to | me,Ez megnyugtat.,It's comforting to me.
de | mi | -ról; -ről; körülbelül | te; ön,but | what | about | you,De mi van veled?,But what about you?
mi | lenni | ez; az | az; hogy | te; ön | tényleg; igazán | akarni,what | be | it | that | you | really | want,Te valójában mit akarsz?,What is it that you really want?
én | akarni | -hoz; -hez; felé | csinálni | rendben; helyes | mellett; által | őt; neki; az ő,i | want | to | do | right | by | her,"Azt akarom tenni, ami neki a legjobb.",I want to do right by her.
én | gondolni; komolyan mondani | ő | nem ...ik | van neki; birtokolni; kell | egy | apa,i | mean | she | doesn't | have | a | dad,"Úgy értem, nincs apja.","I mean, she doesn't have a dad."
és | én | nem volt | ott; tessék | neki; számára | Scotty,and | i | wasn't | there | for | scotty,És Scotty mellett sem voltam ott.,And I wasn't there for Scotty.
te; ön | nem ...t | megkapni; megérteni | összeházasodni | mert | -nak; -nek; valaminek a | őt; neki; az ő,you | didn't | get | marry | because | of | her,Nem miatta nem házasodtatok össze.,You didn't get married because of her.
te vagy; ön van | nem | mozogni; költözni | mert | -nak; -nek; valaminek a | őt; neki; az ő,you're | not | move | because | of | her,Nem miatta nem költözöl el.,You're not moving because of her.
te; ön | tudni; ismerni | te; ön | nem tud | élni | Scotty | élet | neki; számára | őt; neki,you | know | you | can't | live | scotty | life | for | him,Nem élheted le helyette Scotty életét.,"You know, you can't live Scotty's life for him."
öö | annyira; így | én | lenni | nézni | -nál; -nél | a; az | öö | a; az | gardrób; szekrény,uh | so | i | be | look | at | the | um | the | closet,"Öö, szóval nézegettem a gardróbot...","Uh, so I was looking at the, um, the closet..."
aha | és | lenni | gondolni | talán | én | tudna; lehetne | bérelni; bérleti díj | ez; az,uh-huh | and | be | think | maybe | i | could | rent | it,"Aha. – ...és arra gondoltam, talán kibérelhetném.",Uh-huh. -...and was thinking maybe I could rent it.
én | gondolni; komolyan mondani | ez van; ez az | nagyon; sok | nagy | mint | az én | jelenlegi | lakás | annyira; így,i | mean | it's | much | big | than | my | current | apartment | so,"Mármint sokkal nagyobb a mostani lakásomnál, szóval...","I mean, it's much bigger than my current apartment, so..."
mi | kellene | menni | -hoz; -hez; felé | dolgozni; munka,we | should | go | to | work,Munkába kellene mennünk.,We should go to work.
hm | igen,mm | yes,Igen.,"Mm, yes."
ne; nem | akarni | -hoz; -hez; felé | felbosszantani; dühösnek lenni; pisilni | le; távol | a; az | főnök,don't | want | to | piss | off | the | boss,Nem akarom felbosszantani a főnököt.,Don't want to piss off the boss.
tenni | a te; az ön | szív,put | your | heart,Tedd a szíved,Put your heart
be; bent; -ban; -ben | az én | kéz,in | my | hand,A kezembe,In my hand
nekem van; én már | lenni | várni,i've | be | wait,Már vártam.,I've been waiting
nekem van; én már | lenni | várni,i've | be | wait,Már vártam.,I've been waiting
neki; számára | a; az | rendben; helyes | férfi; ember,for | the | right | man,A megfelelő férfiért...,For the right man...
ó,oh,Ó.,Oh.
megköszönni | te; ön | annyira; így | nagyon; sok,thank | you | so | much,Nagyon köszönöm.,Thank you so much.
ott; tessék | ő | lenni,there | he | be,Ott van.,There he is.
hé; szia | hé; szia,hey | hey,"Hé, hé!","Hey, hey!"
szia,hi,Szia!,Hi!
mi | megkapni; megérteni | Skylar | régi; idős | nővér; húg | -hoz; -hez; felé | gyerekre vigyázni,we | get | skylar | old | sister | to | babysit,Skylar nővére vigyáz a gyerekre.,We got Skylar's older sister to babysit.
mi | csak; éppen | kell; szüksége van | egy | éjszaka; este | ki; végig,we | just | need | a | night | out,Csak szükségünk volt egy estére házon kívül.,We just needed a night out.
hé; szia | hé; szia | srác; fickó,hey | hey | guy,Sziasztok. – Sziasztok.,"Hey. -Hey, guys."
öö | Mary | Anne | tud/képes | te; ön | vinni; elvenni | gondoskodni; törődés | -nak; -nek; valaminek a | őket; nekik,uh | mary | anne | can | you | take | care | of | them,"Mary Anne, kiszolgálnád őket?","Uh, Mary Anne, can you take care of them?"
én | tudni; ismerni,i | know,Tudom.,I know.
ez van; ez az | őrült,it's | crazy,Ez őrület.,It's crazy.
őrült,crazy,Őrület.,Crazy.
ez van; ez az | forgalmas; elfoglalt | ma este,it's | busy | tonight,Nagy a forgalom ma este.,It's busy tonight.
csinálni | te; ön | akarni | a te; az ön | szokásos; törzsvendég,do | you | want | your | regular,A szokásosat kéred?,Do you want your regular?
egy | ital; inni | csak,one | drink | only,Csak egy italt.,One drink only.
én | megkapni; megérteni | te; ön,i | get | you,Intézem.,I got you.
te; ön | tudni; ismerni | mi,you | know | what,Tudod mit?,You know what?
öö | korábban; előtt | én | ülni | lenni | a te; az ön | kisteherautó | parkolni; park | ki; végig | vissza,uh | before | i | sit | be | your | truck | park | out | back,Mielőtt leülök: hátul parkol a kocsid?,"Uh, before I sit, is your truck parked out back?"
igen | igen | igen,yeah | yeah | yeah,"Igen, igen, igen.","Yeah, yeah, yeah."
Diem | elhagyni; békén hagyni | őt; neki; az ő | hátizsák | be; bent; -ban; -ben | ott; tessék | én | megkapni; megérteni | ez; az | Patrick,diem | leave | her | backpack | in | there | i | get | it | patrick,"Diem benne hagyta a hátizsákját. – Majd én hozom, Patrick.","Diem left her backpack in there. -I got it, Patrick."
én vagyok | fog; készül valamire | megfogni; elhozni | ez; az,i'm | gonna | grab | it,Kimegyek érte.,I'm gonna grab it.
én | megkapni; megérteni | ez; az,i | get | it,Megoldom.,I got it.
menni | ülni,go | sit,"Menj, ülj le.",Go sit.
én vagyok | már | vizes,i'm | already | wet,Már így is vizes vagyok.,I'm already wet.
én | megkapni; megérteni | te; ön,i | get | you,Intézem.,I got you.
ez van; ez az | önteni; szakad az eső,it's | pour,Szakad az eső.,It's pouring.
te; ön | megkapni; megérteni | vásárló,you | get | customer,Vendégeid vannak.,You got customers.
hú,whew,Hú!,Whew!
én | tud/képes | fordulni; sor | a te; az ön | sötét | -hoz; -hez; felé | fény; könnyű,i | can | turn | your | dark | to | light,A sötétségedet fénnyé változtathatom,I can turn your dark to light
jönni | rajta; -on; -en; -ön | be; bent; -ban; -ben,come | on | in,Gyere be...,Come on in...
menni | megkapni; megérteni | egy | ital; inni | -val; -vel | a te; az ön | feleség,go | get | a | drink | with | your | wife,"Menj, igyál valamit a feleségeddel.",Go get a drink with your wife.
hegy | -nak; -nek; valaminek a | aggódni; gond,mountain | of | worry,Aggodalomhegy...,Mountain of worry...
megköszönni | te; ön,thank | you,Köszönöm.,Thank you.
te; ön | tudni; ismerni | te; ön | megtehette volna; lehetett volna | üzenetet írni; szöveg | engem; nekem | az; hogy,you | know | you | could've | text | me | that,"Tudod, ezt meg is írhattad volna.","You know, you could've texted me that."
igen,yeah,Igen.,Yeah.
mondani; elmondani | engem; nekem | csak; éppen | egy | idő,tell | me | just | one | time,Csak egyszer mondd el...,Tell me just one time...
öö,um,Ööö...,Um...
miért | lenni | te; ön | itt; tessék,why | be | you | here,Miért vagy itt?,Why are you here?
rajta; -on; -en; -ön | a te; az ön | oldal,on | your | side,Melletted állok,On your side
hosszú | kék | fény; könnyű,long | blue | light,"Hosszú, kék fény",Long blue light
ha | te; ön | ne; nem | hívni | engem; nekem,if | you | don't | call | me,Ha nem hívsz fel,If you don't call me
én | talán; esetleg | elveszíteni | az én | bánni; elme,i | might | lose | my | mind,Talán elvesztem az eszem,I might lose my mind
nem tud | tartani; figyelni | összpontosítani,can't | keep | concentrate,Nem tudok tovább koncentrálni.,Can't keep concentrating
rajta; -on; -en; -ön | minden | a; az | aggódni; gond | én | megtalálni,on | all | the | worry | i | find,"A sok aggodalomtól, amely rám talál",On all the worry I find
annyira; így | csak; éppen | kölcsönadni | engem; nekem | a te; az ön | test,so | just | lend | me | your | body,Add kölcsön a tested.,So just lend me your body
fogok | kölcsönadni | te; ön | enyém,i'll | lend | you | mine,Én is kölcsönadom az enyémet.,I'll lend you mine
én vagyok | rajta; -on; -en; -ön | a te; az ön | oldal,i'm | on | your | side,Melletted állok,I'm on your side
rajta; -on; -en; -ön | a te; az ön | oldal,on | your | side,Melletted állok,On your side
hosszú | kék | fény; könnyű,long | blue | light,"Hosszú, kék fény",Long blue light
te; ön | íze van; megkóstolni | mint; kedvelni | alma,you | taste | like | apple,Almaízű vagy.,You taste like apples.
és | te vagy; ön van | hideg; fázik | és | vizes,and | you're | cold | and | wet,És hideg meg vizes.,And you're cold and wet.
aha,mm-hmm,Aha.,Mm-hmm.
az én | szemhéj | lenni | nehéz,my | eyelid | be | heavy,Elnehezül a szemhéjam.,My eyelids are heavy
az én | lelkület; szellem | lenni | érzéketlen; zsibbadt,my | spirit | be | numb,Eltompult a lelkem.,My spirit is numb
ne; nem | tudni; ismerni | hol; ahol | én vagyok | elindulni; tartani valahová,don't | know | where | i'm | head,"Nem tudom, merre tartok",Don't know where I'm headed
ne; nem | tudni; ismerni | hol; ahol | én vagyok | -ból; -ből; -tól; -től,don't | know | where | i'm | from,"Nem tudom, honnan jöttem",Don't know where I'm from
én vagyok | itt; tessék | csak; éppen | várni,i'm | here | just | wait,Csak várok itt,I'm here just waiting
neki; számára | az én | nap | -hoz; -hez; felé | jönni,for | my | day | to | come,Hogy eljöjjön az én napom,For my day to come
én vagyok | rajta; -on; -en; -ön | a te; az ön | oldal,i'm | on | your | side,Melletted állok,I'm on your side
rajta; -on; -en; -ön | a te; az ön | oldal,on | your | side,Melletted állok,On your side
hosszú | kék | fény; könnyű,long | blue | light,"Hosszú, kék fény",Long blue light
én vagyok | rajta; -on; -en; -ön | a te; az ön | oldal,i'm | on | your | side,Melletted állok,I'm on your side
rajta; -on; -en; -ön | a te; az ön | oldal,on | your | side,Melletted állok,On your side
hosszú | kék | fény; könnyű,long | blue | light,Hosszú kék fény.,Long blue light.
hé; szia | te; ön,hey | you,"Szia, te.","Hey, you."
mit; mi történt | te; ön | írni,what'd | you | write,Mit írtál?,What'd you write?
semmi; egyik sem | -nak; -nek; valaminek a | a te; az ön | dolog; üzlet,none | of | your | business,Semmi közöd hozzá.,None of your business.
én | akarni | -hoz; -hez; felé | hallani | ez; az,i | want | to | hear | it,Hallani akarom.,I want to hear it.
jönni | itt; tessék,come | here,Gyere ide.,Come here.
ne; nem | gondolni | te vagy; ön van | fog; készül valamire | mint; kedvelni | ez; az,don't | think | you're | gonna | like | it,Szerintem nem fog tetszeni.,Don't think you're gonna like it.
próbálni | engem; nekem,try | me,Próbálj meg.,Try me.
kedves | Scotty | én | van neki; birtokolni; kell | szex | -val; -vel | a te; az ön | jó; jól | barát | ma este,dear | scotty | i | have | sex | with | your | good | friend | tonight,„Kedves Scotty! Ma este lefeküdtem a legjobb barátoddal.”,"""Dear Scotty: ""I had sex with your best friend tonight."
én vagyok | nem | persze; biztos | ez van; ez az | valami | te; ön | akarni | -hoz; -hez; felé | hallani,i'm | not | sure | it's | something | you | want | to | hear,"„Nem biztos, hogy ezt hallani akarod.","""I'm not sure it's something you want to hear."
talán | ez; az | lenni,maybe | it | be,„De talán mégis.,"""Maybe it is."
én | megkapni; megérteni | a; az | érezni | ha | te; ön | tud/képes | hallani | ezek | levél | bárhol; bárhová | te; ön | lenni | te ...nál; neked volna | akarni | engem; nekem | -hoz; -hez; felé | lenni | boldog | és | rendben; helyes | most | Ledger | lenni | csinálni; készíteni; elkövetni | engem; nekem | boldog,i | get | the | feel | if | you | can | hear | these | letter | wherever | you | be | you'd | want | me | to | be | happy | and | right | now | ledger | be | make | me | happy,"Úgy érzem, ha bárhol is vagy és hallod ezeket a leveleket, azt akarnád, hogy boldog legyek, Ledger pedig most boldoggá tesz.","""I get the feeling, if you can hear these letters ""wherever you are, you'd want me to be happy, ""and right now Ledger is making me happy."
ha | ez van; ez az | bármilyen; valamennyi | vigasz | a; az | szex | lenni | nagyszerű,if | it's | any | consolation | the | sex | be | great,"Ha ez vigasztal, a szex nagyszerű volt...","""If it's any consolation, the sex was great..."
de | nem | egy | tud/képes | fogni; tartani | egy | gyertya; felérni valakihez | -hoz; -hez; felé | te; ön,but | no | one | can | hold | a | candle | to | you,...de senki sem érhet a nyomodba.,"...but no one can hold a candle to you."""
te vagy; ön van | csak; éppen | mondani | az; hogy | annyira; így | te; ön | ne; nem | megbántani; fájni | az ő; övé | érzés,you're | just | say | that | so | you | don't | hurt | his | feeling,"Csak azért mondod, hogy ne bántsd meg?",You're just saying that so you don't hurt his feelings?
rendben; helyes,right,Igaz?,Right?
bármi | te; ön | kell; szüksége van | -hoz; -hez; felé | hallani,whatever | you | need | to | hear,"Bármit, amit hallanod kell.",Whatever you need to hear.
adni | engem; nekem | az; hogy,give | me | that,Add ide.,Give me that.
aha,mm-hmm,Aha.,Mm-hmm.
ez; az | lenni | még; mozdulatlan | jó; jól | azért; bár | nem,it | be | still | good | though | no,"Azért jó volt, nem?","It was still good, though, no?"
a; az | jó; jól,the | good,A legjobb.,The best.
ó,oh,Ó.,Oh.
Scotty | nem ...t | mint; kedvelni | az; hogy | egy,scotty | didn't | like | that | one,Scottynak az nem tetszett.,Scotty didn't like that one.
hm,mm,Nem.,Mm-mm.
ez van; ez az | Ledger,it's | ledger,Ledger az!,It's Ledger!
ó | igen,oh | yeah,"Ó, igen.","Oh, yeah."
rendben | minden | rendben; helyes,okay | all | right,"Jól van, rendben.","Okay, all right."
ó | az én | istenem,oh | my | gosh,Te jó ég.,"Oh, my gosh."
á,ah,Á.,Ah.
az én | katicabogár,my | ladybug,Az én katicabogaram.,My ladybug.
te jó ég,geez,Jézusom.,Geez.
adni | engem; nekem | egy | szív | roham; támadás,give | me | a | heart | attack,A frászt hozod rám.,Giving me a heart attack.
hé; szia,hey,Szia.,Hey.
te; ön | jó; jól,you | good,Jól vagy?,You good?
ó,oh,Ó.,Oh.
te; ön | nézni | mint; kedvelni | talán | te; ön | nem ...t | megkapni; megérteni | elég | aludni | utolsó | éjszaka; este,you | look | like | maybe | you | didn't | get | enough | sleep | last | night,"Úgy nézel ki, mintha nem aludtál volna eleget az éjjel.",You look like maybe you didn't get enough sleep last night.
én | megkapni; megérteni | bőven; rengeteg,i | get | plenty,Van bőven.,I got plenty.
köszönöm,thanks,Köszönöm.,Thanks.
nos; jól | ez van; ez az | jó; jól | idő | mert | ő | akarni | -hoz; -hez; felé | mondani | szia,well | it's | good | time | because | she | want | to | say | hi,"Jó az időzítés, mert köszönni akart.","Well, it's good timing 'cause she wanted to say hi."
mi vagyunk | menni | -hoz; -hez; felé | nagymama | Landry,we're | go | to | grandma | landry,Landry nagymamához megyünk.,We're going to Grandma Landry's.
ne; nem | elfelejteni | engem; nekem | rendben,don't | forget | me | okay,"Ne felejts el, jó?","Don't forget me, okay?"
nos; jól | te vagy; ön van | csak | elhagyni; békén hagyni | neki; számára | egy | délután | D,well | you're | only | leave | for | an | afternoon | d,"D, csak egy délutánra mész el.","Well, you're only leaving for an afternoon, D."
hogyan | tud/képes | én | elfelejteni | -ról; -ről; körülbelül | te; ön,how | can | i | forget | about | you,Hogy felejthetnélek el?,How can I forget about you?
régi; idős | ember | elfelejteni | holmi; dolog,old | person | forget | stuff,Az öregek elfelejtenek dolgokat.,Old people forget stuff.
jönni | rajta; -on; -en; -ön | te; ön,come | on | you,"Gyere, te.","Come on, you."
köszönöm | neki; számára | az; hogy,thanks | for | that,Köszönöm.,Thanks for that.
igen,yeah,Igen.,Yeah.
rendben,okay,Rendben.,Okay.
mi majd | látni | őt; neki | késő; késésben,we'll | see | him | late,Később találkozunk vele.,We'll see him later.
látni | te; ön | késő; késésben,see | you | late,Később találkozunk.,See you later.
Grace; kegyelem | öö | valójában | én | majdnem | elfelejteni,grace | uh | actually | i | almost | forget,"Grace, még valami, majdnem elfelejtettem.","Grace, uh, actually, I almost forgot."
ó; jaj,aw,Jaj.,Aw.
boldog | anya | nap,happy | mother | day,Boldog anyák napját!,Happy Mother's Day.
köszönöm,thanks,Köszönöm.,Thanks.
az; hogy | lenni | tényleg; igazán | jó; kedves,that | be | really | nice,Ez nagyon kedves volt.,That was really nice.
és | nagyon | csinos; szép,and | very | pretty,És nagyon csinos.,And very pretty.
én vagyok | fog; készül valamire | menni | tenni | őket; nekik | be; bent; -ban; -ben | víz | rendben,i'm | gonna | go | put | them | in | water | okay,"Vízbe teszem őket, jó?","I'm gonna go put them in water, okay?"
rendben,okay,Rendben.,Okay.
tud/képes | te; ön | tartani; figyelni | egy | szem,can | you | keep | an | eye,Tudsz rá figyelni?,Can you keep an eye?
mi van; mi a | anya | nap,what's | mother | day,Mi az az anyák napja?,What's Mother's Day?
anya | nap,mother | day,Az anyák napja...,Mother's Day...
ez van; ez az | egy | ünnep,it's | a | holiday,Ünnep van.,It's a holiday.
de | nagyi | nem; nincs | a te; az ön | anya,but | nana | isn't | your | mother,De Nana nem az anyukád.,But Nana isn't your mother.
ő | lenni | nem | de | én | élni | keresztül; át | a; az | utca | -ból; -ből; -tól; -től | őt; neki; az ő | az én | teljes; egész | élet | annyira; így | ő; ő van | mint; kedvelni | egy | anya | -hoz; -hez; felé | engem; nekem,she | be | not | but | i | live | across | the | street | from | her | my | whole | life | so | she's | like | a | mom | to | me,"Nem, de egész életemben vele szemben laktam, ezért olyan nekem, mintha az anyám lenne.","She is not, but I lived across the street from her my whole life, so she's like a mom to me."
hol; ahol | lenni | a te; az ön | anyuci,where | be | your | mommy,Hol van az anyukád?,Where is your mommy?
ő | lenni | be; bent; -ban; -ben | Florida | annyira; így | én | küldeni | őt; neki; az ő | virág,she | be | in | florida | so | i | send | her | flower,"Floridában van, ezért virágot küldtem neki.","She is in Florida, so I sent her flowers."
én | akarni | -hoz; -hez; felé | megkapni; megérteni | az én | anyuci | virág | a; az | egy | -val; -vel | a; az | apró | autó,i | want | to | get | my | mommy | flower | the | one | with | the | tiny | car,"Virágot akarok vinni az anyukámnak, annak, akinek pici autója van.","I want to get my mommy flowers, the one with the tiny car."
a te; az ön | anyuci | fog | megkapni; megérteni | virág | D,your | mommy | will | get | flower | d,"Anyukád fog kapni virágot, D.","Your mommy will get flowers, D."
jönni | rajta; -on; -en; -ön | NoNo | és | nagyi,come | on | nono | and | nana,"Gyerünk, NoNo és Nana.","Come on, NoNo and Nana."
mi vagyunk | késő; késésben,we're | late,Késésben vagyunk.,We're late.
mi vagyunk | nem | késő; késésben,we're | not | late,Nem késünk el.,We're not late.
boldog | anya | nap | Ledger,happy | mother | day | ledger,"Boldog anyák napját, Ledger.","Happy Mother's Day, Ledger."
én vagyok | annyira; így | büszke | -nak; -nek; valaminek a | te; ön,i'm | so | proud | of | you,Nagyon büszke vagyok rád.,I'm so proud of you.
szeretni; szerelem | te; ön | őrült | lány,love | you | crazy | girl,"Szeretlek, te kerge lány.","Love you, crazy girl."
-hoz; -hez; felé | anya | belefoglalni; beleértve | Kenna | még; páros | azért; bár | őt; neki; az ő | lánya; lánygyermek | lenni | elrabolni,to | mother | include | kenna | even | though | her | daughter | be | kidnap,"Az anyákra, köztük Kennára, még akkor is, ha elrabolták a lányát.","To mothers, including Kenna, even though her daughter was kidnapped."
-hoz; -hez; felé | anya,to | mother,Az anyákra.,To mothers.
-hoz; -hez; felé | anya,to | mother,Az anyákra.,To mothers.
egészségedre; ujjongani,cheer,Egészségünkre.,Cheers.
annyira; így | mi van; mi a | a; az | elintézni; foglalkozni vele | -val; -vel | Doug,so | what's | the | deal | with | doug,Mi a helyzet Douggal?,"So, what's the deal with Doug?"
mi | használni | -hoz; -hez; felé | randizni; randi,we | use | to | date,Régebben jártunk.,We used to date.
fordulni; sor | ki; végig | én | elesni; esni | neki; számára | egy | őrült | srác; fickó | akinek; amelynek | szeretni; szerelem | nyelv | lenni | ostobaság,turn | out | i | fall | for | a | crazy | guy | whose | love | language | be | stupidity,"Kiderült, hogy beleszerettem egy őrült pasiba, akinek a hülyeség a szeretetnyelve.",Turns out I fell for a crazy guy whose love language is stupidity.
hm,hmm,Hmm.,Hmm.
buta | őrült | neki; számára | te; ön,stupid | crazy | for | you,Őrülten odavagyok érted.,Stupid crazy for you.
beszélni | -nak; -nek; valaminek a | buta | őrült,speak | of | stupid | crazy,Ha már a hülye őrültekről beszélünk.,Speaking of stupid crazy.
én vagyok | fog; készül valamire,i'm | gonna,Én most...,I'm gonna...
igen,yep,Aha.,Yep.
öö,um,Ööö...,Um...
hé; szia | hogyan | lenni | ez; az | menni,hey | how | be | it | go,"Szia, hogy megy?","Hey, how is it going?"
szia,hi,Szia.,Hi.
ezek | lenni | neki; számára | te; ön,these | be | for | you,Ezek neked vannak.,These are for you.
megköszönni | te; ön,thank | you,Köszönöm.,Thank you.
lenni | te; ön | megcsókolni; csók | a; az | bunkó,be | you | kiss | the | jerk,Azzal a bunkóval csókolózol?,Are you kissing the jerk?
öö | nos; jól | ez | lenni | Ledger,um | well | this | be | ledger,Ő pedig Ledger.,"Um, well, this is Ledger."
Ledjerk,ledjerk,Ledgörény.,Ledjerk.
ó | Ledjerk,oh | ledjerk,"Ó, Ledgörény.","Oh, Ledjerk."
hm,hmm,Hmm.,Hmm.
rendben,okay,Rendben.,Okay.
ő; ő van | vicces | és | vad; ádáz,she's | funny | and | vicious,Vicces és harcias.,She's funny and vicious.
én vagyok | Ledjerk,i'm | ledjerk,Én vagyok Ledgörény.,I'm Ledjerk.
á,ah,Á.,Ah.
rendben; helyes,right,Rendben.,Right.
rendben,okay,Rendben.,Okay.
tud/képes | te; ön | mondani; elmondani | engem; nekem | mi | történni | az; hogy | éjszaka; este,can | you | tell | me | what | happen | that | night,"Elmondanád, mi történt azon az éjszakán?",Can you tell me what happened that night?
Ledger | kérem; kérlek,ledger | please,"Ledger, kérlek.","Ledger, please."
én | kell; szüksége van | -hoz; -hez; felé | tudni; ismerni,i | need | to | know,Tudnom kell.,I need to know.
fogok | olvasni | ez; az | -hoz; -hez; felé | te; ön,i'll | read | it | to | you,Felolvasom neked.,I'll read it to you.
kedves | Scotty | mi | menni | -hoz; -hez; felé | a mi | kedvenc | hely | az; hogy | éjszaka; este,dear | scotty | we | go | to | our | favorite | spot | that | night,„Kedves Scotty! Aznap este elmentünk a kedvenc helyünkre.,"""Dear Scotty: ""We went to our favorite spot that night."
mellett; által | a mi | kedvenc | tó | az én | oldal | -nak; -nek; valaminek a | város,by | our | favorite | lake | my | side | of | town,"„A kedvenc tavunknál, az én városrészemben.”","""By our favorite lake, my side of town."""
hm,mm,Hm.,Mm.
mert | ez; az | lenni | a te; az ön | születésnap | én | akarni | ez; az | -hoz; -hez; felé | lenni | különleges,because | it | be | your | birthday | i | want | it | to | be | special,"„Mivel születésnapod volt, különlegessé akartam tenni.”","""Because it was your birthday, I wanted it to be special."""
hm,mm,Nem.,Mm-mm.
ne; nem | csinálni; készíteni; elkövetni | engem; nekem | csinálni | ez; az | egyedül,don't | make | me | do | it | alone,"Ne hagyd, hogy egyedül csináljam.",Don't make me do it alone.
jönni | rajta; -on; -en; -ön,come | on,Gyere már.,Come on.
hm,mmm,Mmm.,Mmm.
aha,mm-hmm,Aha.,Mm-hmm.
te; ön | kész,you | ready,Készen állsz?,You ready?
igen,yeah,Igen.,Yeah.
rendben,okay,Rendben.,Okay.
itt; tessék | mi | menni,here | we | go,"Na, tessék.",Here we go.
én vagyok | fog; készül valamire | megkapni; megérteni | be; bent; -ban; -ben | ott; tessék,i'm | gonna | get | in | there,Bemegyek.,I'm gonna get in there.
hurrá,whoo-hoo,Húú!,Whoo-hoo!
ez van; ez az | nem | ez van; ez az | tényleg; igazán | nem | az; hogy | rossz,it's | not | it's | really | not | that | bad,Nem... tényleg nem olyan rossz.,It's not-- it's really not that bad.
ez; az | tényleg; igazán | nem; nincs | várni | neki; számára | engem; nekem,it | really | isn't | wait | for | me,Tényleg nem az. – Várj meg.,It really isn't. - Wait for me.
várni | neki; számára | engem; nekem,wait | for | me,Várj meg.,Wait for me.
juhú | bébi; kisbaba,whoo | baby,"Hú, bébi!","Whoo, baby!"
ó | az én | Isten,oh | my | god,Te jó ég!,"Oh, my God!"
ó | az én | Isten,oh | my | god,Te jó ég.,"Oh, my God."
megköszönni | te; ön,thank | you,Köszönöm.,Thank you.
te; ön | megmenteni; félretenni | engem; nekem | ma este,you | save | me | tonight,Ma este megmentettél.,You saved me tonight.
és | én | mindig | fog,and | i | always | will,És mindig meg is foglak.,And I always will.
én | szeretni; szerelem | te; ön,i | love | you,Szeretlek.,I love you.
én | szeretni; szerelem | te; ön | is; túl,i | love | you | too,Én is szeretlek.,"I love you, too."
boldog | születésnap,happy | birthday,Boldog születésnapot!,Happy birthday.
aha,mm-hmm,Aha.,Mm-hmm.
te; ön | tudni; ismerni | mi | hangzik; hang | tényleg; igazán | jó; jól | rendben; helyes | most,you | know | what | sound | really | good | right | now,"Tudod, mi esne most igazán jól?",You know what sounds really good right now?
mi,what,Mi?,What?
néhány; valamennyi | hús | cipó; vagdalt | és | pépesíteni | burgonya,some | meat | loaf | and | mash | potato,Egy kis fasírt krumplipürével.,Some meat loaf and mashed potatoes.
annyira; így | gyerünk; csináljuk | menni | -hoz; -hez; felé | a; az | étkezde,so | let's | go | to | the | diner,Menjünk az étkezdébe.,"So, let's go to the diner."
aha,mm-hmm,Aha.,Mm-hmm.
én | gondolni | mi | érezni | legyőzhetetlen | az; hogy | éjszaka; este,i | think | we | feel | invincible | that | night,"„Azt hiszem, azon az éjszakán legyőzhetetlennek éreztük magunkat.”","""I think we felt invincible that night."""
te; ön | csinálni,you | do,Amit teszel,You do
igen | ők | lenni | minden | sárga,yeah | they | be | all | yellow,"Igen, mind sárgák voltak","Yeah, they were all yellow"
én | jönni | együtt; vele,i | come | along,Veled tartottam.,I came along
én | írni | egy | dal | neki; számára | te; ön,i | write | a | song | for | you,Írtam neked egy dalt.,I wrote a song for you
és | minden | a; az | dolog | te; ön | csinálni,and | all | the | thing | you | do,"És minden, amit teszel",And all the things you do
és | ez; az | lenni | hívni | sárga,and | it | be | call | yellow,És a címe „Yellow” lett...,"And it was called ""Yellow..."""
Kenna,kenna,Kenna!,Kenna!
hé; szia,hey,Szia.,Hey.
Scotty,scotty,Scotty?,Scotty?
hé; szia,hey,Szia.,Hey.
hé; szia,hey,Szia.,Hey.
hé; szia | Scotty,hey | scotty,"Hé, Scotty.","Hey, Scotty."
hé; szia,hey,Szia.,Hey.
hé; szia,hey,Szia.,Hey.
én vagyok | itt; tessék,i'm | here,Itt vagyok.,I'm here.
drágám,babe,Drágám.,Babe.
Scotty,scotty,Scotty!,Scotty!
nem,no,Ne!,No!
nem,no,Nem.,No.
segíteni; segítség,help,Segítség!,Help!
én | van neki; birtokolni; kell | -hoz; -hez; felé | megkapni; megérteni | segíteni; segítség | annyira; így | én | menni | -hoz; -hez; felé | a; az | autópálya,i | have | to | get | help | so | i | go | to | the | highway,"„Segítséget kellett szereznem, ezért kimentem az országútra.”","""I had to get help, so I went to the highway."""
hé; szia,hey,Szia.,Hey.
segíteni; segítség,help,Segítség!,Help!
nem,no,Nem.,No.
ó,oh,Ó!,Oh!
nem | egy | megállni; megállítani,no | one | stop,„Senki sem állt meg.”,"""No one stopped."
és | az; ez az | a; az | utolsó | dolog | én | emlékezni,and | that's | the | last | thing | i | remember,"És ez az utolsó, amire emlékszem.”","And that's the last thing I remember."""
hogyan | nagyon; sok | csinálni | te; ön | van neki; birtokolni; kell | -hoz; -hez; felé | ital; inni,how | much | do | you | have | to | drink,Mennyit ittál?,How much did you have to drink?
lenni | te; ön | rajta; -on; -en; -ön | bármilyen; valamennyi | másik | illegális | anyag,be | you | on | any | other | illegal | substance,Fogyasztott más illegális szert is?,Are you on any other illegal substances?
csinálni | te; ön | hívni | neki; számára | segíteni; segítség,do | you | call | for | help,Hívott segítséget?,Did you call for help?
csinálni | te; ön | tudni; ismerni | ő | lenni | még; mozdulatlan | életben | mikor; amikor | te; ön | elmenekülni | a; az | helyszín; jelenet,do | you | know | he | be | still | alive | when | you | flee | the | scene,"Tudta, hogy még életben volt, amikor elmenekült a helyszínről?",Did you know he was still alive when you fled the scene?
csinálni | te; ön | tudni; ismerni | ő | lenni | még; mozdulatlan | életben | mikor; amikor | mi | megtalálni | őt; neki,do | you | know | he | be | still | alive | when | we | find | him,"Tudta, hogy még életben volt, amikor megtaláltuk?",Did you know he was still alive when we found him?
én | nem ...t | tudni; ismerni | az; hogy | a te; az ön | kar | van neki; birtokolni; kell | lenni | összezúzni,i | didn't | know | that | your | arm | have | be | crush,"„Nem tudtam, hogy szétroncsolódott a karod.”","""I didn't know that your arm had been crushed."
az; hogy | te; ön | lenni | még; mozdulatlan | életben,that | you | be | still | alive,„Hogy még életben voltál.”,"""That you were still alive."
én vagyok | sajnálom | Scotty,i'm | sorry | scotty,"„Sajnálom, Scotty.","""I'm sorry, Scotty."
én vagyok | annyira; így | sajnálom,i'm | so | sorry,„Annyira sajnálom.,"""I'm so sorry."
mikor; amikor | a; az | megítélni; bíró | adni | engem; nekem | hét | év | én | nem ...t | gondolni | ez; az | lenni | elég,when | the | judge | give | me | seven | year | i | didn't | think | it | be | enough,"„Amikor a bíró hét évre ítélt, nem éreztem elégnek.”","""When the judge gave me seven years, ""I didn't think it was enough."
de | ha | én | van neki; birtokolni; kell | tudni; ismerni | az; hogy | én | lenni | terhes | én | ... volna | soha | bűnösnek vallani magát; könyörögni | bűnös,but | if | i | have | know | that | i | be | pregnant | i | would've | never | plead | guilty,"„De ha tudtam volna, hogy terhes vagyok, soha nem vallottam volna magam bűnösnek.”","""But if I had known that I was pregnant, ""I would've never pled guilty."
én | csak; éppen | nem ...t | tudni; ismerni | én | van neki; birtokolni; kell | bármi | elhagyni; békén hagyni | -hoz; -hez; felé | élni | neki; számára,i | just | didn't | know | i | have | anything | leave | to | live | for,"„Csak nem tudtam, maradt-e még bármi, amiért érdemes élnem.","""I just didn't know I had anything left to live for."
ott; tessék | lenni | egy | korábban; előtt | te; ön | ott; tessék | lenni | egy | közben; alatt | te; ön | és | én | soha | gondolni | ott; tessék | volna; tenne | lenni | egy | után | te; ön,there | be | a | before | you | there | be | a | during | you | and | i | never | think | there | would | be | an | after | you,"„Volt egy életem előtted, volt egy veled, és sosem hittem, hogy lesz majd utánad is.”","""There was a 'before you,' there was a 'during you,' and I never thought there would be an 'after you.'"""
én vagyok | sajnálom | te; ön | elveszíteni | őt; neki,i'm | sorry | you | lose | him,"Sajnálom, hogy elvesztetted.",I'm sorry you lost him.
nem | egy | valaha | mondani | az; hogy | -hoz; -hez; felé | engem; nekem | korábban; előtt,no | one | ever | say | that | to | me | before,Ezt még soha senki nem mondta nekem.,No one's ever said that to me before.
hé; szia | hé; szia,hey | hey,"Hé, hé.","Hey, hey."
Grace; kegyelem | nem ...t | hallani | vissza,grace | didn't | hear | back,Grace nem jelentkezett.,Grace didn't hear back.
ő | akarni | engem; nekem | -hoz; -hez; felé | ellenőrizni | rajta; -on; -en; -ön | te; ön,she | want | me | to | check | on | you,"Azt akarta, hogy nézzek rád.",She wanted me to check on you.
ó,oh,Ó.,Oh.
Patrick,patrick,Patrick.,Patrick.
ő | lenni | a te; az ön | jó; jól | barát,he | be | your | good | friend,Ő volt a... legjobb barátod.,He was your... best friend.
Patrick,patrick,Patrick.,Patrick.
Patrick,patrick,Patrick.,Patrick.
Patrick,patrick,Patrick!,Patrick!
Patrick,patrick,Patrick.,Patrick.
lenni | te; ön | aludni | -val; -vel | őt; neki; az ő,be | you | sleep | with | her,Lefekszel vele?,Are you sleeping with her?
nézni | én | gondolni | a; az | három | -nak; -nek; valaminek a | minket; nekünk | kell; szüksége van | -hoz; -hez; felé | ülni | le; lent | és | csak; éppen,look | i | think | the | three | of | us | need | to | sit | down | and | just,"Nézd, szerintem hármunknak le kellene ülnünk, és csak...","Look, I think the three of us need to sit down and just..."
lenni | te; ön | aludni | -val; -vel | őt; neki; az ő,be | you | sleep | with | her,Lefekszel vele?,Are you sleeping with her?
mi már; nekünk van | minden | lenni | téves; rossz | -ról; -ről; körülbelül | őt; neki; az ő,we've | all | be | wrong | about | her,Mindannyian tévedtünk vele kapcsolatban.,We've all been wrong about her.
te már; neked van | vinni; elvenni | a; az | rossz | pillanat | -nak; -nek; valaminek a | őt; neki; az ő | élet | és | csinálni; készíteni; elkövetni | ez; az | -ba; -be | ki | ő | lenni,you've | take | the | bad | moment | of | her | life | and | make | it | into | who | she | be,"Fogtad élete legrosszabb pillanatát, és az alapján ítélted meg, milyen ember.",You've taken the worst moment of her life and made it into who she is.
ó | az én | Isten,oh | my | god,Te jó ég.,"Oh, my God."
ó | az én,oh | my,Te jó ég...,"Oh, my..."
nem,no,Nem.,No.
Ledger,ledger,Ledger!,Ledger!
Patrick,patrick,Patrick!,Patrick!
Ledger,ledger,Ledger!,Ledger!
megkapni; megérteni | őt; neki; az ő | be; bent; -ban; -ben,get | her | in,Hívd be.,Get her in.
Patrick,patrick,Patrick.,Patrick.
csak; éppen,just,Csak...,Just...
elhagyni; békén hagyni | minket; nekünk | egyedül,leave | us | alone,Hagyjatok minket békén.,Leave us alone.
hallani | engem; nekem | ki; végig,hear | me | out,Hallgass meg!,Hear me out!
elhagyni; békén hagyni | minket; nekünk | egyedül,leave | us | alone,Hagyjatok minket békén.,Leave us alone.
mi | lenni | te; ön | fog; készül valamire | csinálni,what | be | you | gonna | do,Mit fogsz tenni?,What are you gonna do?
én | ne; nem | tudni; ismerni,i | don't | know,Nem tudom.,I don't know.
te; ön | szeretni; szerelem | őt; neki; az ő,you | love | her,Szereted?,You love her?
nos; jól | nos; jól | én | csak; éppen | remélni; remény | te; ön | csinálni | a; az | rendben; helyes | dolog,well | well | i | just | hope | you | do | the | right | thing,"Hát... csak remélem, hogy helyesen cselekszel.","Well... well, I just hope you do the right thing."
mi van; mi a | a; az | rendben; helyes | dolog,what's | the | right | thing,Mi a helyes döntés?,What's the right thing?
én | ne; nem | tudni; ismerni,i | don't | know,Nem tudom.,I don't know.
én | csak; éppen | remélni; remény | te; ön | csinálni | ez; az,i | just | hope | you | do | it,"Csak remélem, hogy megteszed.",I just hope you do it.
au,ow,Aú.,Ow.
mi | történni,what | happen,Mi történt?,What happened?
lenni | ez; az | Patrick,be | it | patrick,Patrick volt az?,Was it Patrick?
csinálni | Diem | látni,do | diem | see,Diem látta?,Did Diem see?
nem,no,Nem.,No.
nem,no,Nem.,No.
nem | ez | nem tud,no | this | can't,"Nem, ez nem...","No, this can't..."
lenni | ők | fog; készül valamire | engedni | te; ön | látni | őt; neki; az ő,be | they | gonna | let | you | see | her,"Engedni fogják, hogy találkozz vele?",Are they gonna let you see her?
én | ne; nem | tudni; ismerni,i | don't | know,Nem tudom.,I don't know.
én | őszintén | ne; nem | tudni; ismerni | mi van; mi a | fog; készül valamire | történni,i | honestly | don't | know | what's | gonna | happen,"Őszintén szólva fogalmam sincs, mi fog történni.",I-I honestly don't know what's gonna happen.
ó | Isten,oh | god,Istenem.,"Oh, God."
Kenna,kenna,Kenna.,Kenna.
én | van neki; birtokolni; kell | sajnálom,i | have | sorry,Nekem... sajnálom.,I have to-- Sorry.
én | van neki; birtokolni; kell | -hoz; -hez; felé | elhagyni; békén hagyni,i | have | to | leave,El kell mennem.,I have to leave.
várni,wait,Várj.,Wait.
Kenna,kenna,Kenna.,Kenna.
nem,no,Nem.,No.
én | csak; éppen | én | ne; nem | én | ne; nem | akarni | dolog | -hoz; -hez; felé | változni; változás | neki; számára | őt; neki; az ő,i | just | i | don't | i | don't | want | thing | to | change | for | her,"Csak... nem akarom, hogy bármi megváltozzon számára.","I just-- I don't, I don't want things to change for her."
őt; neki; az ő | élet | lenni | annyira; így | boldog | és | ő | nem ...ik | még; páros | tudni; ismerni | az; hogy | én | létezni,her | life | be | so | happy | and | she | doesn't | even | know | that | i | exist,"Olyan boldog az élete, és nem is tudja, hogy létezem.","Her life is-is so happy, and she doesn't even know that I exist."
te; ön | kellene | csak; éppen | adni | őket; nekik | néhány; valamennyi | idő | minden | rendben; helyes,you | should | just | give | them | some | time | all | right,"Adj nekik egy kis időt, rendben?","You should just give them some time, all right?"
adni | őket; nekik | idő,give | them | time,Adjunk nekik időt?,Give them time?
ők már; nekik van | van neki; birtokolni; kell | baszd meg; baszni | év,they've | have | fuck | year,Kibaszott éveik voltak rá.,They've had fucking years.
rendben,okay,Rendben?,Okay?
ők; ők vannak | nem | fog; készül valamire | megkapni; megérteni | félre | ez; az,they're | not | gonna | get | over | it,Ezen nem fognak túllépni.,They're not gonna get over it.
én | gondolni; komolyan mondani | mi van; mi a | fog; készül valamire | változni; változás,i | mean | what's | gonna | change,Mégis mi változna?,"I mean, what's gonna change?"
ez van; ez az | csak | fog; készül valamire | megkapni; megérteni | nehéz; kemény | neki; számára | minket; nekünk | Kenna,it's | only | gonna | get | hard | for | us | kenna,Ez csak egyre nehezebb lesz nekünk. – Kenna.,It's only gonna get harder for us. - Kenna.
várni | várni | várni,wait | wait | wait,"Várj, várj, várj.","Wait, wait, wait."
kérem; kérlek | ne; nem | menni,please | don't | go,"Kérlek, ne menj el.",Please don't go.
kérem; kérlek | ne; nem | menni,please | don't | go,"Kérlek, ne menj el.",Please don't go.
csak; éppen | menni | -hoz; -hez; felé | őket; nekik | és | bocsánatot kérni,just | go | to | them | and | apologize,"Csak menj oda hozzájuk, és kérj bocsánatot.",Just go to them and apologize.
Diem | kell; szüksége van | te; ön,diem | need | you,Diemnek szüksége van rád.,Diem needs you.
Kenna | nem,kenna | no,"Kenna, ne.","Kenna, no."
Kenna,kenna,Kenna.,Kenna.
maradni,stay,Maradj.,Ke-- Stay.
kérem; kérlek | megkapni; megérteni,please | get,"Kérlek, csak...",Please get...
kérem; kérlek | ne; nem | menni,please | don't | go,"Kérlek, ne menj el.",Please don't go.
kérem; kérlek,please,Kérlek.,Please.
kérem; kérlek,please,Kérlek.,Please.
rendben,okay,Rendben?,Okay?
nem,no,Nem.,No.
én | nem tud | maradni | itt; tessék,i | can't | stay | here,Nem maradhatok itt.,I can't stay here.
kérem; kérlek | ne; nem | gyűlölni | őket; nekik,please | don't | hate | them,"Kérlek, ne gyűlöld őket.",Please don't hate them.
ők; ők vannak | adni | őt; neki; az ő | egy | jó; jól | élet,they're | give | her | a | good | life,Jó életet biztosítanak neki.,They're giving her a good life.
mikor; amikor | Diem | kérdezni; kérni | -ról; -ről; körülbelül | őt; neki; az ő | anya | én vagyok | fog; készül valamire | csinálni; készíteni; elkövetni | persze; biztos | ő | tudni; ismerni | hogyan | hihetetlen; rendkívüli | te; ön | lenni,when | diem | ask | about | her | mom | i'm | gonna | make | sure | she | know | how | incredible | you | be,"Amikor Diem az anyjáról kérdez, gondoskodom róla, hogy tudja, milyen csodálatos vagy.","When Diem asks about her mom, I'm gonna make sure she knows how incredible you are."
és | hogyan | nagyon; sok | te; ön | szeretni; szerelem | őt; neki; az ő,and | how | much | you | love | her,"És azt is, mennyire szereted.",And how much you love her.
viszlát,goodbye,Viszlát.,Goodbye.
te; ön | kellene | menni,you | should | go,Menj el.,You should go.
ez | nem fog | vinni; elvenni | hosszú,this | won't | take | long,Nem tart sokáig.,This won't take long.
nekem van; én már | adni | a; az | utolsó | öt | év | -nak; -nek; valaminek a | az én | élet | -hoz; -hez; felé | az; hogy | kicsi; kevés | lány,i've | give | the | last | five | year | of | my | life | to | that | little | girl,Az elmúlt öt évemet ennek a kislánynak szenteltem.,I've given the last five years of my life to that little girl.
te; ön | tartozni | engem; nekem | ez,you | owe | me | this,Tartozol nekem ennyivel.,You owe me this.
ez | lenni | Kenna,this | be | kenna,Ez Kennáé.,This is Kenna's.
én | könyvjelzővel megjelölni | a; az | levél | én | kell; szüksége van | te; ön | -hoz; -hez; felé | olvasni,i | bookmark | the | letter | i | need | you | to | read,"Megjelöltem azt a levelet, amelyet el kell olvasnod.",I bookmarked the letter I need you to read.
a; az | többi; pihenni | lenni | magán; személyes,the | rest | be | private,A többi magánügy.,The rest is private.
én | ne; nem | akarni | te; ön | -hoz; -hez; felé | olvasni | ez | levél | mert,i | don't | want | you | to | read | this | letter | because,"Nem azért akarom, hogy elolvasd ezt a levelet, mert...",I don't want you to read this letter because...
mert | én | szeretni; szerelem | Kenna,because | i | love | kenna,...mert szeretem Kennát.,because I love Kenna.
én | akarni | te; ön | -hoz; -hez; felé | olvasni | ez | levél | mert | Scotty | szeretni; szerelem | Kenna,i | want | you | to | read | this | letter | because | scotty | love | kenna,"Azért akarom, hogy elolvasd, mert Scotty szerette Kennát.",I want you to read this letter because Scotty loved Kenna.
ő | tényleg; igazán | szeretni; szerelem | őt; neki; az ő,he | really | love | her,Igazán szerette.,He really loved her.
itt; tessék,here,Tessék.,Here.
mi | csinálni | te; ön | gondolni | Ivy,what | do | you | think | ivy,"Mit gondolsz, Ivy?","What do you think, Ivy?"
te; ön | akarni | -hoz; -hez; felé | jönni | -val; -vel | engem; nekem,you | want | to | come | with | me,Velem akarsz jönni?,You want to come with me?
tud/képes | mi | beszélni,can | we | talk,Beszélhetünk?,Can we talk?
te; ön | tud/képes | jönni | be; bent; -ban; -ben,you | can | come | in,Bejöhetsz.,You can come in.
öö,um,Ööö...,Um...
én | olvasni | mi | te; ön | írni | -ról; -ről; körülbelül | az; hogy | éjszaka; este,i | read | what | you | write | about | that | night,"Elolvastam, amit arról az éjszakáról írtál.",I read what you wrote about that night.
én | kitalálni; gondolni,i | guess,Azt hiszem...,I guess...
én | csinálni | elhinni,i | do | believe,"...mégis elhiszem, hogy...",...I do believe...
Scotty,scotty,...Scotty...,...Scotty...
volna; tenne | van neki; birtokolni; kell | akarni | te; ön | -hoz; -hez; felé | találkozni; megismerni,would | have | want | you | to | meet,"...azt akarta volna, hogy találkozz...",...would have wanted you to meet...
az ő; övé | lánya; lánygyermek,his | daughter,...a lányával.,...his daughter.
én | nem tud | ígérni; ígéret | bármi | túl | az; hogy,i | can't | promise | anything | beyond | that,Ennél többet nem ígérhetek.,I can't promise anything beyond that.
nézni | -nál; -nél | a; az | csillag,look | at | the | star,Nézd a csillagokat,Look at the stars
nézni | hogyan | ők | ragyogni | neki; számára | te; ön,look | how | they | shine | for | you,"Nézd, hogyan ragyognak érted.",Look how they shine for you
és | minden | te; ön | csinálni,and | everything | you | do,"És mindent, amit teszel",And everything you do
ők | lenni | minden | sárga,they | be | all | yellow,Mind sárgák voltak,They were all yellow
én | úszni | keresztül; át,i | swim | across,Átúsztam.,I swam across
én | ugrani | keresztül; át | neki; számára | te; ön,i | jump | across | for | you,Átugrottam érted.,I jumped across for you
ó | mi | egy | dolog | -hoz; -hez; felé | csinálni,oh | what | a | thing | to | do,"Ó, micsoda dolog volt ezt megtenni","Oh, what a thing to do"
ez; az | lenni | minden | sárga,it | be | all | yellow,Minden sárga volt,It was all yellow
ez; az | lenni | minden | sárga,it | be | all | yellow,Minden sárga volt,It was all yellow
ó | ó,ooh | ooh,"Ó, ó","Ooh, ooh"
ó | ó,ooh | ooh,"Ó, ó","Ooh, ooh"
ó | ó,ooh | ooh,"Ó, ó","Ooh, ooh"
ó | ó,ooh | ooh,"Ó, ó.","Ooh, ooh."
én | meghívni | Kenna | -hoz; -hez; felé | vacsora,i | invite | kenna | to | dinner,Meghívtam Kennát vacsorára.,I invited Kenna to dinner.
volna; tenne | te; ön | mint; kedvelni | -hoz; -hez; felé | csatlakozni,would | you | like | to | join,Szeretnél csatlakozni?,Would you like to join?
ő; ő van | ki; végig | vissza,she's | out | back,Kint van hátul.,She's out back.
tud/képes | te; ön | jönni | -val; -vel | engem; nekem,can | you | come | with | me,Velem jössz?,Can you come with me?
Ledger,ledger,Ledger!,Ledger!
hé; szia,hey,Szia.,Hey.
jönni | itt; tessék,come | here,Gyere ide.,Come here.
hűha,whoa,Hűha.,Whoa.
én | hiányolni; lemaradni | te; ön | annyira; így | nagyon; sok,i | miss | you | so | much,Annyira hiányoztál.,I missed you so much.
én | akarni | te; ön | -hoz; -hez; felé | találkozni; megismerni | valaki,i | want | you | to | meet | somebody,"Szeretném, ha megismernél valakit.",I want you to meet somebody.
ez | lenni | az én | barát | Kenna,this | be | my | friend | kenna,"Ő a barátom, Kenna.",This is my friend Kenna.
szia | Kenna,hi | kenna,"Szia, Kenna.","Hi, Kenna."
csinálni | te; ön | akarni | -hoz; -hez; felé | látni | az én | háziállat | teknős,do | you | want | to | see | my | pet | turtle,Szeretnéd látni a házi teknősömet?,Do you want to see my pet turtle?
én | volna; tenne | szeretni; szerelem | -hoz; -hez; felé,i | would | love | to,Nagyon szívesen.,I would love to.
mi van; mi a | az ő; övé | név,what's | his | name,Hogy hívják?,What's his name?
Ledger,ledger,Ledger.,Ledger.
ez; az | nézni | csak; éppen | mint; kedvelni | őt; neki,it | look | just | like | him,"Pont úgy néz ki, mint ő.",It looks just like him.
hé; szia,hey,Szia.,Hey.
ó | hűha,oh | wow,Hűha.,"Oh, wow."
csinálni | te; ön | akarni | -hoz; -hez; felé | látni | az én | dzsungel; mászóka | mászóka; tornaterem,do | you | want | to | see | my | jungle | gym,Megnézed a mászókámat?,Do you want to see my jungle gym?
én vagyok | tényleg; igazán | majdnem | hat | és | ez van; ez az | az én | ajándék | annyira; így | ez van; ez az | nem | egy | nagyon | jó; jól | meglepetés | mert | ez van; ez az | is; túl | nagy | -hoz; -hez; felé | becsomagolni,i'm | really | nearly | six | and | it's | my | gift | so | it's | not | a | very | good | surprise | because | it's | too | big | to | wrap,"Már majdnem hatéves vagyok, és ez az én ajándékom, szóval nem valami jó meglepetés, mert túl nagy ahhoz, hogy becsomagolják.","I'm really nearly six, and it's my gift, so it's not a very good surprise 'cause it's too big to wrap."
Ledger | tud/képes | te; ön | tenni | Ledger | be; bent; -ban; -ben | az ő; övé | akvárium; tartály | annyira; így | ő | nem ...ik | megkapni; megérteni | elveszíteni,ledger | can | you | put | ledger | in | his | tank | so | he | doesn't | get | lose,"Ledger, betennéd Ledgert az akváriumába, hogy ne vesszen el?","Ledger, can you put Ledger in his tank so he doesn't get lost?"
minden | rendben; helyes,all | right,Rendben.,All right.
ó,oh,Ó.,Oh.
te; ön | jóképű | fenevad,you | handsome | beast,Te jóképű fenevad.,You handsome beast.
ez | használni | -hoz; -hez; felé | lenni | az én | apuci,this | use | to | be | my | daddy,Ez régen az apukámé volt.,This used to be my daddy's.
te; ön | tudni; ismerni | én | használni | -hoz; -hez; felé | tudni; ismerni | a te; az ön | apuci,you | know | i | use | to | know | your | daddy,"Tudod, én ismertem az apukádat.","You know, I-I used to know your daddy."
lenni | te; ön | az ő; övé | barát,be | you | his | friend,A barátja voltál?,Were you his friend?
én | lenni | az ő; övé | barátnő,i | be | his | girlfriend,A barátnője voltam.,I was his girlfriend.
én | nem ...t | tudni; ismerni | az én | apuci | van neki; birtokolni; kell | egy | barátnő,i | didn't | know | my | daddy | have | a | girlfriend,"Nem tudtam, hogy apukámnak volt barátnője.",I didn't know my daddy had a girlfriend.
igen | én | szeretni; szerelem | őt; neki | nagyon | nagyon; sok,yeah | i | love | him | very | much,"Igen, nagyon szerettem őt.","Yeah, I loved him very much."
miért | lenni | te; ön | szomorú,why | be | you | sad,Miért vagy szomorú?,Why are you sad?
csinálni | te; ön | hiányolni; lemaradni | őt; neki,do | you | miss | him,Hiányzik neked?,Do you miss him?
öö,um,Ööö...,Um...
nos; jól | én | hiányolni; lemaradni,well | i | miss,"Hát, hiányzik...","Well, I miss..."
én | hiányolni; lemaradni | őt; neki | egy | sok; nagyon,i | miss | him | a | lot,Nagyon hiányzik.,I miss him a lot.
de | ez van; ez az | nem | miért | én vagyok | sírni,but | it's | not | why | i'm | cry,De nem ezért sírok.,But it's not why I'm crying.
én vagyok | sírni | mert | én vagyok | annyira; így | boldog | -hoz; -hez; felé | lenni | itt; tessék | -val; -vel | te; ön,i'm | cry | because | i'm | so | happy | to | be | here | with | you,"Azért sírok, mert nagyon boldog vagyok, hogy itt lehetek veled.",I'm crying because I'm so happy to be here with you.
miért,why,Miért?,Why?
tud/képes | te; ön | jönni | itt; tessék,can | you | come | here,Idejönnél?,Can you come here?
én | akarni | -hoz; -hez; felé | mondani; elmondani | te; ön | valami,i | want | to | tell | you | something,Szeretnék mondani neked valamit.,I want to tell you something.
én | tudni; ismerni | az; hogy | te; ön | csak; éppen | találkozni; megismerni | engem; nekem | de,i | know | that | you | just | meet | me | but,"Tudom, hogy csak most találkoztunk, de...","I know that you just met me, but..."
nos; jól | én vagyok | a te; az ön | anya,well | i'm | your | mama,Hát én vagyok az anyukád.,"W-Well, I'm your mama."
tényleg; igazán,really,Tényleg?,Really?
igen | te; ön | öö,yeah | you | um,"Igen, te, ööö...","Yeah, you, um..."
te; ön | nőni; növekedni | be; belül | az én | has | és | akkor; aztán | öö | nagyi | és | nagypapa | ők,you | grow | inside | my | belly | and | then | um | nana | and | grandpa | they,"Bennem növekedtél, aztán Nana és nagypapa...","you grew inside my belly, and then, um, Nana and Grandpa, they..."
nem | nagypapa,not | grandpa,Nem nagypapa.,Not Grandpa.
NoNo,nono,NoNo.,NoNo.
ó,oh,Ó.,Oh.
NoNo,nono,NoNo.,NoNo.
NoNo | és | nagyi,nono | and | nana,NoNo és Nana...,NoNo and Nana...
ők | vinni; elvenni | gondoskodni; törődés | -nak; -nek; valaminek a | te; ön | mikor; amikor | én | nem tudott,they | take | care | of | you | when | i | couldn't,"Ők gondoskodtak rólad, amikor én nem tudtam.",they took care of you when I couldn't.
csinálni | te; ön | megkapni; megérteni | egy | nagy | autó,do | you | get | a | big | car,Nagyobb autót kaptál?,Did you get a bigger car?
öö,um,Ööö...,Um...
rendben; helyes,right,Rendben.,Right.
öö,um,Ööö...,Um...
nos; jól | én vagyok | dolgozni; munka | rajta; -on; -en; -ön | ez; az,well | i'm | work | on | it,Dolgozom rajta.,"Well, I'm working on it."
mi | ital; inni | csinálni | te; ön | akarni,what | drink | do | you | want,Milyen italt kérsz?,What drink do you want?
tud/képes | én | szeretnék; én ...nék | mint; kedvelni | egy | lila | egy | kérem; kérlek,can | i | i'd | like | a | purple | one | please,Kérhetnék egy lilát?,"Can I ha-- I'd like a purple one, please."
ez van; ez az | lilás levendulaszínű,it's | purple-lavender,Lilás levendulaszínű.,It's purple-lavender.
én vagyok | fog; készül valamire | megkapni; megérteni | te; ön | egy | darab | -nak; -nek; valaminek a | pirítós,i'm | gonna | get | you | a | piece | of | toast,Hozok neked egy szelet pirítóst.,I'm gonna get you a piece of toast.
megköszönni | te; ön,thank | you,Köszönöm.,Thank you.
hm,mmm,Mmm!,Mmm!
én | elfelejteni | a te; az ön | név,i | forget | your | name,Elfelejtettem a nevedet.,I forgot your name.
öö | Kenna,um | kenna,"Öö, Kenna.","Um, Kenna."
tud/képes | te; ön | lökni; erőltetni | engem; nekem | rajta; -on; -en; -ön | a; az | hinta; hintázni | kérem; kérlek | Kenna,can | you | push | me | on | the | swing | please | kenna,"Meglököd a hintámat, kérlek, Kenna?","Can you push me on the swings, please, Kenna?"
igen,yes,Igen.,Yes.
juhú,whee,Juhú!,Whee!
hé; szia,hey,Szia.,Hey.
öö | ő; ő van | nézni | neki; számára | néhány; valamennyi | gyümölcslé,uh | she's | look | for | some | juice,"Öö, egy kis gyümölcslevet keres.","Uh, she's looking for some juice."
hm | be; bent; -ban; -ben | a; az | hűtő,mm | in | the | fridge,"Hm, a hűtőben.","Mm, in the fridge."
rendben,okay,Rendben.,Okay.
tud/képes | én | segíteni; segítség | -val; -vel | bármi,can | i | help | with | anything,Segíthetek valamiben?,Can I help with anything?
nem | az; ez az | rendben,no | that's | okay,"Nem, köszönöm.","No, that's okay."
te; ön | játszani | -val; -vel | a te; az ön | lánya; lánygyermek,you | play | with | your | daughter,Te csak játssz a lányoddal.,You play with your daughter.
öö | Grace; kegyelem,uh | grace,G-Grace.,"Uh, G-Grace."
ez van; ez az,it's,Ez...,It's...
mi | menni | előre,we | go | forward,Előre haladunk.,We go forward.
ő | gondolni | az; hogy | ő | van neki; birtokolni; kell | -hoz; -hez; felé | viselni | egy | gipsz; szereposztás | neki; számára | a; az | többi; pihenni | -nak; -nek; valaminek a | őt; neki; az ő | élet,she | think | that | she | have | to | wear | a | cast | for | the | rest | of | her | life,"Azt hitte, élete végéig gipszet kell hordania.",She thought that she had to wear a cast for the rest of her life.
nem | egy | gondolni | -hoz; -hez; felé | mondani; elmondani | őt; neki; az ő,no | one | think | to | tell | her,Senkinek sem jutott eszébe elmondani neki...,No one thought to tell her...
és | ő | lenni | csak | három,and | she | be | only | three,És még csak hároméves volt.,And she was only three.
nekem van; én már | tudni; ismerni | te; ön | óta; mivel | te; ön | lenni | Diem | kor; életkor | Ledge,i've | know | you | since | you | be | diem | age | ledge,"Azóta ismerlek, hogy annyi idős voltál, mint most Diem, Ledge.","I've known you since you were Diem's age, Ledge."
és | nem | egy | idő | be; bent; -ban; -ben | minden | azok | év | csinálni | te; ön | valaha | adni | engem; nekem | egy | egyetlen; egyedülálló | ok | -hoz; -hez; felé | kételkedni; kétség | te; ön,and | not | one | time | in | all | those | year | do | you | ever | give | me | a | single | reason | to | doubt | you,"És mindazok alatt az évek alatt egyszer sem adtál okot arra, hogy kételkedjek benned.",And not one time in all those years did you ever give me a single reason to doubt you.
annyira; így | ha | te vagy; ön van | mondani; elmondani | engem; nekem | Kenna | méltó | -nak; -nek; valaminek a | Diem,so | if | you're | tell | me | kenna | worthy | of | diem,"Ha tehát azt mondod, hogy Kenna méltó Diemhez...",So if you're telling me Kenna's worthy of Diem...
akkor; aztán | én | elhinni | te; ön,then | i | believe | you,...akkor hiszek neked.,...then I believe you.
lenni | te; ön | gyerek | engem; nekem,be | you | kid | me,Ugye csak viccelsz?,Are you kidding me?
lenni | az; hogy | egy | átkozott | galamb,be | that | a | freakin | pigeon,Az ott egy rohadt galamb?,Is that a freakin' pigeon?
az; ez az | egy | átkozott | galamb,that's | a | freakin | pigeon,Ez egy rohadt galamb!,That's a freakin' pigeon!
hűha,wow,Hűha.,Wow.
a te; az ön | bőr,your | skin,A bőröd.,Your skin
ó | igen | a te; az ön | bőr | és | csont,oh | yeah | your | skin | and | bone,"Ó, igen, a bőröd és a csontjaid.","Oh, yeah, your skin and bones"
fordulni; sor | -ba; -be | valami | gyönyörű,turn | into | something | beautiful,Valami gyönyörűvé változnak.,Turn into something beautiful
te; ön | tudni; ismerni,you | know,Tudod,You know
te; ön | tudni; ismerni | én | szeretni; szerelem | te; ön | annyira; így,you | know | i | love | you | so,"Tudod, hogy nagyon szeretlek",You know I love you so
te; ön | tudni; ismerni | én | szeretni; szerelem | te; ön | annyira; így,you | know | i | love | you | so,"Tudod, hogy nagyon szeretlek",You know I love you so
te; ön | tudni; ismerni | én | szeretni; szerelem | te; ön | annyira; így,you | know | i | love | you | so,"Tudod, hogy nagyon szeretlek...",You know I love you so...
nézni,look,Nézd.,Look.
te; ön | persze; biztos | te; ön | ne; nem | akarni | engem; nekem | -hoz; -hez; felé | segíteni; segítség,you | sure | you | don't | want | me | to | help,"Biztos, hogy nem kell segítenem?",You sure you don't want me to help?
mi | megkapni; megérteni | ez,we | get | this,Megoldjuk.,We got this.
igen | mi már; nekünk van | megkapni; megérteni | ez,yeah | we've | get | this,"Igen, menni fog.","Yeah, we've got this."
ó | ó,ooh | ooh,"Ó, ó.","Ooh, ooh."
fog; készül valamire | beleszúrni; odaragasztani | ez; az | be; bent; -ban; -ben | rendben; helyes | itt; tessék,gonna | stick | it | in | right | here,Pont ide fogjuk leszúrni.,Gonna stick it in right here.
miért | lenni | mi | tenni | ez | itt; tessék,why | be | we | put | this | here,Miért tesszük ezt ide?,Why are we putting this here?
nos; jól | ez majd; ez fog | csinálni; készíteni; elkövetni | a te; az ön | nagyi | tényleg; igazán | boldog | -hoz; -hez; felé | tudni; ismerni | az; hogy | ez van; ez az | itt; tessék | ha | ő | valaha | vezetni | mellett; által,well | it'll | make | your | nana | really | happy | to | know | that | it's | here | if | she | ever | drive | by,"A nagyid nagyon boldog lesz, ha meglátja itt, amikor erre autózik.","Well, it'll make your nana really happy to know that it's here if she ever drives by."
fog | ez; az | csinálni; készíteni; elkövetni | az én | apuci | boldog,will | it | make | my | daddy | happy,Az apukámat is boldoggá teszi majd?,Will it make my daddy happy?
ez majd; ez fog | ez majd; ez fog | csinálni; készíteni; elkövetni | őt; neki | annyira; így | boldog | az; hogy | mi vagyunk | együtt; össze,it'll | it'll | make | him | so | happy | that | we're | together,"Nagyon boldoggá teszi majd, hogy együtt vagyunk.",It'll... it'll make him so happy that we're together.
tud/képes | én | ráütni; eltalálni | ez; az,can | i | hit | it,Ráüthetek?,Can I hit it?
igen | ráütni; eltalálni | ez; az | rendben; helyes | itt; tessék,yeah | hit | it | right | here,"Igen, itt üsd meg.","Yeah, hit it right here."
jó; jól | munka,good | job,Szép munka.,Good job.
kedves | Scotty | én | használni | -hoz; -hez; felé | írni | -hoz; -hez; felé | te; ön | mikor; amikor | én | lenni | magányos,dear | scotty | i | use | to | write | to | you | when | i | be | lonely,"Kedves Scotty! Régebben akkor írtam neked, amikor magányos voltam.",Dear Scotty: I used to write to you when I was lonely.
én | tudni; ismerni | ez van; ez az | lenni | egy | egy ideje; miközben,i | know | it's | be | a | while,"Tudom, hogy már régen írtam.",I know it's been a while.
talán | az; ez az | mert | én vagyok | nem | egyedül | már többé,maybe | that's | because | i'm | not | alone | anymore,"Talán azért, mert már nem vagyok egyedül.",Maybe that's because I'm not alone anymore.
én | van neki; birtokolni; kell | Ledger,i | have | ledger,Itt van nekem Ledger...,I have Ledger...
és | a te; az ön | szülő | és | Diem,and | your | parent | and | diem,...és a szüleid meg Diem.,...and your parents and Diem.
most | a; az | emlékeztető; emlék | -nak; -nek; valaminek a | te; ön | csak | csinálni; készíteni; elkövetni | engem; nekem | mosolyogni; mosoly,now | the | reminder | of | you | only | make | me | smile,"Most már minden, ami rád emlékeztet, csak mosolyt csal az arcomra.",Now the reminders of you only make me smile.
szeretni; szerelem | Kenna,love | kenna,Szeretettel: Kenna.,"Love, Kenna."
jönni | itt; tessék,come | here,Gyere ide.,Come here.
hűha,whoa,Hűha!,Whoa!
minden | rendben; helyes | ki | akarni | hó | tölcsér,all | right | who | want | snow | cone,"Rendben, ki kér jégkását?","All right, who wants snow cones?"
FofanaLemonana,fofanalemonana,FofanaLemonana!,FofanaLemonana!
én | gondolni | mi | kell; szüksége van | zene,i | think | we | need | music,Szerintem kellene egy kis zene.,I think we need music.
igen,yes,Igen!,Yes!
én | tartani; figyelni | gondolni | vissza | rajta; -on; -en; -ön | minden | én | elhagyni; békén hagyni | mögött; hátra,i | keep | think | back | on | all | i | leave | behind,"Folyton visszagondolok mindarra, amit magam mögött hagytam.",I keep thinking back on all I left behind
én | tartani; figyelni | nézni | be; bent; -ban; -ben | a; az | vissza | ülés | mint; ahogy | én | vezetni,i | keep | look | in | the | back | seat | as | i | drive,Vezetés közben folyton a hátsó ülésre nézek,I keep looking in the back seat as I drive
mert | remélni; remény | lenni | egy | út | te; ön | tud/képes | vinni; elvenni,because | hope | be | a | road | you | can | take,"Mert a remény egy út, amelyre ráléphetsz.",'Cause hope is a road you can take
mikor; amikor | a; az | régi; idős | egy | véget vetni; vég,when | the | old | one | end,Amikor véget ér a régi út,When the old one ends
gondolni; komolyan mondani | te; ön | tud/képes | kezdeni | újra,mean | you | can | start | again,"Az azt jelenti, hogy újrakezdheted",Means you can start again
kezdeni | újra,start | again,Kezdd újra,Start again
és | szeretni; szerelem | lenni | a; az | fény; könnyű | jönni | félre | a; az | domb,and | love | be | the | light | come | over | the | hill,És a szeretet a domb fölött felragyogó fény,And love is the light coming over the hill
mikor; amikor | én | nézni | be; bent; -ban; -ben | őt; neki; az ő | szem | igen | ez van; ez az | te; ön | én | érezni,when | i | look | in | her | eye | yeah | it's | you | i | feel,"Amikor a szemébe nézek, igen, téged érzek","When I look in her eyes, yeah, it's you I feel"
ha | van | egy | hegy | -hoz; -hez; felé | megmászni | vagy | egy | élet | -hoz; -hez; felé | újjáépíteni,if | there's | a | mountain | to | climb | or | a | life | to | rebuild,"Ha meg kell mászni egy hegyet, vagy újjá kell építeni egy életet.",If there's a mountain to climb or a life to rebuild
ó | neki; számára | te; ön | az én | szeretni; szerelem,oh | for | you | my | love,"Ó, érted, szerelmem","Oh, for you, my love"
te; ön | tudni; ismerni | én | fog,you | know | i | will,"Tudod, hogy megteszem",You know I will
ez van; ez az | nehéz; kemény | -hoz; -hez; felé | gondolni | te; ön | tudna; lehetne | valaha | lenni | elég,it's | hard | to | think | you | could | ever | be | enough,"Nehéz elhinni, hogy valaha is elég lehetnél",It's hard to think you could ever be enough
után | engedni | le; lent | minden | a; az | ember | az; hogy | te; ön | szeretni; szerelem,after | let | down | all | the | person | that | you | love,"Miután csalódást okoztál mindazoknak, akiket szeretsz.",After letting down all the people that you love
de | remélni; remény | lenni | egy | csónak | mikor; amikor | te vagy; ön van | elveszíteni | -nál; -nél | tenger,but | hope | be | a | boat | when | you're | lose | at | sea,"De a remény egy csónak, ha eltévedsz a tengeren.",But hope is a boat when you're lost at sea
mikor; amikor | a; az | vihar | engedni | menni,when | the | storm | let | go,Amikor elvonul a vihar,When the storm lets go
ez majd; ez fog | minden | jönni | vissza | -hoz; -hez; felé | engem; nekem,it'll | all | come | back | to | me,Minden visszatér hozzám,It'll all come back to me
igen | jönni | rajta; -on; -en; -ön | vissza | -hoz; -hez; felé | engem; nekem,yeah | come | on | back | to | me,"Igen, térj vissza hozzám","Yeah, come on back to me"
és | szeretni; szerelem | lenni | a; az | fény; könnyű | jönni | félre | a; az | domb,and | love | be | the | light | come | over | the | hill,És a szeretet a domb fölött felragyogó fény,And love is the light coming over the hill
mikor; amikor | én | nézni | be; bent; -ban; -ben | őt; neki; az ő | szem | igen | ez van; ez az | te; ön | én | érezni,when | i | look | in | her | eye | yeah | it's | you | i | feel,"Amikor a szemébe nézek, igen, téged érzek","When I look in her eyes, yeah, it's you I feel"
ha | van | egy | hegy | -hoz; -hez; felé | megmászni | vagy | egy | élet | -hoz; -hez; felé | újjáépíteni,if | there's | a | mountain | to | climb | or | a | life | to | rebuild,"Ha meg kell mászni egy hegyet, vagy újjá kell építeni egy életet.",If there's a mountain to climb or a life to rebuild
ó | neki; számára | te; ön | az én | szeretni; szerelem,oh | for | you | my | love,"Ó, érted, szerelmem","Oh, for you, my love"
te; ön | tudni; ismerni | én | fog,you | know | i | will,"Tudod, hogy megteszem",You know I will
ó | szeretni; szerelem | lenni | a; az | fény; könnyű | jönni | félre | a; az | domb,oh | love | be | the | light | come | over | the | hill,"Ó, a szeretet a domb fölött felragyogó fény","Oh, love is the light coming over the hill"
és | ha | van | egy | út; mód | akkor; aztán | te; ön | tudni; ismerni | az; hogy | én | fog,and | if | there's | a | way | then | you | know | that | i | will,"És ha van rá mód, tudod, hogy megteszem","And if there's a way, then you know that I will"
mikor; amikor | én | nézni | be; bent; -ban; -ben | őt; neki; az ő | szem | én | tud/képes | érezni | te; ön | még; mozdulatlan,when | i | look | in | her | eye | i | can | feel | you | still,"Amikor a szemébe nézek, még mindig érzem, hogy velem vagy","When I look in her eyes, I can feel you still"
ó | szeretni; szerelem | lenni | a; az | fény; könnyű | jönni | félre | a; az | domb,oh | love | be | the | light | come | over | the | hill,"Ó, a szeretet a domb fölött felragyogó fény","Oh, love is the light coming over the hill"
ó | szeretni; szerelem | lenni | egy | fény; könnyű | jönni | félre | a; az | domb,oh | love | be | a | light | come | over | the | hill,"Ó, a szerelem fény, amely felragyog a domb mögül.","Oh, love is a light coming over the hill."
én | talán; lehetett volna | tölteni; költeni | hat | hónap | feküdni; hazudni | rajta; -on; -en; -ön | az én | nappali; élő | szoba; terem | padló,i | might've | spend | six | month | lie | on | my | living | room | floor,Talán hat hónapot töltöttem a nappalim padlóján fekve.,I might've spent six months lying on my living room floor
én | talán; lehetett volna | lenni | beteg; elege van | akkor; aztán | nos; jól,i | might've | be | sick | then | well,"Talán beteg voltam, aztán jobban lettem.",I might've been sick then well
akkor; aztán | beteg; elege van | néhány; valamennyi | több,then | sick | some | more,Aztán megint beteg voltam,Then sick some more
én | talán; esetleg | lenni | büszke | -nak; -nek; valaminek a | engem; nekem,i | might | be | proud | of | me,Talán büszkébb vagyok magamra,I might be prouder of me
mint | én | valaha | van neki; birtokolni; kell | lenni,than | i | ever | have | be,Mint valaha,Than I ever have been
nekem van; én már | lenni | tanulni | -ról; -ről; körülbelül | engedni | menni,i've | be | learn | about | let | go,"Tanulom, hogyan engedjem el a dolgokat",I've been learning 'bout letting go
hogyan | -hoz; -hez; felé | csinálni | ez; az | nélkül | az én | karom | megkarcolni | a; az | felület,how | to | do | it | without | my | claw | scratch | the | surface,"Hogyan engedjem el anélkül, hogy a karmaim végigkarcolnák a felületeket.",How to do it without my claws scratching the surfaces
nekem van; én már | lenni | tanulni | -ról; -ről; körülbelül | elvesztegetni; hulladék | idő,i've | be | learn | about | waste | time,"Tanulom, hogyan kell időt pazarolni.",I've been learning 'bout wasting time
és | közel; közeli | néhány; valamennyi | ajtó,and | close | some | door,És hogyan zárjak be néhány ajtót,And closing some doors
remélni; remény | -hoz; -hez; felé | kinyitni; nyitott | több | le; lent | a; az | vonal; sor,hope | to | open | more | down | the | line,"Abban reménykedve, hogy később több is kinyílik",Hoping to open more down the line
ez van; ez az | rendben | ez van; ez az | rendben,it's | okay | it's | okay,"Semmi baj, semmi baj","It's okay, it's okay"
csinálni; készíteni; elkövetni | hiba | csinálni; készíteni; elkövetni | hiba,make | mistake | make | mistake,"Hibázz, hibázz","Make mistakes, make mistakes"
ez van; ez az | rendben | ez van; ez az | rendben,it's | okay | it's | okay,"Semmi baj, semmi baj","It's okay, it's okay"
csinálni; készíteni; elkövetni | hiba | csinálni; készíteni; elkövetni | hiba,make | mistake | make | mistake,"Hibázz, hibázz","Make mistakes, make mistakes"
ez van; ez az | rendben | ez van; ez az | rendben,it's | okay | it's | okay,"Semmi baj, semmi baj","It's okay, it's okay"
csinálni; készíteni; elkövetni | hiba | csinálni; készíteni; elkövetni | hiba,make | mistake | make | mistake,"Hibázz, hibázz","Make mistakes, make mistakes"
ez van; ez az | rendben | ez van; ez az | rendben,it's | okay | it's | okay,"Semmi baj, semmi baj","It's okay, it's okay"
csinálni; készíteni; elkövetni | hiba | csinálni; készíteni; elkövetni | hiba,make | mistake | make | mistake,"Hibázz, hibázz","Make mistakes, make mistakes"
ez van; ez az | rendben | ez van; ez az | rendben,it's | okay | it's | okay,"Semmi baj, semmi baj","It's okay, it's okay"
csinálni; készíteni; elkövetni | hiba | csinálni; készíteni; elkövetni | hiba,make | mistake | make | mistake,"Hibázz, hibázz","Make mistakes, make mistakes"
ez van; ez az | rendben | ez van; ez az | rendben,it's | okay | it's | okay,"Semmi baj, semmi baj","It's okay, it's okay"
csinálni; készíteni; elkövetni | hiba | csinálni; készíteni; elkövetni | hiba,make | mistake | make | mistake,"Hibázz, hibázz","Make mistakes, make mistakes"
ez van; ez az | rendben | ez van; ez az | rendben,it's | okay | it's | okay,"Semmi baj, semmi baj","It's okay, it's okay"
csinálni; készíteni; elkövetni | hiba,make | mistake,Hibázz,Make mistakes
csinálni; készíteni; elkövetni | hiba | csinálni; készíteni; elkövetni | hiba,make | mistake | make | mistake,"Hibázz, hibázz","Make mistakes, make mistakes"
csinálni; készíteni; elkövetni | hiba,make | mistake,Hibázz.,Make mistakes.
